date,product_id,product_name,category,price,base_price,cost_price,competitor_price,discount_percent,stock_level,rating,review_count,ad_spend_usd,holiday_effect,customer_segment,season,month,day_of_week,day_of_week_name,day_of_month,is_weekend,historical_demand_7d,historical_demand_30d,demand_units,revenue,profit
2025-01-01,APP_001,Premium Merino Wool Sweater,Apparel & Fashion,78.04,79.99,28.0,82.6,0.0,354,4.22,383,116.35,0.0,Budget,Winter,1,2,Wednesday,1,0,55.0,55.0,80,6243.2,4003.2
2025-01-01,APP_002,Breathable Performance Running Shoes,Apparel & Fashion,120.06,119.99,42.0,108.42,0.0,560,4.55,518,164.48,0.0,Standard,Winter,1,2,Wednesday,1,0,75.0,75.0,89,10685.34,6947.34
2025-01-01,APP_003,Classic Waterproof Trench Coat,Apparel & Fashion,145.14,149.99,55.0,160.8,0.0,420,4.69,374,82.69,0.0,Premium,Winter,1,2,Wednesday,1,0,25.0,25.0,35,5079.9,3154.9
2025-01-01,ELEC_001,Pro Wireless Noise-Cancelling Headphones,Electronics,201.93,199.99,85.0,194.49,0.0,341,4.4,525,146.22,0.0,Budget,Winter,1,2,Wednesday,1,0,45.0,45.0,61,12317.73,7132.73
2025-01-01,ELEC_002,Ultra HD 4K Smart TV 55-inch,Electronics,569.85,549.99,280.0,480.77,0.0,593,4.42,432,150.26,0.0,Premium,Winter,1,2,Wednesday,1,0,20.0,20.0,21,11966.85,6086.85
2025-01-01,ELEC_003,Smart Fitness Watch Gen-4,Electronics,131.28,129.99,50.0,127.68,0.0,511,4.06,435,154.11,0.0,Budget,Winter,1,2,Wednesday,1,0,60.0,60.0,87,11421.36,7071.36
2025-01-01,ELEC_004,Ergonomic Mechanical Keyboard,Electronics,91.01,89.99,35.0,92.08,0.0,656,4.32,408,139.92,0.0,Budget,Winter,1,2,Wednesday,1,0,40.0,40.0,59,5369.59,3304.59
2025-01-01,HOME_001,Espresso Machine & Milk Frother,Home & Living,152.0,159.99,65.0,165.26,0.0,625,4.6,544,193.02,0.0,Premium,Winter,1,2,Wednesday,1,0,30.0,30.0,43,6536.0,3741.0
2025-01-01,HOME_002,Cordless Handheld Vacuum Cleaner,Home & Living,96.27,99.99,40.0,97.56,0.0,313,4.35,480,219.29,0.0,Budget,Winter,1,2,Wednesday,1,0,45.0,45.0,70,6738.9,3938.9
2025-01-01,HOSP_001,Deluxe City Center King Room (Per Night),Hospitality & Stays,167.52,175.0,45.0,177.44,0.0,733,4.43,656,143.45,0.0,Standard,Winter,1,2,Wednesday,1,0,85.0,85.0,136,22782.72,16662.72
2025-01-01,HOSP_002,Executive Skyline Suite (Per Night),Hospitality & Stays,260.03,350.0,90.0,361.98,25.0,594,4.22,436,219.0,0.0,Budget,Winter,1,2,Wednesday,1,0,15.0,15.0,44,11441.32,7481.32
2025-01-01,RIDE_001,Standard Urban Commute Ride (10 km),Rideshare & Mobility,18.7,24.5,8.0,25.09,25.0,513,4.8,549,140.82,0.0,Premium,Winter,1,2,Wednesday,1,0,250.0,250.0,378,7068.6,4044.6
2025-01-01,RIDE_002,Premium Black Airport Transfer,Rideshare & Mobility,68.16,65.0,22.0,61.93,0.0,672,4.3,561,206.4,0.0,Budget,Winter,1,2,Wednesday,1,0,70.0,70.0,98,6679.68,4523.68
2025-01-02,APP_001,Premium Merino Wool Sweater,Apparel & Fashion,77.72,79.99,28.0,76.07,0.0,280,4.23,534,190.14,0.0,Standard,Winter,1,3,Thursday,2,0,55.0,55.0,74,5751.28,3679.28
2025-01-02,APP_002,Breathable Performance Running Shoes,Apparel & Fashion,114.27,119.99,42.0,124.5,0.0,448,4.87,407,173.94,0.0,Premium,Winter,1,3,Thursday,2,0,75.0,75.0,112,12798.24,8094.24
2025-01-02,APP_003,Classic Waterproof Trench Coat,Apparel & Fashion,147.31,149.99,55.0,153.32,0.0,381,4.01,384,187.15,0.0,Standard,Winter,1,3,Thursday,2,0,25.0,25.0,39,5745.09,3600.09
2025-01-02,ELEC_001,Pro Wireless Noise-Cancelling Headphones,Electronics,167.01,199.99,85.0,203.92,20.0,248,4.0,455,150.89,0.0,Standard,Winter,1,3,Thursday,2,0,45.0,45.0,93,15531.93,7626.93
2025-01-02,ELEC_002,Ultra HD 4K Smart TV 55-inch,Electronics,528.54,549.99,280.0,537.96,0.0,561,4.83,554,129.22,0.0,Standard,Winter,1,3,Thursday,2,0,20.0,20.0,32,16913.28,7953.28
2025-01-02,ELEC_003,Smart Fitness Watch Gen-4,Electronics,135.31,129.99,50.0,137.09,0.0,431,4.57,428,74.29,0.0,Standard,Winter,1,3,Thursday,2,0,60.0,60.0,80,10824.8,6824.8
2025-01-02,ELEC_004,Ergonomic Mechanical Keyboard,Electronics,92.15,89.99,35.0,86.77,0.0,619,4.87,549,200.63,0.0,Enterprise,Winter,1,3,Thursday,2,0,40.0,40.0,37,3409.55,2114.55
2025-01-02,HOME_001,Espresso Machine & Milk Frother,Home & Living,164.84,159.99,65.0,144.43,0.0,592,4.58,593,169.01,0.0,Standard,Winter,1,3,Thursday,2,0,30.0,30.0,33,5439.72,3294.72
2025-01-02,HOME_002,Cordless Handheld Vacuum Cleaner,Home & Living,103.49,99.99,40.0,97.8,0.0,263,4.17,527,174.27,0.0,Premium,Winter,1,3,Thursday,2,0,45.0,45.0,50,5174.5,3174.5
2025-01-02,HOSP_001,Deluxe City Center King Room (Per Night),Hospitality & Stays,149.8,175.0,45.0,173.93,15.0,538,4.53,466,172.21,0.0,Standard,Winter,1,3,Thursday,2,0,85.0,85.0,195,29211.0,20436.0
2025-01-02,HOSP_002,Executive Skyline Suite (Per Night),Hospitality & Stays,354.66,350.0,90.0,330.79,0.0,571,4.25,566,96.76,0.0,Budget,Winter,1,3,Thursday,2,0,15.0,15.0,23,8157.18,6087.18
2025-01-02,RIDE_001,Standard Urban Commute Ride (10 km),Rideshare & Mobility,21.26,24.5,8.0,23.54,15.0,82,4.54,489,194.78,0.0,Premium,Winter,1,3,Thursday,2,0,250.0,250.0,431,9163.06,5715.06
2025-01-02,RIDE_002,Premium Black Airport Transfer,Rideshare & Mobility,54.98,65.0,22.0,66.73,15.0,555,4.48,515,128.22,0.0,Premium,Winter,1,3,Thursday,2,0,70.0,70.0,117,6432.66,3858.66
2025-01-03,APP_001,Premium Merino Wool Sweater,Apparel & Fashion,82.04,79.99,28.0,82.09,0.0,200,4.05,533,100.2,0.0,Budget,Winter,1,4,Friday,3,0,55.0,55.0,80,6563.2,4323.2
2025-01-03,APP_002,Breathable Performance Running Shoes,Apparel & Fashion,124.77,119.99,42.0,128.48,0.0,356,4.16,472,167.69,0.0,Budget,Winter,1,4,Friday,3,0,75.0,75.0,92,11478.84,7614.84
2025-01-03,APP_003,Classic Waterproof Trench Coat,Apparel & Fashion,142.07,149.99,55.0,163.98,5.0,336,4.81,532,79.64,0.0,Standard,Winter,1,4,Friday,3,0,25.0,25.0,45,6393.15,3918.15
2025-01-03,ELEC_001,Pro Wireless Noise-Cancelling Headphones,Electronics,197.64,199.99,85.0,197.48,0.0,182,4.88,495,195.37,0.0,Standard,Winter,1,4,Friday,3,0,45.0,45.0,66,13044.24,7434.24
2025-01-03,ELEC_002,Ultra HD 4K Smart TV 55-inch,Electronics,545.25,549.99,280.0,594.22,0.0,533,4.18,521,153.72,0.0,Standard,Winter,1,4,Friday,3,0,20.0,20.0,28,15267.0,7427.0
2025-01-03,ELEC_003,Smart Fitness Watch Gen-4,Electronics,130.03,129.99,50.0,131.98,0.0,356,4.07,441,88.74,0.0,Premium,Winter,1,4,Friday,3,0,60.0,60.0,75,9752.25,6002.25
2025-01-03,ELEC_004,Ergonomic Mechanical Keyboard,Electronics,81.24,89.99,35.0,88.51,10.0,556,4.18,526,188.34,0.0,Standard,Winter,1,4,Friday,3,0,40.0,40.0,63,5118.12,2913.12
2025-01-03,HOME_001,Espresso Machine & Milk Frother,Home & Living,165.41,159.99,65.0,158.7,0.0,562,4.09,474,205.79,0.0,Premium,Winter,1,4,Friday,3,0,30.0,30.0,30,4962.3,3012.3
2025-01-03,HOME_002,Cordless Handheld Vacuum Cleaner,Home & Living,102.89,99.99,40.0,92.06,0.0,204,4.02,506,183.81,0.0,Budget,Winter,1,4,Friday,3,0,45.0,45.0,59,6070.51,3710.51
2025-01-03,HOSP_001,Deluxe City Center King Room (Per Night),Hospitality & Stays,169.08,175.0,45.0,174.13,0.0,395,4.36,546,90.55,0.0,Budget,Winter,1,4,Friday,3,0,85.0,85.0,143,24178.44,17743.44
2025-01-03,HOSP_002,Executive Skyline Suite (Per Night),Hospitality & Stays,341.08,350.0,90.0,333.33,0.0,546,4.61,438,138.94,0.0,Budget,Winter,1,4,Friday,3,0,15.0,15.0,25,8527.0,6277.0
2025-01-03,RIDE_001,Standard Urban Commute Ride (10 km),Rideshare & Mobility,24.11,24.5,8.0,24.05,0.0,718,4.64,530,130.83,0.0,Premium,Winter,1,4,Friday,3,0,250.0,250.0,82,1977.02,1321.02
2025-01-03,RIDE_002,Premium Black Airport Transfer,Rideshare & Mobility,67.43,65.0,22.0,71.96,0.0,433,4.35,512,126.08,0.0,Standard,Winter,1,4,Friday,3,0,70.0,70.0,122,8226.46,5542.46
2025-01-04,APP_001,Premium Merino Wool Sweater,Apparel & Fashion,65.9,79.99,28.0,84.36,20.0,511,4.11,520,89.58,0.0,Budget,Winter,1,5,Saturday,4,1,55.0,55.0,130,8567.0,4927.0
2025-01-04,APP_002,Breathable Performance Running Shoes,Apparel & Fashion,120.27,119.99,42.0,118.35,0.0,267,4.33,369,128.51,0.0,Standard,Winter,1,5,Saturday,4,1,75.0,75.0,89,10704.03,6966.03
2025-01-04,APP_003,Classic Waterproof Trench Coat,Apparel & Fashion,156.16,149.99,55.0,140.6,0.0,300,4.76,507,78.39,0.0,Budget,Winter,1,5,Saturday,4,1,25.0,25.0,36,5621.76,3641.76
2025-01-04,ELEC_001,Pro Wireless Noise-Cancelling Headphones,Electronics,201.26,199.99,85.0,197.06,0.0,127,4.35,504,181.17,0.0,Standard,Winter,1,5,Saturday,4,1,45.0,45.0,55,11069.3,6394.3
2025-01-04,ELEC_002,Ultra HD 4K Smart TV 55-inch,Electronics,560.2,549.99,280.0,545.06,0.0,510,4.82,442,167.55,0.0,Premium,Winter,1,5,Saturday,4,1,20.0,20.0,23,12884.6,6444.6
2025-01-04,ELEC_003,Smart Fitness Watch Gen-4,Electronics,114.25,129.99,50.0,121.32,10.0,257,4.69,491,124.63,0.0,Standard,Winter,1,5,Saturday,4,1,60.0,60.0,99,11310.75,6360.75
2025-01-04,ELEC_004,Ergonomic Mechanical Keyboard,Electronics,92.41,89.99,35.0,94.54,0.0,490,4.14,430,174.54,0.0,Budget,Winter,1,5,Saturday,4,1,40.0,40.0,66,6099.06,3789.06
2025-01-04,HOME_001,Espresso Machine & Milk Frother,Home & Living,155.24,159.99,65.0,168.39,0.0,513,4.29,424,205.51,0.0,Standard,Winter,1,5,Saturday,4,1,30.0,30.0,49,7606.76,4421.76
2025-01-04,HOME_002,Cordless Handheld Vacuum Cleaner,Home & Living,98.66,99.99,40.0,107.77,5.0,125,4.78,536,149.05,0.0,Budget,Winter,1,5,Saturday,4,1,45.0,45.0,79,7794.14,4634.14
2025-01-04,HOSP_001,Deluxe City Center King Room (Per Night),Hospitality & Stays,195.79,175.0,45.0,187.66,0.0,258,4.84,531,151.39,0.0,Budget,Winter,1,5,Saturday,4,1,85.0,85.0,137,26823.23,20658.23
2025-01-04,HOSP_002,Executive Skyline Suite (Per Night),Hospitality & Stays,394.27,350.0,90.0,355.27,0.0,524,4.27,482,118.93,0.0,Budget,Winter,1,5,Saturday,4,1,15.0,15.0,22,8673.94,6693.94
2025-01-04,RIDE_001,Standard Urban Commute Ride (10 km),Rideshare & Mobility,25.2,24.5,8.0,25.96,0.0,342,4.72,525,131.7,0.0,Premium,Winter,1,5,Saturday,4,1,250.0,250.0,376,9475.2,6467.2
2025-01-04,RIDE_002,Premium Black Airport Transfer,Rideshare & Mobility,56.02,65.0,22.0,64.08,10.0,286,4.68,474,118.33,0.0,Premium,Winter,1,5,Saturday,4,1,70.0,70.0,147,8234.94,5000.94
2025-01-05,APP_001,Premium Merino Wool Sweater,Apparel & Fashion,79.38,79.99,28.0,81.81,0.0,426,4.76,495,187.95,0.0,Budget,Winter,1,6,Sunday,5,1,55.0,55.0,85,6747.3,4367.3
2025-01-05,APP_002,Breathable Performance Running Shoes,Apparel & Fashion,118.55,119.99,42.0,116.79,0.0,155,4.32,525,201.4,0.0,Budget,Winter,1,6,Sunday,5,1,75.0,75.0,112,13277.6,8573.6
2025-01-05,APP_003,Classic Waterproof Trench Coat,Apparel & Fashion,146.02,149.99,55.0,162.25,0.0,251,4.84,498,168.87,0.0,Budget,Winter,1,6,Sunday,5,1,25.0,25.0,49,7154.98,4459.98
2025-01-05,ELEC_001,Pro Wireless Noise-Cancelling Headphones,Electronics,193.64,199.99,85.0,196.31,0.0,652,4.68,526,94.88,0.0,Standard,Winter,1,6,Sunday,5,1,45.0,45.0,65,12586.6,7061.6
2025-01-05,ELEC_002,Ultra HD 4K Smart TV 55-inch,Electronics,526.81,549.99,280.0,582.55,0.0,479,4.67,522,157.77,0.0,Standard,Winter,1,6,Sunday,5,1,20.0,20.0,31,16331.11,7651.11
2025-01-05,ELEC_003,Smart Fitness Watch Gen-4,Electronics,118.86,129.99,50.0,126.28,10.0,172,4.46,449,200.38,0.0,Premium,Winter,1,6,Sunday,5,1,60.0,60.0,85,10103.1,5853.1
2025-01-05,ELEC_004,Ergonomic Mechanical Keyboard,Electronics,89.52,89.99,35.0,87.5,0.0,432,4.31,573,192.65,0.0,Budget,Winter,1,6,Sunday,5,1,40.0,40.0,58,5192.16,3162.16
2025-01-05,HOME_001,Espresso Machine & Milk Frother,Home & Living,159.8,159.99,65.0,164.23,0.0,468,4.41,562,128.39,0.0,Budget,Winter,1,6,Sunday,5,1,30.0,30.0,45,7191.0,4266.0
2025-01-05,HOME_002,Cordless Handheld Vacuum Cleaner,Home & Living,97.55,99.99,40.0,96.76,0.0,644,4.86,535,124.18,0.0,Budget,Winter,1,6,Sunday,5,1,45.0,45.0,76,7413.8,4373.8
2025-01-05,HOSP_001,Deluxe City Center King Room (Per Night),Hospitality & Stays,205.5,175.0,45.0,176.48,0.0,172,4.47,519,124.43,0.0,Standard,Winter,1,6,Sunday,5,1,85.0,85.0,86,17673.0,13803.0
2025-01-05,HOSP_002,Executive Skyline Suite (Per Night),Hospitality & Stays,349.06,350.0,90.0,377.06,10.0,496,4.44,564,173.46,0.0,Standard,Winter,1,6,Sunday,5,1,15.0,15.0,28,9773.68,7253.68
2025-01-05,RIDE_001,Standard Urban Commute Ride (10 km),Rideshare & Mobility,25.6,24.5,8.0,22.91,0.0,497,4.52,555,130.67,0.0,Standard,Winter,1,6,Sunday,5,1,250.0,250.0,342,8755.2,6019.2
2025-01-05,RIDE_002,Premium Black Airport Transfer,Rideshare & Mobility,64.61,65.0,22.0,62.5,0.0,171,4.26,560,130.82,0.0,Budget,Winter,1,6,Sunday,5,1,70.0,70.0,115,7430.15,4900.15
2025-01-06,APP_001,Premium Merino Wool Sweater,Apparel & Fashion,83.53,79.99,28.0,78.57,0.0,357,4.19,564,152.37,0.0,Budget,Winter,1,0,Monday,6,0,55.0,55.0,69,5763.57,3831.57
2025-01-06,APP_002,Breathable Performance Running Shoes,Apparel & Fashion,122.61,119.99,42.0,134.16,0.0,454,4.49,511,203.72,0.0,Budget,Winter,1,0,Monday,6,0,75.0,75.0,116,14222.76,9350.76
2025-01-06,APP_003,Classic Waterproof Trench Coat,Apparel & Fashion,157.38,149.99,55.0,143.27,0.0,227,4.33,523,221.46,0.0,Premium,Winter,1,0,Monday,6,0,25.0,25.0,24,3777.12,2457.12
2025-01-06,ELEC_001,Pro Wireless Noise-Cancelling Headphones,Electronics,208.52,199.99,85.0,198.23,0.0,603,4.65,570,179.83,0.0,Standard,Winter,1,0,Monday,6,0,45.0,45.0,49,10217.48,6052.48
2025-01-06,ELEC_002,Ultra HD 4K Smart TV 55-inch,Electronics,560.48,549.99,280.0,555.67,0.0,452,4.54,546,167.67,0.0,Standard,Winter,1,0,Monday,6,0,20.0,20.0,27,15132.96,7572.96
2025-01-06,ELEC_003,Smart Fitness Watch Gen-4,Electronics,114.89,129.99,50.0,123.47,10.0,684,4.38,507,122.56,0.0,Budget,Winter,1,0,Monday,6,0,60.0,60.0,110,12637.9,7137.9
2025-01-06,ELEC_004,Ergonomic Mechanical Keyboard,Electronics,75.57,89.99,35.0,90.23,20.0,372,4.44,533,152.16,0.0,Premium,Winter,1,0,Monday,6,0,40.0,40.0,60,4534.2,2434.2
2025-01-06,HOME_001,Espresso Machine & Milk Frother,Home & Living,157.6,159.99,65.0,149.95,0.0,427,4.43,537,177.87,0.0,Standard,Winter,1,0,Monday,6,0,30.0,30.0,41,6461.6,3796.6
2025-01-06,HOME_002,Cordless Handheld Vacuum Cleaner,Home & Living,95.23,99.99,40.0,102.28,0.0,576,4.35,526,61.19,0.0,Standard,Winter,1,0,Monday,6,0,45.0,45.0,68,6475.64,3755.64
2025-01-06,HOSP_001,Deluxe City Center King Room (Per Night),Hospitality & Stays,181.35,175.0,45.0,176.31,0.0,739,4.47,543,200.75,0.0,Standard,Winter,1,0,Monday,6,0,85.0,85.0,97,17590.95,13225.95
2025-01-06,HOSP_002,Executive Skyline Suite (Per Night),Hospitality & Stays,337.54,350.0,90.0,351.33,0.0,477,4.31,497,107.54,0.0,Premium,Winter,1,0,Monday,6,0,15.0,15.0,19,6413.26,4703.26
2025-01-06,RIDE_001,Standard Urban Commute Ride (10 km),Rideshare & Mobility,24.25,24.5,8.0,25.94,0.0,784,4.35,556,212.91,0.0,Standard,Winter,1,0,Monday,6,0,250.0,250.0,459,11130.75,7458.75
2025-01-06,RIDE_002,Premium Black Airport Transfer,Rideshare & Mobility,62.29,65.0,22.0,60.55,0.0,86,4.53,485,215.78,0.0,Enterprise,Winter,1,0,Monday,6,0,70.0,70.0,85,5294.65,3424.65
2025-01-07,APP_001,Premium Merino Wool Sweater,Apparel & Fashion,79.44,79.99,28.0,91.12,0.0,269,4.1,551,160.42,0.0,Budget,Winter,1,1,Tuesday,7,0,86.57,55.0,88,6990.72,4526.72
2025-01-07,APP_002,Breathable Performance Running Shoes,Apparel & Fashion,114.43,119.99,42.0,121.59,0.0,343,4.73,443,136.97,0.0,Standard,Winter,1,1,Tuesday,7,0,103.0,75.0,111,12701.73,8039.73
2025-01-07,APP_003,Classic Waterproof Trench Coat,Apparel & Fashion,144.49,149.99,55.0,153.87,0.0,192,4.45,478,122.87,0.0,Premium,Winter,1,1,Tuesday,7,0,37.57,25.0,35,5057.15,3132.15
2025-01-07,ELEC_001,Pro Wireless Noise-Cancelling Headphones,Electronics,209.29,199.99,85.0,202.62,0.0,546,4.55,594,111.88,0.0,Budget,Winter,1,1,Tuesday,7,0,63.71,45.0,57,11929.53,7084.53
2025-01-07,ELEC_002,Ultra HD 4K Smart TV 55-inch,Electronics,529.38,549.99,280.0,583.34,0.0,423,4.18,486,177.53,0.0,Standard,Winter,1,1,Tuesday,7,0,27.29,20.0,29,15352.02,7232.02
2025-01-07,ELEC_003,Smart Fitness Watch Gen-4,Electronics,127.05,129.99,50.0,134.98,0.0,585,4.72,550,181.6,0.0,Budget,Winter,1,1,Tuesday,7,0,90.71,60.0,99,12577.95,7627.95
2025-01-07,ELEC_004,Ergonomic Mechanical Keyboard,Electronics,87.78,89.99,35.0,93.06,0.0,304,4.78,544,147.17,0.0,Budget,Winter,1,1,Tuesday,7,0,58.71,40.0,68,5969.04,3589.04
2025-01-07,HOME_001,Espresso Machine & Milk Frother,Home & Living,142.23,159.99,65.0,158.2,15.0,377,4.63,478,232.16,0.0,Standard,Winter,1,1,Tuesday,7,0,41.57,30.0,50,7111.5,3861.5
2025-01-07,HOME_002,Cordless Handheld Vacuum Cleaner,Home & Living,89.25,99.99,40.0,100.69,10.0,478,4.37,477,165.27,0.0,Budget,Winter,1,1,Tuesday,7,0,71.43,45.0,98,8746.5,4826.5
2025-01-07,HOSP_001,Deluxe City Center King Room (Per Night),Hospitality & Stays,172.44,175.0,45.0,183.61,0.0,604,4.14,466,203.59,0.0,Standard,Winter,1,1,Tuesday,7,0,132.71,85.0,135,23279.4,17204.4
2025-01-07,HOSP_002,Executive Skyline Suite (Per Night),Hospitality & Stays,346.63,350.0,90.0,351.31,0.0,460,4.26,460,125.04,0.0,Premium,Winter,1,1,Tuesday,7,0,25.43,15.0,17,5892.71,4362.71
2025-01-07,RIDE_001,Standard Urban Commute Ride (10 km),Rideshare & Mobility,23.52,24.5,8.0,25.99,0.0,404,4.14,476,106.48,0.0,Budget,Winter,1,1,Tuesday,7,0,349.71,250.0,380,8937.6,5897.6
2025-01-07,RIDE_002,Premium Black Airport Transfer,Rideshare & Mobility,63.29,65.0,22.0,63.84,0.0,573,4.03,482,143.51,0.0,Standard,Winter,1,1,Tuesday,7,0,110.0,70.0,86,5442.94,3550.94
2025-01-08,APP_001,Premium Merino Wool Sweater,Apparel & Fashion,61.19,79.99,28.0,79.81,25.0,102,4.41,523,103.36,0.0,Budget,Winter,1,2,Wednesday,8,0,99.0,55.0,167,10218.73,5542.73
2025-01-08,APP_002,Breathable Performance Running Shoes,Apparel & Fashion,117.53,119.99,42.0,129.96,0.0,239,4.05,489,122.9,0.0,Premium,Winter,1,2,Wednesday,8,0,105.14,75.0,104,12223.12,7855.12
2025-01-08,APP_003,Classic Waterproof Trench Coat,Apparel & Fashion,154.23,149.99,55.0,138.41,0.0,163,4.84,562,207.75,0.0,Standard,Winter,1,2,Wednesday,8,0,36.71,25.0,29,4472.67,2877.67
2025-01-08,ELEC_001,Pro Wireless Noise-Cancelling Headphones,Electronics,195.86,199.99,85.0,199.55,0.0,496,4.01,500,175.45,0.0,Premium,Winter,1,2,Wednesday,8,0,62.14,45.0,50,9793.0,5543.0
2025-01-08,ELEC_002,Ultra HD 4K Smart TV 55-inch,Electronics,529.53,549.99,280.0,566.0,0.0,396,4.31,521,69.39,0.0,Standard,Winter,1,2,Wednesday,8,0,28.14,20.0,27,14297.31,6737.31
2025-01-08,ELEC_003,Smart Fitness Watch Gen-4,Electronics,132.23,129.99,50.0,121.96,0.0,519,4.48,590,142.96,0.0,Premium,Winter,1,2,Wednesday,8,0,87.71,60.0,66,8727.18,5427.18
2025-01-08,ELEC_004,Ergonomic Mechanical Keyboard,Electronics,85.95,89.99,35.0,99.43,0.0,236,4.67,543,238.26,0.0,Standard,Winter,1,2,Wednesday,8,0,60.0,40.0,68,5844.6,3464.6
2025-01-08,HOME_001,Espresso Machine & Milk Frother,Home & Living,149.52,159.99,65.0,160.21,5.0,318,4.69,475,179.29,0.0,Budget,Winter,1,2,Wednesday,8,0,43.86,30.0,59,8821.68,4986.68
2025-01-08,HOME_002,Cordless Handheld Vacuum Cleaner,Home & Living,97.75,99.99,40.0,100.42,0.0,415,4.71,477,153.82,0.0,Budget,Winter,1,2,Wednesday,8,0,70.43,45.0,63,6158.25,3638.25
2025-01-08,HOSP_001,Deluxe City Center King Room (Per Night),Hospitality & Stays,181.46,175.0,45.0,176.26,0.0,489,4.84,506,155.08,0.0,Standard,Winter,1,2,Wednesday,8,0,129.71,85.0,115,20867.9,15692.9
2025-01-08,HOSP_002,Executive Skyline Suite (Per Night),Hospitality & Stays,343.93,350.0,90.0,358.12,0.0,442,4.49,486,107.71,0.0,Premium,Winter,1,2,Wednesday,8,0,21.71,15.0,18,6190.74,4570.74
2025-01-08,RIDE_001,Standard Urban Commute Ride (10 km),Rideshare & Mobility,24.99,24.5,8.0,23.98,0.0,771,4.48,439,172.46,0.0,Budget,Winter,1,2,Wednesday,8,0,350.0,250.0,380,9496.2,6456.2
2025-01-08,RIDE_002,Premium Black Airport Transfer,Rideshare & Mobility,63.5,65.0,22.0,71.43,0.0,457,4.09,495,148.38,0.0,Budget,Winter,1,2,Wednesday,8,0,112.57,70.0,116,7366.0,4814.0
2025-01-09,APP_001,Premium Merino Wool Sweater,Apparel & Fashion,65.68,79.99,28.0,80.98,15.0,674,4.19,518,153.2,0.0,Standard,Winter,1,3,Thursday,9,0,103.0,55.0,102,6699.36,3843.36
2025-01-09,APP_002,Breathable Performance Running Shoes,Apparel & Fashion,121.8,119.99,42.0,129.21,0.0,114,4.37,478,208.64,0.0,Standard,Winter,1,3,Thursday,9,0,107.0,75.0,125,15225.0,9975.0
2025-01-09,APP_003,Classic Waterproof Trench Coat,Apparel & Fashion,139.23,149.99,55.0,157.4,10.0,124,4.11,519,10.41,0.0,Budget,Winter,1,3,Thursday,9,0,36.71,25.0,39,5429.97,3284.97
2025-01-09,ELEC_001,Pro Wireless Noise-Cancelling Headphones,Electronics,208.29,199.99,85.0,206.97,0.0,438,4.77,524,114.15,0.0,Standard,Winter,1,3,Thursday,9,0,57.14,45.0,58,12080.82,7150.82
2025-01-09,ELEC_002,Ultra HD 4K Smart TV 55-inch,Electronics,565.91,549.99,280.0,541.06,0.0,371,4.37,548,146.16,0.0,Budget,Winter,1,3,Thursday,9,0,27.14,20.0,25,14147.75,7147.75
2025-01-09,ELEC_003,Smart Fitness Watch Gen-4,Electronics,128.46,129.99,50.0,130.87,0.0,431,4.25,567,177.58,0.0,Standard,Winter,1,3,Thursday,9,0,88.86,60.0,88,11304.48,6904.48
2025-01-09,ELEC_004,Ergonomic Mechanical Keyboard,Electronics,86.92,89.99,35.0,84.16,0.0,187,4.18,514,174.49,0.0,Standard,Winter,1,3,Thursday,9,0,61.71,40.0,49,4259.08,2544.08
2025-01-09,HOME_001,Espresso Machine & Milk Frother,Home & Living,154.64,159.99,65.0,163.48,0.0,278,4.8,567,84.06,0.0,Premium,Winter,1,3,Thursday,9,0,44.86,30.0,40,6185.6,3585.6
2025-01-09,HOME_002,Cordless Handheld Vacuum Cleaner,Home & Living,73.38,99.99,40.0,96.01,25.0,281,4.16,582,153.03,0.0,Standard,Winter,1,3,Thursday,9,0,82.43,45.0,134,9832.92,4472.92
2025-01-09,HOSP_001,Deluxe City Center King Room (Per Night),Hospitality & Stays,127.96,175.0,45.0,182.93,25.0,148,4.8,590,226.66,0.0,Budget,Winter,1,3,Thursday,9,0,150.57,85.0,341,43634.36,28289.36
2025-01-09,HOSP_002,Executive Skyline Suite (Per Night),Hospitality & Stays,335.29,350.0,90.0,367.46,0.0,423,4.19,525,159.51,0.0,Premium,Winter,1,3,Thursday,9,0,21.14,15.0,19,6370.51,4660.51
2025-01-09,RIDE_001,Standard Urban Commute Ride (10 km),Rideshare & Mobility,23.29,24.5,8.0,22.63,0.0,405,4.88,575,169.45,0.0,Standard,Winter,1,3,Thursday,9,0,340.71,250.0,366,8524.14,5596.14
2025-01-09,RIDE_002,Premium Black Airport Transfer,Rideshare & Mobility,63.95,65.0,22.0,65.64,0.0,341,4.75,484,148.23,0.0,Standard,Winter,1,3,Thursday,9,0,112.43,70.0,116,7418.2,4866.2
2025-01-10,APP_001,Premium Merino Wool Sweater,Apparel & Fashion,83.07,79.99,28.0,75.52,0.0,595,4.65,465,192.6,0.0,Budget,Winter,1,4,Friday,10,0,102.86,55.0,79,6562.53,4350.53
2025-01-10,APP_002,Breathable Performance Running Shoes,Apparel & Fashion,85.52,119.99,42.0,122.69,25.0,533,4.55,478,150.17,0.0,Premium,Winter,1,4,Friday,10,0,110.14,75.0,114,9749.28,4961.28
2025-01-10,APP_003,Classic Waterproof Trench Coat,Apparel & Fashion,142.51,149.99,55.0,148.66,0.0,86,4.34,524,178.59,0.0,Standard,Winter,1,4,Friday,10,0,35.71,25.0,38,5415.38,3325.38
2025-01-10,ELEC_001,Pro Wireless Noise-Cancelling Headphones,Electronics,195.48,199.99,85.0,212.11,0.0,380,4.51,579,163.07,0.0,Premium,Winter,1,4,Friday,10,0,56.0,45.0,58,11337.84,6407.84
2025-01-10,ELEC_002,Ultra HD 4K Smart TV 55-inch,Electronics,531.62,549.99,280.0,583.87,0.0,340,4.1,391,171.73,0.0,Budget,Winter,1,4,Friday,10,0,27.57,20.0,31,16480.22,7800.22
2025-01-10,ELEC_003,Smart Fitness Watch Gen-4,Electronics,123.18,129.99,50.0,121.96,5.0,320,4.29,520,149.51,0.0,Budget,Winter,1,4,Friday,10,0,94.0,60.0,111,13672.98,8122.98
2025-01-10,ELEC_004,Ergonomic Mechanical Keyboard,Electronics,87.63,89.99,35.0,91.8,0.0,128,4.26,494,129.73,0.0,Standard,Winter,1,4,Friday,10,0,61.14,40.0,59,5170.17,3105.17
2025-01-10,HOME_001,Espresso Machine & Milk Frother,Home & Living,160.65,159.99,65.0,170.38,0.0,234,4.77,471,198.2,0.0,Standard,Winter,1,4,Friday,10,0,46.86,30.0,44,7068.6,4208.6
2025-01-10,HOME_002,Cordless Handheld Vacuum Cleaner,Home & Living,104.57,99.99,40.0,93.1,0.0,225,4.02,509,134.89,0.0,Budget,Winter,1,4,Friday,10,0,82.0,45.0,56,5855.92,3615.92
2025-01-10,HOSP_001,Deluxe City Center King Room (Per Night),Hospitality & Stays,169.12,175.0,45.0,181.77,0.0,590,4.6,496,104.14,0.0,Budget,Winter,1,4,Friday,10,0,151.29,85.0,148,25029.76,18369.76
2025-01-10,HOSP_002,Executive Skyline Suite (Per Night),Hospitality & Stays,272.23,350.0,90.0,333.21,20.0,390,4.0,521,119.22,0.0,Budget,Winter,1,4,Friday,10,0,22.29,15.0,33,8983.59,6013.59
2025-01-10,RIDE_001,Standard Urban Commute Ride (10 km),Rideshare & Mobility,23.21,24.5,8.0,23.94,5.0,532,4.86,486,198.65,0.0,Standard,Winter,1,4,Friday,10,0,386.86,250.0,405,9400.05,6160.05
2025-01-10,RIDE_002,Premium Black Airport Transfer,Rideshare & Mobility,65.46,65.0,22.0,65.5,0.0,221,4.6,505,291.7,0.0,Standard,Winter,1,4,Friday,10,0,112.14,70.0,120,7855.2,5215.2
2025-01-11,APP_001,Premium Merino Wool Sweater,Apparel & Fashion,78.46,79.99,28.0,76.97,0.0,502,4.58,631,140.34,0.0,Budget,Winter,1,5,Saturday,11,1,97.57,55.0,93,7296.78,4692.78
2025-01-11,APP_002,Breathable Performance Running Shoes,Apparel & Fashion,119.88,119.99,42.0,118.62,0.0,428,4.17,624,202.26,0.0,Budget,Winter,1,5,Saturday,11,1,112.43,75.0,105,12587.4,8177.4
2025-01-11,APP_003,Classic Waterproof Trench Coat,Apparel & Fashion,146.72,149.99,55.0,151.5,0.0,478,4.01,502,137.24,0.0,Premium,Winter,1,5,Saturday,11,1,34.71,25.0,29,4254.88,2659.88
2025-01-11,ELEC_001,Pro Wireless Noise-Cancelling Headphones,Electronics,190.8,199.99,85.0,190.65,0.0,310,4.64,559,143.98,0.0,Budget,Winter,1,5,Saturday,11,1,58.14,45.0,70,13356.0,7406.0
2025-01-11,ELEC_002,Ultra HD 4K Smart TV 55-inch,Electronics,576.14,549.99,280.0,511.08,0.0,314,4.15,455,157.97,0.0,Budget,Winter,1,5,Saturday,11,1,28.0,20.0,26,14979.64,7699.64
2025-01-11,ELEC_003,Smart Fitness Watch Gen-4,Electronics,124.1,129.99,50.0,131.9,0.0,214,4.51,532,128.71,0.0,Budget,Winter,1,5,Saturday,11,1,95.0,60.0,106,13154.6,7854.6
2025-01-11,ELEC_004,Ergonomic Mechanical Keyboard,Electronics,90.9,89.99,35.0,84.05,0.0,511,4.29,532,171.78,0.0,Budget,Winter,1,5,Saturday,11,1,60.14,40.0,59,5363.1,3298.1
2025-01-11,HOME_001,Espresso Machine & Milk Frother,Home & Living,159.64,159.99,65.0,158.58,0.0,191,4.73,455,188.56,0.0,Standard,Winter,1,5,Saturday,11,1,46.0,30.0,43,6864.52,4069.52
2025-01-11,HOME_002,Cordless Handheld Vacuum Cleaner,Home & Living,103.51,99.99,40.0,91.62,0.0,190,4.26,575,177.67,0.0,Premium,Winter,1,5,Saturday,11,1,75.71,45.0,35,3622.85,2222.85
2025-01-11,HOSP_001,Deluxe City Center King Room (Per Night),Hospitality & Stays,186.26,175.0,45.0,180.36,0.0,457,4.85,492,153.88,0.0,Standard,Winter,1,5,Saturday,11,1,150.71,85.0,133,24772.58,18787.58
2025-01-11,HOSP_002,Executive Skyline Suite (Per Night),Hospitality & Stays,373.75,350.0,90.0,311.87,5.0,367,4.63,452,93.86,0.0,Budget,Winter,1,5,Saturday,11,1,22.43,15.0,23,8596.25,6526.25
2025-01-11,RIDE_001,Standard Urban Commute Ride (10 km),Rideshare & Mobility,23.79,24.5,8.0,23.4,0.0,811,4.46,485,93.09,0.0,Budget,Winter,1,5,Saturday,11,1,401.57,250.0,479,11395.41,7563.41
2025-01-11,RIDE_002,Premium Black Airport Transfer,Rideshare & Mobility,61.77,65.0,22.0,70.41,0.0,739,4.55,518,142.53,0.0,Standard,Winter,1,5,Saturday,11,1,113.57,70.0,157,9697.89,6243.89
2025-01-12,APP_001,Premium Merino Wool Sweater,Apparel & Fashion,83.6,79.99,28.0,71.38,0.0,434,4.44,533,233.83,0.0,Budget,Winter,1,6,Sunday,12,1,95.14,55.0,68,5684.8,3780.8
2025-01-12,APP_002,Breathable Performance Running Shoes,Apparel & Fashion,98.93,119.99,42.0,125.34,15.0,274,4.01,479,186.3,0.0,Premium,Winter,1,6,Sunday,12,1,118.43,75.0,154,15235.22,8767.22
2025-01-12,APP_003,Classic Waterproof Trench Coat,Apparel & Fashion,153.01,149.99,55.0,150.73,0.0,446,4.19,573,81.74,0.0,Budget,Winter,1,6,Sunday,12,1,32.29,25.0,32,4896.32,3136.32
2025-01-12,ELEC_001,Pro Wireless Noise-Cancelling Headphones,Electronics,203.9,199.99,85.0,199.39,0.0,234,4.13,570,184.91,0.0,Budget,Winter,1,6,Sunday,12,1,59.71,45.0,76,15496.4,9036.4
2025-01-12,ELEC_002,Ultra HD 4K Smart TV 55-inch,Electronics,495.26,549.99,280.0,573.39,10.0,275,4.13,597,92.94,0.0,Standard,Winter,1,6,Sunday,12,1,29.14,20.0,39,19315.14,8395.14
2025-01-12,ELEC_003,Smart Fitness Watch Gen-4,Electronics,123.58,129.99,50.0,128.89,0.0,135,4.74,603,174.79,0.0,Standard,Winter,1,6,Sunday,12,1,94.14,60.0,79,9762.82,5812.82
2025-01-12,ELEC_004,Ergonomic Mechanical Keyboard,Electronics,93.49,89.99,35.0,88.32,0.0,455,4.9,574,199.79,0.0,Standard,Winter,1,6,Sunday,12,1,59.86,40.0,56,5235.44,3275.44
2025-01-12,HOME_001,Espresso Machine & Milk Frother,Home & Living,152.89,159.99,65.0,156.36,0.0,149,4.11,505,145.21,0.0,Standard,Winter,1,6,Sunday,12,1,45.57,30.0,42,6421.38,3691.38
2025-01-12,HOME_002,Cordless Handheld Vacuum Cleaner,Home & Living,97.68,99.99,40.0,103.42,0.0,112,4.56,534,168.26,0.0,Budget,Winter,1,6,Sunday,12,1,76.0,45.0,78,7619.04,4499.04
2025-01-12,HOSP_001,Deluxe City Center King Room (Per Night),Hospitality & Stays,193.88,175.0,45.0,166.76,0.0,363,4.3,566,105.09,0.0,Premium,Winter,1,6,Sunday,12,1,151.86,85.0,94,18224.72,13994.72
2025-01-12,HOSP_002,Executive Skyline Suite (Per Night),Hospitality & Stays,410.97,350.0,90.0,352.97,0.0,350,4.45,491,106.22,0.0,Premium,Winter,1,6,Sunday,12,1,20.86,15.0,17,6986.49,5456.49
2025-01-12,RIDE_001,Standard Urban Commute Ride (10 km),Rideshare & Mobility,25.72,24.5,8.0,22.73,0.0,441,4.29,527,118.51,0.0,Standard,Winter,1,6,Sunday,12,1,405.57,250.0,370,9516.4,6556.4
2025-01-12,RIDE_002,Premium Black Airport Transfer,Rideshare & Mobility,67.83,65.0,22.0,63.95,0.0,611,4.59,476,163.87,0.0,Budget,Winter,1,6,Sunday,12,1,115.43,70.0,128,8682.24,5866.24
2025-01-13,APP_001,Premium Merino Wool Sweater,Apparel & Fashion,76.1,79.99,28.0,81.15,0.0,356,4.18,515,193.73,0.0,Premium,Winter,1,0,Monday,13,0,96.43,55.0,78,5935.8,3751.8
2025-01-13,APP_002,Breathable Performance Running Shoes,Apparel & Fashion,119.27,119.99,42.0,117.76,0.0,183,4.63,442,115.92,0.0,Premium,Winter,1,0,Monday,13,0,114.86,75.0,91,10853.57,7031.57
2025-01-13,APP_003,Classic Waterproof Trench Coat,Apparel & Fashion,110.21,149.99,55.0,153.57,25.0,357,4.9,597,127.4,0.0,Standard,Winter,1,0,Monday,13,0,41.57,25.0,89,9808.69,4913.69
2025-01-13,ELEC_001,Pro Wireless Noise-Cancelling Headphones,Electronics,207.6,199.99,85.0,201.35,0.0,178,4.56,554,125.59,0.0,Standard,Winter,1,0,Monday,13,0,60.71,45.0,56,11625.6,6865.6
2025-01-13,ELEC_002,Ultra HD 4K Smart TV 55-inch,Electronics,567.72,549.99,280.0,547.77,0.0,255,4.05,482,102.57,0.0,Standard,Winter,1,0,Monday,13,0,28.14,20.0,20,11354.4,5754.4
2025-01-13,ELEC_003,Smart Fitness Watch Gen-4,Electronics,128.69,129.99,50.0,130.53,0.0,637,4.86,525,95.04,0.0,Budget,Winter,1,0,Monday,13,0,93.14,60.0,103,13255.07,8105.07
2025-01-13,ELEC_004,Ergonomic Mechanical Keyboard,Electronics,93.87,89.99,35.0,84.97,0.0,403,4.56,513,111.75,0.0,Budget,Winter,1,0,Monday,13,0,58.71,40.0,52,4881.24,3061.24
2025-01-13,HOME_001,Espresso Machine & Milk Frother,Home & Living,164.37,159.99,65.0,160.09,0.0,98,4.75,504,138.74,0.0,Budget,Winter,1,0,Monday,13,0,47.0,30.0,51,8382.87,5067.87
2025-01-13,HOME_002,Cordless Handheld Vacuum Cleaner,Home & Living,96.9,99.99,40.0,95.63,0.0,513,4.13,578,153.14,0.0,Budget,Winter,1,0,Monday,13,0,77.0,45.0,75,7267.5,4267.5
2025-01-13,HOSP_001,Deluxe City Center King Room (Per Night),Hospitality & Stays,159.93,175.0,45.0,161.51,10.0,221,4.08,492,74.49,0.0,Standard,Winter,1,0,Monday,13,0,158.29,85.0,142,22710.06,16320.06
2025-01-13,HOSP_002,Executive Skyline Suite (Per Night),Hospitality & Stays,347.38,350.0,90.0,335.11,0.0,328,4.73,531,157.2,0.0,Standard,Winter,1,0,Monday,13,0,21.29,15.0,22,7642.36,5662.36
2025-01-13,RIDE_001,Standard Urban Commute Ride (10 km),Rideshare & Mobility,25.35,24.5,8.0,25.76,0.0,151,4.38,567,158.84,0.0,Premium,Winter,1,0,Monday,13,0,381.43,250.0,290,7351.5,5031.5
2025-01-13,RIDE_002,Premium Black Airport Transfer,Rideshare & Mobility,66.99,65.0,22.0,62.17,0.0,498,4.55,555,128.22,0.0,Standard,Winter,1,0,Monday,13,0,119.43,70.0,113,7569.87,5083.87
2025-01-14,APP_001,Premium Merino Wool Sweater,Apparel & Fashion,81.56,79.99,28.0,81.5,0.0,296,4.54,516,135.82,0.0,Premium,Winter,1,1,Tuesday,14,0,92.43,55.0,60,4893.6,3213.6
2025-01-14,APP_002,Breathable Performance Running Shoes,Apparel & Fashion,113.64,119.99,42.0,125.42,5.0,706,4.79,590,168.43,0.0,Standard,Winter,1,1,Tuesday,14,0,118.57,75.0,137,15568.68,9814.68
2025-01-14,APP_003,Classic Waterproof Trench Coat,Apparel & Fashion,143.1,149.99,55.0,144.48,0.0,315,4.87,483,141.84,0.0,Standard,Winter,1,1,Tuesday,14,0,42.57,25.0,42,6010.2,3700.2
2025-01-14,ELEC_001,Pro Wireless Noise-Cancelling Headphones,Electronics,196.48,199.99,85.0,195.84,0.0,110,4.11,456,178.96,0.0,Budget,Winter,1,1,Tuesday,14,0,62.29,45.0,68,13360.64,7580.64
2025-01-14,ELEC_002,Ultra HD 4K Smart TV 55-inch,Electronics,569.91,549.99,280.0,600.38,0.0,236,4.28,566,198.95,0.0,Enterprise,Winter,1,1,Tuesday,14,0,26.71,20.0,19,10828.29,5508.29
2025-01-14,ELEC_003,Smart Fitness Watch Gen-4,Electronics,124.07,129.99,50.0,123.89,5.0,557,4.39,515,178.13,0.0,Premium,Winter,1,1,Tuesday,14,0,90.43,60.0,80,9925.6,5925.6
2025-01-14,ELEC_004,Ergonomic Mechanical Keyboard,Electronics,85.92,89.99,35.0,92.97,0.0,350,4.0,454,87.48,0.0,Premium,Winter,1,1,Tuesday,14,0,56.57,40.0,53,4553.76,2698.76
2025-01-14,HOME_001,Espresso Machine & Milk Frother,Home & Living,166.65,159.99,65.0,156.54,0.0,510,4.88,573,165.99,0.0,Budget,Winter,1,1,Tuesday,14,0,46.29,30.0,45,7499.25,4574.25
2025-01-14,HOME_002,Cordless Handheld Vacuum Cleaner,Home & Living,103.68,99.99,40.0,98.71,0.0,454,4.0,441,143.25,0.0,Budget,Winter,1,1,Tuesday,14,0,71.43,45.0,59,6117.12,3757.12
2025-01-14,HOSP_001,Deluxe City Center King Room (Per Night),Hospitality & Stays,183.54,175.0,45.0,181.89,0.0,117,4.53,536,134.36,0.0,Standard,Winter,1,1,Tuesday,14,0,153.86,85.0,104,19088.16,14408.16
2025-01-14,HOSP_002,Executive Skyline Suite (Per Night),Hospitality & Stays,349.89,350.0,90.0,351.57,0.0,311,4.53,492,161.74,0.0,Premium,Winter,1,1,Tuesday,14,0,21.29,15.0,17,5948.13,4418.13
2025-01-14,RIDE_001,Standard Urban Commute Ride (10 km),Rideshare & Mobility,18.29,24.5,8.0,22.6,25.0,675,4.04,469,177.5,0.0,Budget,Winter,1,1,Tuesday,14,0,348.71,250.0,151,2761.79,1553.79
2025-01-14,RIDE_002,Premium Black Airport Transfer,Rideshare & Mobility,65.37,65.0,22.0,65.7,0.0,411,4.12,455,206.19,0.0,Standard,Winter,1,1,Tuesday,14,0,119.57,70.0,87,5687.19,3773.19
2025-01-15,APP_001,Premium Merino Wool Sweater,Apparel & Fashion,79.01,79.99,28.0,84.35,0.0,207,4.83,547,172.53,0.0,Budget,Winter,1,2,Wednesday,15,0,81.29,55.0,89,7031.89,4539.89
2025-01-15,APP_002,Breathable Performance Running Shoes,Apparel & Fashion,116.28,119.99,42.0,111.15,0.0,593,4.72,545,124.11,0.0,Budget,Winter,1,2,Wednesday,15,0,119.86,75.0,113,13139.64,8393.64
2025-01-15,APP_003,Classic Waterproof Trench Coat,Apparel & Fashion,146.66,149.99,55.0,157.68,0.0,273,4.4,523,171.36,0.0,Budget,Winter,1,2,Wednesday,15,0,44.43,25.0,42,6159.72,3849.72
2025-01-15,ELEC_001,Pro Wireless Noise-Cancelling Headphones,Electronics,168.59,199.99,85.0,186.5,15.0,812,4.2,477,136.29,0.0,Premium,Winter,1,2,Wednesday,15,0,65.29,45.0,71,11969.89,5934.89
2025-01-15,ELEC_002,Ultra HD 4K Smart TV 55-inch,Electronics,493.55,549.99,280.0,542.32,10.0,196,4.59,570,223.71,0.0,Standard,Winter,1,2,Wednesday,15,0,28.57,20.0,40,19742.0,8542.0
2025-01-15,ELEC_003,Smart Fitness Watch Gen-4,Electronics,134.44,129.99,50.0,134.77,0.0,489,4.27,531,107.95,0.0,Budget,Winter,1,2,Wednesday,15,0,90.71,60.0,68,9141.92,5741.92
2025-01-15,ELEC_004,Ergonomic Mechanical Keyboard,Electronics,86.79,89.99,35.0,84.57,0.0,298,4.52,478,139.0,0.0,Standard,Winter,1,2,Wednesday,15,0,54.29,40.0,52,4513.08,2693.08
2025-01-15,HOME_001,Espresso Machine & Milk Frother,Home & Living,163.35,159.99,65.0,172.12,0.0,469,4.56,528,157.05,0.0,Budget,Winter,1,2,Wednesday,15,0,43.71,30.0,41,6697.35,4032.35
2025-01-15,HOME_002,Cordless Handheld Vacuum Cleaner,Home & Living,95.57,99.99,40.0,103.69,0.0,386,4.11,592,186.81,0.0,Standard,Winter,1,2,Wednesday,15,0,72.14,45.0,68,6498.76,3778.76
2025-01-15,HOSP_001,Deluxe City Center King Room (Per Night),Hospitality & Stays,155.31,175.0,45.0,174.75,15.0,716,4.52,495,147.53,0.0,Premium,Winter,1,2,Wednesday,15,0,154.14,85.0,117,18171.27,12906.27
2025-01-15,HOSP_002,Executive Skyline Suite (Per Night),Hospitality & Stays,357.02,350.0,90.0,356.93,0.0,288,4.08,577,123.11,0.0,Budget,Winter,1,2,Wednesday,15,0,22.0,15.0,23,8211.46,6141.46
2025-01-15,RIDE_001,Standard Urban Commute Ride (10 km),Rideshare & Mobility,25.33,24.5,8.0,27.01,0.0,394,4.81,470,86.12,0.0,Premium,Winter,1,2,Wednesday,15,0,334.57,250.0,281,7117.73,4869.73
2025-01-15,RIDE_002,Premium Black Airport Transfer,Rideshare & Mobility,67.82,65.0,22.0,67.13,0.0,327,4.32,676,179.85,0.0,Budget,Winter,1,2,Wednesday,15,0,115.0,70.0,84,5696.88,3848.88
2025-01-16,APP_001,Premium Merino Wool Sweater,Apparel & Fashion,81.96,79.99,28.0,83.77,0.0,131,4.72,539,161.5,0.0,Standard,Winter,1,3,Thursday,16,0,77.57,55.0,76,6228.96,4100.96
2025-01-16,APP_002,Breathable Performance Running Shoes,Apparel & Fashion,119.75,119.99,42.0,124.79,0.0,506,4.87,500,182.39,0.0,Premium,Winter,1,3,Thursday,16,0,114.43,75.0,87,10418.25,6764.25
2025-01-16,APP_003,Classic Waterproof Trench Coat,Apparel & Fashion,143.53,149.99,55.0,165.96,0.0,236,4.54,537,142.46,0.0,Premium,Winter,1,3,Thursday,16,0,44.14,25.0,37,5310.61,3275.61
2025-01-16,ELEC_001,Pro Wireless Noise-Cancelling Headphones,Electronics,191.29,199.99,85.0,203.0,0.0,748,4.23,457,182.71,0.0,Standard,Winter,1,3,Thursday,16,0,66.14,45.0,64,12242.56,6802.56
2025-01-16,ELEC_002,Ultra HD 4K Smart TV 55-inch,Electronics,436.3,549.99,280.0,555.63,20.0,136,4.46,516,151.72,0.0,Standard,Winter,1,3,Thursday,16,0,33.57,20.0,60,26178.0,9378.0
2025-01-16,ELEC_003,Smart Fitness Watch Gen-4,Electronics,104.82,129.99,50.0,124.88,20.0,349,4.6,490,139.92,0.0,Standard,Winter,1,3,Thursday,16,0,98.14,60.0,140,14674.8,7674.8
2025-01-16,ELEC_004,Ergonomic Mechanical Keyboard,Electronics,87.1,89.99,35.0,98.63,0.0,240,4.09,539,146.43,0.0,Standard,Winter,1,3,Thursday,16,0,55.57,40.0,58,5051.8,3021.8
2025-01-16,HOME_001,Espresso Machine & Milk Frother,Home & Living,164.93,159.99,65.0,151.79,0.0,421,4.36,539,148.98,0.0,Budget,Winter,1,3,Thursday,16,0,44.86,30.0,48,7916.64,4796.64
2025-01-16,HOME_002,Cordless Handheld Vacuum Cleaner,Home & Living,103.87,99.99,40.0,92.16,0.0,338,4.3,531,88.56,0.0,Premium,Winter,1,3,Thursday,16,0,59.86,45.0,48,4985.76,3065.76
2025-01-16,HOSP_001,Deluxe City Center King Room (Per Night),Hospitality & Stays,167.34,175.0,45.0,176.22,0.0,596,4.36,494,79.56,0.0,Standard,Winter,1,3,Thursday,16,0,122.57,85.0,120,20080.8,14680.8
2025-01-16,HOSP_002,Executive Skyline Suite (Per Night),Hospitality & Stays,338.42,350.0,90.0,321.91,0.0,271,4.26,484,149.12,0.0,Premium,Winter,1,3,Thursday,16,0,21.71,15.0,17,5753.14,4223.14
2025-01-16,RIDE_001,Standard Urban Commute Ride (10 km),Rideshare & Mobility,23.46,24.5,8.0,25.47,0.0,471,4.06,596,144.05,0.0,Standard,Winter,1,3,Thursday,16,0,338.0,250.0,390,9149.4,6029.4
2025-01-16,RIDE_002,Premium Black Airport Transfer,Rideshare & Mobility,65.9,65.0,22.0,61.66,0.0,229,4.35,492,126.51,0.0,Budget,Winter,1,3,Thursday,16,0,112.43,70.0,98,6458.2,4302.2
2025-01-17,APP_001,Premium Merino Wool Sweater,Apparel & Fashion,77.47,79.99,28.0,77.61,0.0,780,4.04,510,79.93,0.0,Premium,Winter,1,4,Friday,17,0,76.57,55.0,72,5577.84,3561.84
2025-01-17,APP_002,Breathable Performance Running Shoes,Apparel & Fashion,123.25,119.99,42.0,120.02,0.0,398,4.56,455,210.62,0.0,Budget,Winter,1,4,Friday,17,0,113.57,75.0,108,13311.0,8775.0
2025-01-17,APP_003,Classic Waterproof Trench Coat,Apparel & Fashion,153.91,149.99,55.0,143.83,0.0,207,4.45,476,140.39,0.0,Premium,Winter,1,4,Friday,17,0,42.86,25.0,29,4463.39,2868.39
2025-01-17,ELEC_001,Pro Wireless Noise-Cancelling Headphones,Electronics,202.68,199.99,85.0,195.57,0.0,683,4.61,527,50.05,0.0,Standard,Winter,1,4,Friday,17,0,67.14,45.0,65,13174.2,7649.2
2025-01-17,ELEC_002,Ultra HD 4K Smart TV 55-inch,Electronics,575.85,549.99,280.0,580.17,0.0,106,4.84,533,114.87,0.0,Budget,Winter,1,4,Friday,17,0,33.43,20.0,30,17275.5,8875.5
2025-01-17,ELEC_003,Smart Fitness Watch Gen-4,Electronics,128.39,129.99,50.0,133.27,0.0,280,4.48,563,123.27,0.0,Premium,Winter,1,4,Friday,17,0,92.14,60.0,69,8858.91,5408.91
2025-01-17,ELEC_004,Ergonomic Mechanical Keyboard,Electronics,89.65,89.99,35.0,92.15,0.0,206,4.82,576,149.4,0.0,Enterprise,Winter,1,4,Friday,17,0,52.0,40.0,34,3048.1,1858.1
2025-01-17,HOME_001,Espresso Machine & Milk Frother,Home & Living,158.73,159.99,65.0,170.91,0.0,385,4.18,530,182.66,0.0,Premium,Winter,1,4,Friday,17,0,43.71,30.0,36,5714.28,3374.28
2025-01-17,HOME_002,Cordless Handheld Vacuum Cleaner,Home & Living,95.9,99.99,40.0,89.52,0.0,261,4.78,515,148.84,0.0,Budget,Winter,1,4,Friday,17,0,62.86,45.0,77,7384.3,4304.3
2025-01-17,HOSP_001,Deluxe City Center King Room (Per Night),Hospitality & Stays,169.09,175.0,45.0,166.45,0.0,473,4.56,442,72.4,0.0,Standard,Winter,1,4,Friday,17,0,119.0,85.0,123,20798.07,15263.07
2025-01-17,HOSP_002,Executive Skyline Suite (Per Night),Hospitality & Stays,358.06,350.0,90.0,354.23,0.0,252,4.26,545,156.25,0.0,Standard,Winter,1,4,Friday,17,0,19.71,15.0,19,6803.14,5093.14
2025-01-17,RIDE_001,Standard Urban Commute Ride (10 km),Rideshare & Mobility,23.37,24.5,8.0,24.4,0.0,702,4.81,435,146.22,0.0,Standard,Winter,1,4,Friday,17,0,347.43,250.0,471,11007.27,7239.27
2025-01-17,RIDE_002,Premium Black Airport Transfer,Rideshare & Mobility,68.16,65.0,22.0,62.07,0.0,128,4.74,495,174.21,0.0,Premium,Winter,1,4,Friday,17,0,109.71,70.0,101,6884.16,4662.16
2025-01-18,APP_001,Premium Merino Wool Sweater,Apparel & Fashion,68.81,79.99,28.0,80.19,15.0,679,4.26,544,204.5,0.0,Standard,Winter,1,5,Saturday,18,1,77.71,55.0,101,6949.81,4121.81
2025-01-18,APP_002,Breathable Performance Running Shoes,Apparel & Fashion,123.39,119.99,42.0,123.36,0.0,298,4.37,553,148.4,0.0,Standard,Winter,1,5,Saturday,18,1,112.86,75.0,100,12339.0,8139.0
2025-01-18,APP_003,Classic Waterproof Trench Coat,Apparel & Fashion,146.17,149.99,55.0,142.61,0.0,181,4.22,560,150.81,0.0,Premium,Winter,1,5,Saturday,18,1,42.43,25.0,26,3800.42,2370.42
2025-01-18,ELEC_001,Pro Wireless Noise-Cancelling Headphones,Electronics,194.83,199.99,85.0,192.36,0.0,617,4.72,542,164.25,0.0,Standard,Winter,1,5,Saturday,18,1,66.57,45.0,66,12858.78,7248.78
2025-01-18,ELEC_002,Ultra HD 4K Smart TV 55-inch,Electronics,549.48,549.99,280.0,544.03,0.0,723,4.37,545,158.54,0.0,Standard,Winter,1,5,Saturday,18,1,33.86,20.0,29,15934.92,7814.92
2025-01-18,ELEC_003,Smart Fitness Watch Gen-4,Electronics,134.74,129.99,50.0,124.42,0.0,210,4.22,503,141.21,0.0,Standard,Winter,1,5,Saturday,18,1,87.0,60.0,70,9431.8,5931.8
2025-01-18,ELEC_004,Ergonomic Mechanical Keyboard,Electronics,89.22,89.99,35.0,94.03,0.0,157,4.07,576,115.66,0.0,Premium,Winter,1,5,Saturday,18,1,50.57,40.0,49,4371.78,2656.78
2025-01-18,HOME_001,Espresso Machine & Milk Frother,Home & Living,164.34,159.99,65.0,152.4,0.0,341,4.04,517,183.34,0.0,Budget,Winter,1,5,Saturday,18,1,43.86,30.0,44,7230.96,4370.96
2025-01-18,HOME_002,Cordless Handheld Vacuum Cleaner,Home & Living,95.37,99.99,40.0,97.12,0.0,187,4.8,633,170.66,0.0,Standard,Winter,1,5,Saturday,18,1,68.43,45.0,74,7057.38,4097.38
2025-01-18,HOSP_001,Deluxe City Center King Room (Per Night),Hospitality & Stays,221.84,175.0,45.0,164.53,0.0,381,4.57,669,90.72,0.0,Budget,Winter,1,5,Saturday,18,1,113.14,85.0,92,20409.28,16269.28
2025-01-18,HOSP_002,Executive Skyline Suite (Per Night),Hospitality & Stays,349.54,350.0,90.0,358.31,15.0,226,4.82,595,157.14,0.0,Premium,Winter,1,5,Saturday,18,1,20.14,15.0,26,9088.04,6748.04
2025-01-18,RIDE_001,Standard Urban Commute Ride (10 km),Rideshare & Mobility,22.63,24.5,8.0,25.86,5.0,200,4.42,522,141.21,0.0,Premium,Winter,1,5,Saturday,18,1,350.71,250.0,502,11360.26,7344.26
2025-01-18,RIDE_002,Premium Black Airport Transfer,Rideshare & Mobility,49.7,65.0,22.0,65.42,20.0,766,4.81,562,174.09,0.0,Standard,Winter,1,5,Saturday,18,1,105.57,70.0,128,6361.6,3545.6
2025-01-19,APP_001,Premium Merino Wool Sweater,Apparel & Fashion,81.61,79.99,28.0,75.67,0.0,608,4.08,508,164.1,0.0,Budget,Winter,1,6,Sunday,19,1,78.14,55.0,71,5794.31,3806.31
2025-01-19,APP_002,Breathable Performance Running Shoes,Apparel & Fashion,104.79,119.99,42.0,126.12,15.0,157,4.6,577,146.3,0.0,Budget,Winter,1,6,Sunday,19,1,111.0,75.0,141,14775.39,8853.39
2025-01-19,APP_003,Classic Waterproof Trench Coat,Apparel & Fashion,155.4,149.99,55.0,151.16,0.0,145,4.84,478,175.01,0.0,Standard,Winter,1,6,Sunday,19,1,43.0,25.0,36,5594.4,3614.4
2025-01-19,ELEC_001,Pro Wireless Noise-Cancelling Headphones,Electronics,164.66,199.99,85.0,205.11,15.0,497,4.04,563,218.26,0.0,Budget,Winter,1,6,Sunday,19,1,72.86,45.0,120,19759.2,9559.2
2025-01-19,ELEC_002,Ultra HD 4K Smart TV 55-inch,Electronics,566.36,549.99,280.0,519.61,0.0,704,4.33,547,154.65,0.0,Premium,Winter,1,6,Sunday,19,1,31.0,20.0,19,10760.84,5440.84
2025-01-19,ELEC_003,Smart Fitness Watch Gen-4,Electronics,133.79,129.99,50.0,138.54,0.0,153,4.54,546,126.9,0.0,Enterprise,Winter,1,6,Sunday,19,1,83.86,60.0,57,7626.03,4776.03
2025-01-19,ELEC_004,Ergonomic Mechanical Keyboard,Electronics,72.74,89.99,35.0,90.64,15.0,726,4.21,603,162.44,0.0,Budget,Winter,1,6,Sunday,19,1,54.86,40.0,86,6255.64,3245.64
2025-01-19,HOME_001,Espresso Machine & Milk Frother,Home & Living,129.88,159.99,65.0,148.71,15.0,275,4.54,583,123.78,0.0,Standard,Winter,1,6,Sunday,19,1,47.29,30.0,66,8572.08,4282.08
2025-01-19,HOME_002,Cordless Handheld Vacuum Cleaner,Home & Living,103.42,99.99,40.0,102.42,0.0,126,4.9,611,157.81,0.0,Standard,Winter,1,6,Sunday,19,1,66.0,45.0,61,6308.62,3868.62
2025-01-19,HOSP_001,Deluxe City Center King Room (Per Night),Hospitality & Stays,206.99,175.0,45.0,189.5,0.0,276,4.39,546,116.56,0.0,Budget,Winter,1,6,Sunday,19,1,114.71,85.0,105,21733.95,17008.95
2025-01-19,HOSP_002,Executive Skyline Suite (Per Night),Hospitality & Stays,396.12,350.0,90.0,352.85,0.0,211,4.17,613,109.27,0.0,Enterprise,Winter,1,6,Sunday,19,1,19.86,15.0,15,5941.8,4591.8
2025-01-19,RIDE_001,Standard Urban Commute Ride (10 km),Rideshare & Mobility,23.61,24.5,8.0,23.36,0.0,748,4.3,565,188.8,0.0,Standard,Winter,1,6,Sunday,19,1,326.43,250.0,200,4722.0,3122.0
2025-01-19,RIDE_002,Premium Black Airport Transfer,Rideshare & Mobility,66.34,65.0,22.0,65.0,0.0,683,4.34,525,174.57,0.0,Enterprise,Winter,1,6,Sunday,19,1,99.14,70.0,83,5506.22,3680.22
2025-01-20,APP_001,Premium Merino Wool Sweater,Apparel & Fashion,78.89,79.99,28.0,80.76,0.0,554,4.46,554,198.7,0.0,Enterprise,Winter,1,0,Monday,20,0,74.71,55.0,54,4260.06,2748.06
2025-01-20,APP_002,Breathable Performance Running Shoes,Apparel & Fashion,115.94,119.99,42.0,110.28,0.0,751,4.21,529,54.9,0.0,Standard,Winter,1,0,Monday,20,0,113.29,75.0,107,12405.58,7911.58
2025-01-20,APP_003,Classic Waterproof Trench Coat,Apparel & Fashion,153.54,149.99,55.0,152.52,0.0,113,4.02,506,247.02,0.0,Standard,Winter,1,0,Monday,20,0,34.86,25.0,32,4913.28,3153.28
2025-01-20,ELEC_001,Pro Wireless Noise-Cancelling Headphones,Electronics,193.48,199.99,85.0,184.48,0.0,426,4.62,541,174.82,0.0,Budget,Winter,1,0,Monday,20,0,75.0,45.0,71,13737.08,7702.08
2025-01-20,ELEC_002,Ultra HD 4K Smart TV 55-inch,Electronics,534.62,549.99,280.0,535.38,0.0,671,4.2,562,135.57,0.0,Budget,Winter,1,0,Monday,20,0,32.86,20.0,33,17642.46,8402.46
2025-01-20,ELEC_003,Smart Fitness Watch Gen-4,Electronics,127.19,129.99,50.0,123.13,0.0,563,4.53,520,96.57,0.0,Premium,Winter,1,0,Monday,20,0,81.0,60.0,83,10556.77,6406.77
2025-01-20,ELEC_004,Ergonomic Mechanical Keyboard,Electronics,92.6,89.99,35.0,88.87,0.0,673,4.19,620,152.18,0.0,Budget,Winter,1,0,Monday,20,0,55.0,40.0,53,4907.8,3052.8
2025-01-20,HOME_001,Espresso Machine & Milk Frother,Home & Living,157.16,159.99,65.0,174.14,0.0,228,4.44,525,117.7,0.0,Budget,Winter,1,0,Monday,20,0,46.71,30.0,47,7386.52,4331.52
2025-01-20,HOME_002,Cordless Handheld Vacuum Cleaner,Home & Living,96.81,99.99,40.0,104.71,0.0,691,4.69,558,140.67,0.0,Premium,Winter,1,0,Monday,20,0,64.43,45.0,64,6195.84,3635.84
2025-01-20,HOSP_001,Deluxe City Center King Room (Per Night),Hospitality & Stays,131.68,175.0,45.0,167.75,25.0,568,4.67,553,227.3,0.0,Budget,Winter,1,0,Monday,20,0,133.86,85.0,276,36343.68,23923.68
2025-01-20,HOSP_002,Executive Skyline Suite (Per Night),Hospitality & Stays,321.48,350.0,90.0,308.28,10.0,190,4.13,545,168.64,0.0,Standard,Winter,1,0,Monday,20,0,19.71,15.0,21,6751.08,4861.08
2025-01-20,RIDE_001,Standard Urban Commute Ride (10 km),Rideshare & Mobility,25.44,24.5,8.0,25.66,0.0,358,4.27,592,192.12,0.0,Budget,Winter,1,0,Monday,20,0,340.71,250.0,390,9921.6,6801.6
2025-01-20,RIDE_002,Premium Black Airport Transfer,Rideshare & Mobility,60.64,65.0,22.0,66.76,10.0,569,4.31,511,74.24,0.0,Standard,Winter,1,0,Monday,20,0,99.29,70.0,114,6912.96,4404.96
2025-01-21,APP_001,Premium Merino Wool Sweater,Apparel & Fashion,81.22,79.99,28.0,74.53,0.0,479,4.62,646,138.39,0.0,Standard,Winter,1,1,Tuesday,21,0,76.86,55.0,75,6091.5,3991.5
2025-01-21,APP_002,Breathable Performance Running Shoes,Apparel & Fashion,100.56,119.99,42.0,114.44,20.0,645,4.33,558,165.12,0.0,Enterprise,Winter,1,1,Tuesday,21,0,108.86,75.0,106,10659.36,6207.36
2025-01-21,APP_003,Classic Waterproof Trench Coat,Apparel & Fashion,156.62,149.99,55.0,153.4,0.0,89,4.63,625,119.84,0.0,Premium,Winter,1,1,Tuesday,21,0,32.29,25.0,24,3758.88,2438.88
2025-01-21,ELEC_001,Pro Wireless Noise-Cancelling Headphones,Electronics,207.54,199.99,85.0,192.16,0.0,369,4.23,523,191.75,0.0,Standard,Winter,1,1,Tuesday,21,0,73.43,45.0,57,11829.78,6984.78
2025-01-21,ELEC_002,Ultra HD 4K Smart TV 55-inch,Electronics,530.85,549.99,280.0,564.7,0.0,641,4.41,601,121.42,0.0,Standard,Winter,1,1,Tuesday,21,0,34.43,20.0,30,15925.5,7525.5
2025-01-21,ELEC_003,Smart Fitness Watch Gen-4,Electronics,133.68,129.99,50.0,141.03,0.0,492,4.36,424,111.09,0.0,Premium,Winter,1,1,Tuesday,21,0,79.71,60.0,71,9491.28,5941.28
2025-01-21,ELEC_004,Ergonomic Mechanical Keyboard,Electronics,91.25,89.99,35.0,93.47,0.0,616,4.06,587,180.36,0.0,Budget,Winter,1,1,Tuesday,21,0,55.57,40.0,57,5201.25,3206.25
2025-01-21,HOME_001,Espresso Machine & Milk Frother,Home & Living,120.87,159.99,65.0,159.46,25.0,147,4.55,565,117.28,0.0,Standard,Winter,1,1,Tuesday,21,0,51.86,30.0,81,9790.47,4525.47
2025-01-21,HOME_002,Cordless Handheld Vacuum Cleaner,Home & Living,101.04,99.99,40.0,96.79,0.0,641,4.66,524,181.74,0.0,Premium,Winter,1,1,Tuesday,21,0,63.14,45.0,50,5052.0,3052.0
2025-01-21,HOSP_001,Deluxe City Center King Room (Per Night),Hospitality & Stays,136.37,175.0,45.0,177.91,20.0,356,4.28,571,173.86,0.0,Standard,Winter,1,1,Tuesday,21,0,149.29,85.0,212,28910.44,19370.44
2025-01-21,HOSP_002,Executive Skyline Suite (Per Night),Hospitality & Stays,359.58,350.0,90.0,343.8,0.0,169,4.87,650,157.64,0.0,Standard,Winter,1,1,Tuesday,21,0,20.29,15.0,21,7551.18,5661.18
2025-01-21,RIDE_001,Standard Urban Commute Ride (10 km),Rideshare & Mobility,25.18,24.5,8.0,24.59,0.0,463,4.28,583,119.51,0.0,Budget,Winter,1,1,Tuesday,21,0,369.71,250.0,354,8913.72,6081.72
2025-01-21,RIDE_002,Premium Black Airport Transfer,Rideshare & Mobility,65.09,65.0,22.0,64.02,0.0,466,4.22,563,94.12,0.0,Budget,Winter,1,1,Tuesday,21,0,101.57,70.0,103,6704.27,4438.27
2025-01-22,APP_001,Premium Merino Wool Sweater,Apparel & Fashion,80.86,79.99,28.0,82.85,0.0,404,4.04,603,135.95,0.0,Standard,Winter,1,2,Wednesday,22,0,74.86,55.0,75,6064.5,3964.5
2025-01-22,APP_002,Breathable Performance Running Shoes,Apparel & Fashion,98.93,119.99,42.0,117.46,20.0,504,4.68,546,231.8,0.0,Premium,Winter,1,2,Wednesday,22,0,112.86,75.0,141,13949.13,8027.13
2025-01-22,APP_003,Classic Waterproof Trench Coat,Apparel & Fashion,117.15,149.99,55.0,148.3,25.0,509,4.6,588,202.33,0.0,Premium,Winter,1,2,Wednesday,22,0,34.71,25.0,59,6911.85,3666.85
2025-01-22,ELEC_001,Pro Wireless Noise-Cancelling Headphones,Electronics,160.92,199.99,85.0,183.92,20.0,272,4.79,551,125.94,0.0,Standard,Winter,1,2,Wednesday,22,0,77.14,45.0,97,15609.24,7364.24
2025-01-22,ELEC_002,Ultra HD 4K Smart TV 55-inch,Electronics,572.45,549.99,280.0,524.24,0.0,615,4.42,508,213.64,0.0,Budget,Winter,1,2,Wednesday,22,0,32.43,20.0,26,14883.7,7603.7
2025-01-22,ELEC_003,Smart Fitness Watch Gen-4,Electronics,118.99,129.99,50.0,139.42,5.0,379,4.4,505,128.88,0.0,Standard,Winter,1,2,Wednesday,22,0,86.14,60.0,113,13445.87,7795.87
2025-01-22,ELEC_004,Ergonomic Mechanical Keyboard,Electronics,88.39,89.99,35.0,94.49,0.0,563,4.5,577,135.03,0.0,Premium,Winter,1,2,Wednesday,22,0,55.71,40.0,53,4684.67,2829.67
2025-01-22,HOME_001,Espresso Machine & Milk Frother,Home & Living,153.34,159.99,65.0,167.4,0.0,90,4.01,527,118.53,0.0,Budget,Winter,1,2,Wednesday,22,0,54.14,30.0,57,8740.38,5035.38
2025-01-22,HOME_002,Cordless Handheld Vacuum Cleaner,Home & Living,100.26,99.99,40.0,99.54,0.0,581,4.26,456,103.74,0.0,Standard,Winter,1,2,Wednesday,22,0,62.0,45.0,60,6015.6,3615.6
2025-01-22,HOSP_001,Deluxe City Center King Room (Per Night),Hospitality & Stays,174.03,175.0,45.0,188.88,0.0,209,4.57,594,198.03,0.0,Budget,Winter,1,2,Wednesday,22,0,153.57,85.0,147,25582.41,18967.41
2025-01-22,HOSP_002,Executive Skyline Suite (Per Night),Hospitality & Stays,270.46,350.0,90.0,332.58,25.0,132,4.55,551,133.13,0.0,Budget,Winter,1,2,Wednesday,22,0,22.29,15.0,37,10007.02,6677.02
2025-01-22,RIDE_001,Standard Urban Commute Ride (10 km),Rideshare & Mobility,18.52,24.5,8.0,24.11,25.0,699,4.35,559,138.24,0.0,Premium,Winter,1,2,Wednesday,22,0,395.71,250.0,463,8574.76,4870.76
2025-01-22,RIDE_002,Premium Black Airport Transfer,Rideshare & Mobility,67.87,65.0,22.0,66.62,0.0,393,4.02,584,139.2,0.0,Premium,Winter,1,2,Wednesday,22,0,100.0,70.0,73,4954.51,3348.51
2025-01-23,APP_001,Premium Merino Wool Sweater,Apparel & Fashion,82.72,79.99,28.0,87.45,0.0,312,4.12,568,184.75,0.0,Budget,Winter,1,3,Thursday,23,0,77.14,55.0,92,7610.24,5034.24
2025-01-23,APP_002,Breathable Performance Running Shoes,Apparel & Fashion,123.36,119.99,42.0,106.27,0.0,417,4.62,417,61.63,0.0,Budget,Winter,1,3,Thursday,23,0,112.86,75.0,87,10732.32,7078.32
2025-01-23,APP_003,Classic Waterproof Trench Coat,Apparel & Fashion,117.66,149.99,55.0,142.46,25.0,444,4.51,523,53.34,0.0,Standard,Winter,1,3,Thursday,23,0,38.71,25.0,65,7647.9,4072.9
2025-01-23,ELEC_001,Pro Wireless Noise-Cancelling Headphones,Electronics,207.75,199.99,85.0,201.08,0.0,205,4.77,549,184.16,0.0,Standard,Winter,1,3,Thursday,23,0,77.57,45.0,67,13919.25,8224.25
2025-01-23,ELEC_002,Ultra HD 4K Smart TV 55-inch,Electronics,577.47,549.99,280.0,474.43,0.0,591,4.69,519,196.87,0.0,Budget,Winter,1,3,Thursday,23,0,27.29,20.0,24,13859.28,7139.28
2025-01-23,ELEC_003,Smart Fitness Watch Gen-4,Electronics,129.41,129.99,50.0,128.18,0.0,305,4.5,457,111.55,0.0,Budget,Winter,1,3,Thursday,23,0,76.71,60.0,74,9576.34,5876.34
2025-01-23,ELEC_004,Ergonomic Mechanical Keyboard,Electronics,91.92,89.99,35.0,90.96,0.0,518,4.78,553,153.55,0.0,Premium,Winter,1,3,Thursday,23,0,53.86,40.0,45,4136.4,2561.4
2025-01-23,HOME_001,Espresso Machine & Milk Frother,Home & Living,157.03,159.99,65.0,153.86,0.0,576,4.72,539,171.51,0.0,Standard,Winter,1,3,Thursday,23,0,53.14,30.0,41,6438.23,3773.23
2025-01-23,HOME_002,Cordless Handheld Vacuum Cleaner,Home & Living,103.35,99.99,40.0,103.51,0.0,518,4.07,435,188.92,0.0,Budget,Winter,1,3,Thursday,23,0,64.14,45.0,63,6511.05,3991.05
2025-01-23,HOSP_001,Deluxe City Center King Room (Per Night),Hospitality & Stays,174.23,175.0,45.0,172.09,0.0,97,4.85,619,171.47,0.0,Standard,Winter,1,3,Thursday,23,0,152.43,85.0,112,19513.76,14473.76
2025-01-23,HOSP_002,Executive Skyline Suite (Per Night),Hospitality & Stays,336.3,350.0,90.0,341.68,0.0,115,4.47,411,142.58,0.0,Enterprise,Winter,1,3,Thursday,23,0,22.29,15.0,17,5717.1,4187.1
2025-01-23,RIDE_001,Standard Urban Commute Ride (10 km),Rideshare & Mobility,23.59,24.5,8.0,25.06,0.0,404,4.36,568,212.79,0.0,Enterprise,Winter,1,3,Thursday,23,0,382.14,250.0,295,6959.05,4599.05
2025-01-23,RIDE_002,Premium Black Airport Transfer,Rideshare & Mobility,64.5,65.0,22.0,69.49,0.0,300,4.62,585,105.31,0.0,Standard,Winter,1,3,Thursday,23,0,99.29,70.0,93,5998.5,3952.5
2025-01-24,APP_001,Premium Merino Wool Sweater,Apparel & Fashion,67.48,79.99,28.0,77.4,15.0,215,4.82,504,48.9,0.0,Premium,Winter,1,4,Friday,24,0,80.71,55.0,97,6545.56,3829.56
2025-01-24,APP_002,Breathable Performance Running Shoes,Apparel & Fashion,123.54,119.99,42.0,120.06,0.0,302,4.49,535,151.17,0.0,Standard,Winter,1,4,Friday,24,0,113.86,75.0,115,14207.1,9377.1
2025-01-24,APP_003,Classic Waterproof Trench Coat,Apparel & Fashion,155.03,149.99,55.0,151.63,0.0,410,4.73,546,100.66,0.0,Standard,Winter,1,4,Friday,24,0,39.43,25.0,34,5271.02,3401.02
2025-01-24,ELEC_001,Pro Wireless Noise-Cancelling Headphones,Electronics,198.96,199.99,85.0,190.14,0.0,143,4.9,491,96.8,0.0,Standard,Winter,1,4,Friday,24,0,77.14,45.0,62,12335.52,7065.52
2025-01-24,ELEC_002,Ultra HD 4K Smart TV 55-inch,Electronics,572.57,549.99,280.0,553.87,0.0,564,4.46,439,123.97,0.0,Budget,Winter,1,4,Friday,24,0,26.86,20.0,27,15459.39,7899.39
2025-01-24,ELEC_003,Smart Fitness Watch Gen-4,Electronics,129.34,129.99,50.0,126.72,0.0,240,4.3,460,94.29,0.0,Premium,Winter,1,4,Friday,24,0,76.14,60.0,65,8407.1,5157.1
2025-01-24,ELEC_004,Ergonomic Mechanical Keyboard,Electronics,88.51,89.99,35.0,82.79,0.0,471,4.0,504,154.0,0.0,Premium,Winter,1,4,Friday,24,0,55.71,40.0,47,4159.97,2514.97
2025-01-24,HOME_001,Espresso Machine & Milk Frother,Home & Living,150.68,159.99,65.0,172.14,10.0,525,4.8,606,79.45,0.0,Budget,Winter,1,4,Friday,24,0,55.29,30.0,51,7684.68,4369.68
2025-01-24,HOME_002,Cordless Handheld Vacuum Cleaner,Home & Living,95.84,99.99,40.0,95.81,0.0,457,4.57,540,90.34,0.0,Standard,Winter,1,4,Friday,24,0,61.86,45.0,61,5846.24,3406.24
2025-01-24,HOSP_001,Deluxe City Center King Room (Per Night),Hospitality & Stays,140.58,175.0,45.0,170.94,20.0,534,4.78,566,177.3,0.0,Standard,Winter,1,4,Friday,24,0,148.71,85.0,97,13636.26,9271.26
2025-01-24,HOSP_002,Executive Skyline Suite (Per Night),Hospitality & Stays,340.42,350.0,90.0,327.72,0.0,94,4.57,548,112.42,0.0,Budget,Winter,1,4,Friday,24,0,22.57,15.0,21,7148.82,5258.82
2025-01-24,RIDE_001,Standard Urban Commute Ride (10 km),Rideshare & Mobility,25.63,24.5,8.0,23.15,0.0,714,4.63,538,136.49,0.0,Budget,Winter,1,4,Friday,24,0,372.57,250.0,404,10354.52,7122.52
2025-01-24,RIDE_002,Premium Black Airport Transfer,Rideshare & Mobility,48.43,65.0,22.0,65.82,25.0,530,4.66,662,120.3,0.0,Budget,Winter,1,4,Friday,24,0,118.0,70.0,232,11235.76,6131.76
2025-01-25,APP_001,Premium Merino Wool Sweater,Apparel & Fashion,83.32,79.99,28.0,79.24,0.0,158,4.35,656,150.74,0.0,Enterprise,Winter,1,5,Saturday,25,1,74.43,55.0,57,4749.24,3153.24
2025-01-25,APP_002,Breathable Performance Running Shoes,Apparel & Fashion,117.9,119.99,42.0,114.91,0.0,184,4.89,621,143.24,0.0,Budget,Winter,1,5,Saturday,25,1,116.43,75.0,118,13912.2,8956.2
2025-01-25,APP_003,Classic Waterproof Trench Coat,Apparel & Fashion,115.05,149.99,55.0,147.7,20.0,359,4.87,495,183.48,0.0,Enterprise,Winter,1,5,Saturday,25,1,43.0,25.0,51,5867.55,3062.55
2025-01-25,ELEC_001,Pro Wireless Noise-Cancelling Headphones,Electronics,200.84,199.99,85.0,208.66,0.0,706,4.46,595,97.26,0.0,Standard,Winter,1,5,Saturday,25,1,77.14,45.0,66,13255.44,7645.44
2025-01-25,ELEC_002,Ultra HD 4K Smart TV 55-inch,Electronics,531.33,549.99,280.0,492.68,0.0,535,4.02,634,87.87,0.0,Budget,Winter,1,5,Saturday,25,1,26.86,20.0,29,15408.57,7288.57
2025-01-25,ELEC_003,Smart Fitness Watch Gen-4,Electronics,97.53,129.99,50.0,127.89,25.0,807,4.16,548,226.01,0.0,Standard,Winter,1,5,Saturday,25,1,90.29,60.0,169,16482.57,8032.57
2025-01-25,ELEC_004,Ergonomic Mechanical Keyboard,Electronics,91.42,89.99,35.0,87.64,0.0,419,4.56,502,90.74,0.0,Standard,Winter,1,5,Saturday,25,1,56.14,40.0,52,4753.84,2933.84
2025-01-25,HOME_001,Espresso Machine & Milk Frother,Home & Living,122.15,159.99,65.0,155.81,20.0,433,4.19,602,146.7,0.0,Budget,Winter,1,5,Saturday,25,1,62.14,30.0,92,11237.8,5257.8
2025-01-25,HOME_002,Cordless Handheld Vacuum Cleaner,Home & Living,100.07,99.99,40.0,90.17,0.0,400,4.24,618,153.49,0.0,Standard,Winter,1,5,Saturday,25,1,59.43,45.0,57,5703.99,3423.99
2025-01-25,HOSP_001,Deluxe City Center King Room (Per Night),Hospitality & Stays,196.68,175.0,45.0,181.67,0.0,412,4.06,574,196.59,0.0,Standard,Winter,1,5,Saturday,25,1,153.0,85.0,122,23994.96,18504.96
2025-01-25,HOSP_002,Executive Skyline Suite (Per Night),Hospitality & Stays,427.56,350.0,90.0,341.08,0.0,833,4.05,534,99.21,0.0,Budget,Winter,1,5,Saturday,25,1,21.43,15.0,18,7696.08,6076.08
2025-01-25,RIDE_001,Standard Urban Commute Ride (10 km),Rideshare & Mobility,24.02,24.5,8.0,24.65,0.0,198,4.74,571,137.79,0.0,Standard,Winter,1,5,Saturday,25,1,374.57,250.0,516,12394.32,8266.32
2025-01-25,RIDE_002,Premium Black Airport Transfer,Rideshare & Mobility,64.1,65.0,22.0,62.71,0.0,397,4.61,527,179.86,0.0,Budget,Winter,1,5,Saturday,25,1,118.71,70.0,133,8525.3,5599.3
2025-01-26,APP_001,Premium Merino Wool Sweater,Apparel & Fashion,77.66,79.99,28.0,83.3,0.0,653,4.85,512,162.35,0.0,Budget,Winter,1,6,Sunday,26,1,77.57,55.0,93,7222.38,4618.38
2025-01-26,APP_002,Breathable Performance Running Shoes,Apparel & Fashion,94.65,119.99,42.0,120.34,20.0,798,4.8,600,117.17,0.0,Standard,Winter,1,6,Sunday,26,1,122.57,75.0,184,17415.6,9687.6
2025-01-26,APP_003,Classic Waterproof Trench Coat,Apparel & Fashion,144.8,149.99,55.0,149.27,0.0,323,4.09,593,106.69,0.0,Standard,Winter,1,6,Sunday,26,1,43.0,25.0,36,5212.8,3232.8
2025-01-26,ELEC_001,Pro Wireless Noise-Cancelling Headphones,Electronics,205.89,199.99,85.0,208.78,0.0,626,4.45,538,139.41,0.0,Budget,Winter,1,6,Sunday,26,1,71.43,45.0,80,16471.2,9671.2
2025-01-26,ELEC_002,Ultra HD 4K Smart TV 55-inch,Electronics,537.95,549.99,280.0,534.32,0.0,507,4.16,566,198.85,0.0,Standard,Winter,1,6,Sunday,26,1,28.14,20.0,28,15062.6,7222.6
2025-01-26,ELEC_003,Smart Fitness Watch Gen-4,Electronics,123.92,129.99,50.0,123.52,0.0,708,4.53,433,77.63,0.0,Budget,Winter,1,6,Sunday,26,1,96.29,60.0,99,12268.08,7318.08
2025-01-26,ELEC_004,Ergonomic Mechanical Keyboard,Electronics,78.4,89.99,35.0,82.05,15.0,344,4.46,670,143.6,0.0,Budget,Winter,1,6,Sunday,26,1,54.57,40.0,75,5880.0,3255.0
2025-01-26,HOME_001,Espresso Machine & Milk Frother,Home & Living,152.81,159.99,65.0,148.68,0.0,390,4.2,506,174.04,0.0,Standard,Winter,1,6,Sunday,26,1,58.86,30.0,43,6570.83,3775.83
2025-01-26,HOME_002,Cordless Handheld Vacuum Cleaner,Home & Living,99.07,99.99,40.0,100.62,0.0,323,4.74,541,126.59,0.0,Budget,Winter,1,6,Sunday,26,1,61.71,45.0,77,7628.39,4548.39
2025-01-26,HOSP_001,Deluxe City Center King Room (Per Night),Hospitality & Stays,182.51,175.0,45.0,176.53,0.0,270,4.63,567,171.22,0.0,Standard,Winter,1,6,Sunday,26,1,158.29,85.0,142,25916.42,19526.42
2025-01-26,HOSP_002,Executive Skyline Suite (Per Night),Hospitality & Stays,417.12,350.0,90.0,339.32,0.0,813,4.01,541,211.33,0.0,Standard,Winter,1,6,Sunday,26,1,22.14,15.0,20,8342.4,6542.4
2025-01-26,RIDE_001,Standard Urban Commute Ride (10 km),Rideshare & Mobility,23.92,24.5,8.0,26.52,0.0,770,4.57,531,184.73,0.0,Premium,Winter,1,6,Sunday,26,1,374.29,250.0,198,4736.16,3152.16
2025-01-26,RIDE_002,Premium Black Airport Transfer,Rideshare & Mobility,64.71,65.0,22.0,64.42,0.0,278,4.36,540,155.36,0.0,Standard,Winter,1,6,Sunday,26,1,123.86,70.0,119,7700.49,5082.49
2025-01-27,APP_001,Premium Merino Wool Sweater,Apparel & Fashion,80.1,79.99,28.0,84.04,0.0,580,4.15,668,242.54,0.0,Standard,Winter,1,0,Monday,27,0,80.29,55.0,73,5847.3,3803.3
2025-01-27,APP_002,Breathable Performance Running Shoes,Apparel & Fashion,117.61,119.99,42.0,115.18,0.0,706,4.41,574,197.36,0.0,Premium,Winter,1,0,Monday,27,0,120.43,75.0,92,10820.12,6956.12
2025-01-27,APP_003,Classic Waterproof Trench Coat,Apparel & Fashion,143.48,149.99,55.0,163.0,0.0,273,4.28,577,181.03,0.0,Budget,Winter,1,0,Monday,27,0,45.57,25.0,50,7174.0,4424.0
2025-01-27,ELEC_001,Pro Wireless Noise-Cancelling Headphones,Electronics,181.32,199.99,85.0,190.36,5.0,561,4.9,600,78.67,0.0,Premium,Winter,1,0,Monday,27,0,70.57,45.0,65,11785.8,6260.8
2025-01-27,ELEC_002,Ultra HD 4K Smart TV 55-inch,Electronics,535.52,549.99,280.0,535.27,0.0,477,4.61,569,179.71,0.0,Standard,Winter,1,0,Monday,27,0,27.71,20.0,30,16065.6,7665.6
2025-01-27,ELEC_003,Smart Fitness Watch Gen-4,Electronics,129.37,129.99,50.0,129.94,0.0,646,4.04,562,105.82,0.0,Premium,Winter,1,0,Monday,27,0,93.29,60.0,62,8020.94,4920.94
2025-01-27,ELEC_004,Ergonomic Mechanical Keyboard,Electronics,93.85,89.99,35.0,93.54,0.0,284,4.53,575,191.26,0.0,Budget,Winter,1,0,Monday,27,0,55.57,40.0,60,5631.0,3531.0
2025-01-27,HOME_001,Espresso Machine & Milk Frother,Home & Living,166.85,159.99,65.0,148.9,0.0,355,4.51,552,69.24,0.0,Standard,Winter,1,0,Monday,27,0,57.14,30.0,35,5839.75,3564.75
2025-01-27,HOME_002,Cordless Handheld Vacuum Cleaner,Home & Living,97.03,99.99,40.0,100.94,0.0,252,4.59,533,149.95,0.0,Standard,Winter,1,0,Monday,27,0,62.71,45.0,71,6889.13,4049.13
2025-01-27,HOSP_001,Deluxe City Center King Room (Per Night),Hospitality & Stays,177.5,175.0,45.0,189.22,0.0,138,4.84,561,172.03,0.0,Standard,Winter,1,0,Monday,27,0,137.71,85.0,132,23430.0,17490.0
2025-01-27,HOSP_002,Executive Skyline Suite (Per Night),Hospitality & Stays,333.15,350.0,90.0,382.53,0.0,792,4.1,496,204.23,0.0,Premium,Winter,1,0,Monday,27,0,22.14,15.0,21,6996.15,5106.15
2025-01-27,RIDE_001,Standard Urban Commute Ride (10 km),Rideshare & Mobility,23.39,24.5,8.0,20.84,0.0,343,4.08,564,192.43,0.0,Standard,Winter,1,0,Monday,27,0,379.57,250.0,427,9987.53,6571.53
2025-01-27,RIDE_002,Premium Black Airport Transfer,Rideshare & Mobility,62.23,65.0,22.0,69.83,0.0,126,4.66,503,153.74,0.0,Budget,Winter,1,0,Monday,27,0,129.29,70.0,152,9458.96,6114.96
2025-01-28,APP_001,Premium Merino Wool Sweater,Apparel & Fashion,76.56,79.99,28.0,76.71,5.0,507,4.69,552,122.1,0.0,Standard,Winter,1,1,Tuesday,28,0,80.0,55.0,73,5588.88,3544.88
2025-01-28,APP_002,Breathable Performance Running Shoes,Apparel & Fashion,121.25,119.99,42.0,120.66,0.0,596,4.43,467,165.09,0.0,Budget,Winter,1,1,Tuesday,28,0,121.0,75.0,110,13337.5,8717.5
2025-01-28,APP_003,Classic Waterproof Trench Coat,Apparel & Fashion,150.31,149.99,55.0,162.44,0.0,236,4.33,611,138.62,0.0,Budget,Winter,1,1,Tuesday,28,0,47.43,25.0,37,5561.47,3526.47
2025-01-28,ELEC_001,Pro Wireless Noise-Cancelling Headphones,Electronics,209.6,199.99,85.0,206.05,0.0,504,4.07,456,112.02,0.0,Budget,Winter,1,1,Tuesday,28,0,70.57,45.0,57,11947.2,7102.2
2025-01-28,ELEC_002,Ultra HD 4K Smart TV 55-inch,Electronics,535.38,549.99,280.0,552.69,0.0,444,4.31,618,170.22,0.0,Budget,Winter,1,1,Tuesday,28,0,28.14,20.0,33,17667.54,8427.54
2025-01-28,ELEC_003,Smart Fitness Watch Gen-4,Electronics,127.67,129.99,50.0,121.64,0.0,574,4.9,598,144.12,0.0,Standard,Winter,1,1,Tuesday,28,0,93.43,60.0,72,9192.24,5592.24
2025-01-28,ELEC_004,Ergonomic Mechanical Keyboard,Electronics,94.28,89.99,35.0,93.25,0.0,232,4.81,541,155.95,0.0,Standard,Winter,1,1,Tuesday,28,0,54.86,40.0,52,4902.56,3082.56
2025-01-28,HOME_001,Espresso Machine & Milk Frother,Home & Living,167.53,159.99,65.0,158.6,0.0,317,4.57,601,163.7,0.0,Standard,Winter,1,1,Tuesday,28,0,51.0,30.0,38,6366.14,3896.14
2025-01-28,HOME_002,Cordless Handheld Vacuum Cleaner,Home & Living,103.44,99.99,40.0,98.49,0.0,198,4.82,539,96.12,0.0,Premium,Winter,1,1,Tuesday,28,0,63.29,45.0,54,5585.76,3425.76
2025-01-28,HOSP_001,Deluxe City Center King Room (Per Night),Hospitality & Stays,167.71,175.0,45.0,172.39,5.0,434,4.45,528,108.83,0.0,Standard,Winter,1,1,Tuesday,28,0,123.14,85.0,110,18448.1,13498.1
2025-01-28,HOSP_002,Executive Skyline Suite (Per Night),Hospitality & Stays,328.46,350.0,90.0,364.88,5.0,769,4.84,591,140.13,0.0,Budget,Winter,1,1,Tuesday,28,0,22.43,15.0,23,7554.58,5484.58
2025-01-28,RIDE_001,Standard Urban Commute Ride (10 km),Rideshare & Mobility,25.57,24.5,8.0,25.29,0.0,793,4.23,524,148.97,0.0,Budget,Winter,1,1,Tuesday,28,0,372.14,250.0,302,7722.14,5306.14
2025-01-28,RIDE_002,Premium Black Airport Transfer,Rideshare & Mobility,66.74,65.0,22.0,65.94,0.0,622,4.58,546,100.86,0.0,Budget,Winter,1,1,Tuesday,28,0,129.57,70.0,105,7007.7,4697.7
2025-01-29,APP_001,Premium Merino Wool Sweater,Apparel & Fashion,66.89,79.99,28.0,81.5,15.0,396,4.07,504,212.3,0.0,Standard,Winter,1,2,Wednesday,29,0,85.14,55.0,111,7424.79,4316.79
2025-01-29,APP_002,Breathable Performance Running Shoes,Apparel & Fashion,122.32,119.99,42.0,129.5,0.0,496,4.16,603,121.21,0.0,Standard,Winter,1,2,Wednesday,29,0,115.14,75.0,100,12232.0,8032.0
2025-01-29,APP_003,Classic Waterproof Trench Coat,Apparel & Fashion,153.14,149.99,55.0,158.03,0.0,198,4.73,569,156.91,0.0,Budget,Winter,1,2,Wednesday,29,0,44.43,25.0,38,5819.32,3729.32
2025-01-29,ELEC_001,Pro Wireless Noise-Cancelling Headphones,Electronics,206.87,199.99,85.0,176.81,0.0,438,4.84,542,104.09,0.0,Budget,Winter,1,2,Wednesday,29,0,66.14,45.0,66,13653.42,8043.42
2025-01-29,ELEC_002,Ultra HD 4K Smart TV 55-inch,Electronics,569.14,549.99,280.0,593.39,0.0,413,4.85,605,163.25,0.0,Budget,Winter,1,2,Wednesday,29,0,28.86,20.0,31,17643.34,8963.34
2025-01-29,ELEC_003,Smart Fitness Watch Gen-4,Electronics,126.25,129.99,50.0,133.2,0.0,497,4.09,557,115.09,0.0,Premium,Winter,1,2,Wednesday,29,0,88.29,60.0,77,9721.25,5871.25
2025-01-29,ELEC_004,Ergonomic Mechanical Keyboard,Electronics,90.26,89.99,35.0,89.92,0.0,185,4.29,569,134.94,0.0,Premium,Winter,1,2,Wednesday,29,0,54.0,40.0,47,4242.22,2597.22
2025-01-29,HOME_001,Espresso Machine & Milk Frother,Home & Living,150.64,159.99,65.0,164.33,10.0,257,4.55,544,152.25,0.0,Budget,Winter,1,2,Wednesday,29,0,51.43,30.0,60,9038.4,5138.4
2025-01-29,HOME_002,Cordless Handheld Vacuum Cleaner,Home & Living,102.5,99.99,40.0,95.18,0.0,133,4.79,520,186.27,0.0,Budget,Winter,1,2,Wednesday,29,0,64.0,45.0,65,6662.5,4062.5
2025-01-29,HOSP_001,Deluxe City Center King Room (Per Night),Hospitality & Stays,171.49,175.0,45.0,161.89,0.0,298,4.73,529,207.56,0.0,Budget,Winter,1,2,Wednesday,29,0,121.57,85.0,136,23322.64,17202.64
2025-01-29,HOSP_002,Executive Skyline Suite (Per Night),Hospitality & Stays,360.88,350.0,90.0,370.19,0.0,746,4.82,559,152.53,0.0,Budget,Winter,1,2,Wednesday,29,0,20.43,15.0,23,8300.24,6230.24
2025-01-29,RIDE_001,Standard Urban Commute Ride (10 km),Rideshare & Mobility,25.42,24.5,8.0,22.08,0.0,577,4.01,539,202.42,0.0,Enterprise,Winter,1,2,Wednesday,29,0,336.86,250.0,216,5490.72,3762.72
2025-01-29,RIDE_002,Premium Black Airport Transfer,Rideshare & Mobility,65.05,65.0,22.0,71.51,0.0,527,4.6,577,128.21,0.0,Premium,Winter,1,2,Wednesday,29,0,132.71,70.0,95,6179.75,4089.75
2025-01-30,APP_001,Premium Merino Wool Sweater,Apparel & Fashion,82.57,79.99,28.0,82.15,0.0,322,4.37,536,150.65,0.0,Standard,Winter,1,3,Thursday,30,0,82.57,84.53,74,6110.18,4038.18
2025-01-30,APP_002,Breathable Performance Running Shoes,Apparel & Fashion,120.48,119.99,42.0,122.64,0.0,395,4.84,566,257.82,0.0,Standard,Winter,1,3,Thursday,30,0,117.14,112.03,101,12168.48,7926.48
2025-01-30,APP_003,Classic Waterproof Trench Coat,Apparel & Fashion,146.33,149.99,55.0,157.91,0.0,158,4.69,476,117.88,0.0,Standard,Winter,1,3,Thursday,30,0,40.86,39.9,40,5853.2,3653.2
2025-01-30,ELEC_001,Pro Wireless Noise-Cancelling Headphones,Electronics,192.72,199.99,85.0,189.74,0.0,370,4.64,498,77.92,0.0,Standard,Winter,1,3,Thursday,30,0,66.29,67.47,68,13104.96,7324.96
2025-01-30,ELEC_002,Ultra HD 4K Smart TV 55-inch,Electronics,539.64,549.99,280.0,574.08,0.0,382,4.31,631,145.66,0.0,Budget,Winter,1,3,Thursday,30,0,29.86,29.27,31,16728.84,8048.84
2025-01-30,ELEC_003,Smart Fitness Watch Gen-4,Electronics,98.19,129.99,50.0,122.81,25.0,376,4.82,497,153.78,0.0,Premium,Winter,1,3,Thursday,30,0,95.0,89.27,121,11880.99,5830.99
2025-01-30,ELEC_004,Ergonomic Mechanical Keyboard,Electronics,93.23,89.99,35.0,84.29,0.0,125,4.63,645,237.74,0.0,Budget,Winter,1,3,Thursday,30,0,56.14,56.23,60,5593.8,3493.8
2025-01-30,HOME_001,Espresso Machine & Milk Frother,Home & Living,155.16,159.99,65.0,163.86,0.0,204,4.29,569,257.79,0.0,Budget,Winter,1,3,Thursday,30,0,53.14,48.27,53,8223.48,4778.48
2025-01-30,HOME_002,Cordless Handheld Vacuum Cleaner,Home & Living,97.38,99.99,40.0,103.83,0.0,679,4.72,526,142.94,0.0,Standard,Winter,1,3,Thursday,30,0,66.0,67.57,77,7498.26,4418.26
2025-01-30,HOSP_001,Deluxe City Center King Room (Per Night),Hospitality & Stays,170.92,175.0,45.0,199.85,0.0,170,4.84,575,175.01,0.0,Premium,Winter,1,3,Thursday,30,0,123.86,139.23,128,21877.76,16117.76
2025-01-30,HOSP_002,Executive Skyline Suite (Per Night),Hospitality & Stays,346.32,350.0,90.0,356.46,0.0,722,4.04,498,159.89,0.0,Budget,Winter,1,3,Thursday,30,0,21.43,22.43,24,8311.68,6151.68
2025-01-30,RIDE_001,Standard Urban Commute Ride (10 km),Rideshare & Mobility,24.37,24.5,8.0,23.05,0.0,231,4.71,532,150.94,0.0,Standard,Winter,1,3,Thursday,30,0,344.14,354.8,346,8432.02,5664.02
2025-01-30,RIDE_002,Premium Black Airport Transfer,Rideshare & Mobility,60.87,65.0,22.0,71.86,10.0,401,4.55,548,154.32,0.0,Budget,Winter,1,3,Thursday,30,0,137.43,114.87,126,7669.62,4897.62
2025-01-31,APP_001,Premium Merino Wool Sweater,Apparel & Fashion,78.59,79.99,28.0,81.95,0.0,241,4.72,576,159.1,0.0,Budget,Winter,1,4,Friday,31,0,80.29,84.57,81,6365.79,4097.79
2025-01-31,APP_002,Breathable Performance Running Shoes,Apparel & Fashion,104.65,119.99,42.0,126.91,10.0,214,4.66,544,177.25,0.0,Budget,Winter,1,4,Friday,31,0,126.57,115.1,181,18941.65,11339.65
2025-01-31,APP_003,Classic Waterproof Trench Coat,Apparel & Fashion,156.38,149.99,55.0,135.55,0.0,127,4.64,550,191.41,0.0,Budget,Winter,1,4,Friday,31,0,40.43,39.77,31,4847.78,3142.78
2025-01-31,ELEC_001,Pro Wireless Noise-Cancelling Headphones,Electronics,192.42,199.99,85.0,206.56,5.0,298,4.17,488,143.39,0.0,Budget,Winter,1,4,Friday,31,0,67.71,67.83,72,13854.24,7734.24
2025-01-31,ELEC_002,Ultra HD 4K Smart TV 55-inch,Electronics,532.71,549.99,280.0,577.4,0.0,360,4.34,536,106.18,0.0,Enterprise,Winter,1,4,Friday,31,0,29.14,29.3,22,11719.62,5559.62
2025-01-31,ELEC_003,Smart Fitness Watch Gen-4,Electronics,123.23,129.99,50.0,126.67,5.0,284,4.16,432,162.77,0.0,Standard,Winter,1,4,Friday,31,0,98.86,89.43,92,11337.16,6737.16
2025-01-31,ELEC_004,Ergonomic Mechanical Keyboard,Electronics,91.44,89.99,35.0,83.74,0.0,808,4.82,554,97.05,0.0,Standard,Winter,1,4,Friday,31,0,56.57,55.93,50,4572.0,2822.0
2025-01-31,HOME_001,Espresso Machine & Milk Frother,Home & Living,165.42,159.99,65.0,165.96,0.0,165,4.84,521,181.92,0.0,Standard,Winter,1,4,Friday,31,0,51.43,48.13,39,6451.38,3916.38
2025-01-31,HOME_002,Cordless Handheld Vacuum Cleaner,Home & Living,96.85,99.99,40.0,102.43,0.0,603,4.49,578,137.58,0.0,Budget,Winter,1,4,Friday,31,0,68.14,67.77,76,7360.6,4320.6
2025-01-31,HOSP_001,Deluxe City Center King Room (Per Night),Hospitality & Stays,161.13,175.0,45.0,162.56,5.0,576,4.09,589,119.29,0.0,Premium,Winter,1,4,Friday,31,0,126.14,138.47,113,18207.69,13122.69
2025-01-31,HOSP_002,Executive Skyline Suite (Per Night),Hospitality & Stays,350.79,350.0,90.0,341.63,0.0,701,4.47,559,175.69,0.0,Budget,Winter,1,4,Friday,31,0,21.43,21.67,21,7366.59,5476.59
2025-01-31,RIDE_001,Standard Urban Commute Ride (10 km),Rideshare & Mobility,25.07,24.5,8.0,24.06,0.0,456,4.4,554,152.37,0.0,Budget,Winter,1,4,Friday,31,0,319.43,349.9,231,5791.17,3943.17
2025-01-31,RIDE_002,Premium Black Airport Transfer,Rideshare & Mobility,67.88,65.0,22.0,62.4,0.0,294,4.38,636,243.44,0.0,Budget,Winter,1,4,Friday,31,0,119.57,115.17,107,7263.16,4909.16
2025-02-01,APP_001,Premium Merino Wool Sweater,Apparel & Fashion,64.59,79.99,28.0,82.24,20.0,117,4.11,552,177.14,0.0,Budget,Winter,2,5,Saturday,1,1,89.86,86.23,124,8009.16,4537.16
2025-02-01,APP_002,Breathable Performance Running Shoes,Apparel & Fashion,119.91,119.99,42.0,128.47,0.0,91,4.62,628,147.15,0.0,Budget,Winter,2,5,Saturday,1,1,127.29,115.47,123,14748.93,9582.93
2025-02-01,APP_003,Classic Waterproof Trench Coat,Apparel & Fashion,154.45,149.99,55.0,156.69,0.0,93,4.7,504,201.13,0.0,Budget,Winter,2,5,Saturday,1,1,38.0,39.6,34,5251.3,3381.3
2025-02-01,ELEC_001,Pro Wireless Noise-Cancelling Headphones,Electronics,196.55,199.99,85.0,184.39,0.0,228,4.14,662,133.49,0.0,Budget,Winter,2,5,Saturday,1,1,68.29,67.07,70,13758.5,7808.5
2025-02-01,ELEC_002,Ultra HD 4K Smart TV 55-inch,Electronics,548.39,549.99,280.0,552.33,0.0,330,4.6,412,182.99,0.0,Standard,Winter,2,5,Saturday,1,1,29.29,29.23,30,16451.7,8051.7
2025-02-01,ELEC_003,Smart Fitness Watch Gen-4,Electronics,114.54,129.99,50.0,140.28,15.0,182,4.56,570,117.56,0.0,Premium,Winter,2,5,Saturday,1,1,89.29,90.17,102,11683.08,6583.08
2025-02-01,ELEC_004,Ergonomic Mechanical Keyboard,Electronics,93.86,89.99,35.0,93.34,0.0,745,4.53,577,132.61,0.0,Budget,Winter,2,5,Saturday,1,1,58.14,56.8,63,5913.18,3708.18
2025-02-01,HOME_001,Espresso Machine & Milk Frother,Home & Living,165.18,159.99,65.0,167.38,0.0,132,4.65,509,209.98,0.0,Premium,Winter,2,5,Saturday,1,1,43.0,48.13,33,5450.94,3305.94
2025-02-01,HOME_002,Cordless Handheld Vacuum Cleaner,Home & Living,99.11,99.99,40.0,102.59,0.0,543,4.49,410,156.64,0.0,Standard,Winter,2,5,Saturday,1,1,68.57,68.1,60,5946.6,3546.6
2025-02-01,HOSP_001,Deluxe City Center King Room (Per Night),Hospitality & Stays,176.33,175.0,45.0,159.34,15.0,447,4.75,575,141.63,0.0,Standard,Winter,2,5,Saturday,1,1,127.14,136.27,129,22746.57,16941.57
2025-02-01,HOSP_002,Executive Skyline Suite (Per Night),Hospitality & Stays,387.11,350.0,90.0,321.89,0.0,680,4.38,590,96.42,0.0,Standard,Winter,2,5,Saturday,1,1,21.86,21.6,21,8129.31,6239.31
2025-02-01,RIDE_001,Standard Urban Commute Ride (10 km),Rideshare & Mobility,25.5,24.5,8.0,24.78,0.0,118,4.43,627,186.56,0.0,Standard,Winter,2,5,Saturday,1,1,294.0,346.8,338,8619.0,5915.0
2025-02-01,RIDE_002,Premium Black Airport Transfer,Rideshare & Mobility,57.32,65.0,22.0,64.62,10.0,142,4.18,599,153.24,0.0,Budget,Winter,2,5,Saturday,1,1,122.29,116.33,152,8712.64,5368.64
2025-02-02,APP_001,Premium Merino Wool Sweater,Apparel & Fashion,81.97,79.99,28.0,77.58,0.0,557,4.25,536,151.31,0.0,Enterprise,Winter,2,6,Sunday,2,1,83.29,85.13,47,3852.59,2536.59
2025-02-02,APP_002,Breathable Performance Running Shoes,Apparel & Fashion,115.06,119.99,42.0,114.02,0.0,618,4.44,577,124.07,0.0,Budget,Winter,2,6,Sunday,2,1,114.0,115.43,91,10470.46,6648.46
2025-02-02,APP_003,Classic Waterproof Trench Coat,Apparel & Fashion,155.63,149.99,55.0,149.92,0.0,706,4.0,576,148.07,0.0,Budget,Winter,2,6,Sunday,2,1,37.71,39.23,34,5291.42,3421.42
2025-02-02,ELEC_001,Pro Wireless Noise-Cancelling Headphones,Electronics,206.55,199.99,85.0,203.53,0.0,177,4.24,469,148.09,0.0,Premium,Winter,2,6,Sunday,2,1,64.14,66.57,51,10534.05,6199.05
2025-02-02,ELEC_002,Ultra HD 4K Smart TV 55-inch,Electronics,571.14,549.99,280.0,523.9,0.0,304,4.81,651,139.19,0.0,Standard,Winter,2,6,Sunday,2,1,29.0,29.17,26,14849.64,7569.64
2025-02-02,ELEC_003,Smart Fitness Watch Gen-4,Electronics,135.63,129.99,50.0,132.27,0.0,101,4.65,540,118.7,0.0,Standard,Winter,2,6,Sunday,2,1,86.71,90.37,81,10986.03,6936.03
2025-02-02,ELEC_004,Ergonomic Mechanical Keyboard,Electronics,75.32,89.99,35.0,88.96,20.0,648,4.59,563,153.71,0.0,Budget,Winter,2,6,Sunday,2,1,61.29,57.93,97,7306.04,3911.04
2025-02-02,HOME_001,Espresso Machine & Milk Frother,Home & Living,143.28,159.99,65.0,166.35,10.0,746,4.88,620,155.95,0.0,Standard,Winter,2,6,Sunday,2,1,45.43,49.13,60,8596.8,4696.8
2025-02-02,HOME_002,Cordless Handheld Vacuum Cleaner,Home & Living,101.05,99.99,40.0,98.09,0.0,480,4.45,599,158.12,0.0,Standard,Winter,2,6,Sunday,2,1,66.57,68.23,63,6366.15,3846.15
2025-02-02,HOSP_001,Deluxe City Center King Room (Per Night),Hospitality & Stays,198.49,175.0,45.0,172.85,0.0,326,4.4,527,171.36,0.0,Standard,Winter,2,6,Sunday,2,1,124.14,135.53,121,24017.29,18572.29
2025-02-02,HOSP_002,Executive Skyline Suite (Per Night),Hospitality & Stays,416.14,350.0,90.0,380.44,0.0,666,4.68,512,86.29,0.0,Enterprise,Winter,2,6,Sunday,2,1,21.0,21.23,14,5825.96,4565.96
2025-02-02,RIDE_001,Standard Urban Commute Ride (10 km),Rideshare & Mobility,17.68,24.5,8.0,26.12,25.0,711,4.21,563,144.91,0.0,Budget,Winter,2,6,Sunday,2,1,282.57,348.0,118,2086.24,1142.24
2025-02-02,RIDE_002,Premium Black Airport Transfer,Rideshare & Mobility,63.46,65.0,22.0,63.91,0.0,552,4.16,654,111.0,0.0,Premium,Winter,2,6,Sunday,2,1,120.86,115.9,109,6917.14,4519.14
2025-02-03,APP_001,Premium Merino Wool Sweater,Apparel & Fashion,68.16,79.99,28.0,72.43,15.0,443,4.63,592,147.49,0.0,Standard,Winter,2,0,Monday,3,0,89.14,84.6,114,7770.24,4578.24
2025-02-03,APP_002,Breathable Performance Running Shoes,Apparel & Fashion,110.52,119.99,42.0,106.48,10.0,500,4.83,624,120.02,0.0,Budget,Winter,2,0,Monday,3,0,117.71,116.4,118,13041.36,8085.36
2025-02-03,APP_003,Classic Waterproof Trench Coat,Apparel & Fashion,142.84,149.99,55.0,160.49,0.0,669,4.48,534,161.95,0.0,Standard,Winter,2,0,Monday,3,0,35.86,39.27,37,5285.08,3250.08
2025-02-03,ELEC_001,Pro Wireless Noise-Cancelling Headphones,Electronics,192.76,199.99,85.0,196.24,0.0,114,4.12,501,145.71,0.0,Standard,Winter,2,0,Monday,3,0,63.86,66.83,63,12143.88,6788.88
2025-02-03,ELEC_002,Ultra HD 4K Smart TV 55-inch,Electronics,500.13,549.99,280.0,527.32,10.0,267,4.78,535,133.35,0.0,Standard,Winter,2,0,Monday,3,0,30.0,29.63,37,18504.81,8144.81
2025-02-03,ELEC_003,Smart Fitness Watch Gen-4,Electronics,101.3,129.99,50.0,138.66,25.0,643,4.24,595,152.99,0.0,Standard,Winter,2,0,Monday,3,0,92.29,90.43,101,10231.3,5181.3
2025-02-03,ELEC_004,Ergonomic Mechanical Keyboard,Electronics,87.47,89.99,35.0,101.93,0.0,585,4.33,625,165.84,0.0,Standard,Winter,2,0,Monday,3,0,61.71,57.83,63,5510.61,3305.61
2025-02-03,HOME_001,Espresso Machine & Milk Frother,Home & Living,157.03,159.99,65.0,157.88,0.0,695,4.31,542,157.46,0.0,Budget,Winter,2,0,Monday,3,0,47.71,49.2,51,8008.53,4693.53
2025-02-03,HOME_002,Cordless Handheld Vacuum Cleaner,Home & Living,98.83,99.99,40.0,99.37,0.0,412,4.16,521,169.86,0.0,Standard,Winter,2,0,Monday,3,0,66.14,67.87,68,6720.44,4000.44
2025-02-03,HOSP_001,Deluxe City Center King Room (Per Night),Hospitality & Stays,176.52,175.0,45.0,178.18,0.0,222,4.36,649,161.9,0.0,Premium,Winter,2,0,Monday,3,0,120.14,134.43,104,18358.08,13678.08
2025-02-03,HOSP_002,Executive Skyline Suite (Per Night),Hospitality & Stays,343.16,350.0,90.0,325.49,0.0,646,4.16,640,240.38,0.0,Premium,Winter,2,0,Monday,3,0,20.86,21.17,20,6863.2,5063.2
2025-02-03,RIDE_001,Standard Urban Commute Ride (10 km),Rideshare & Mobility,21.5,24.5,8.0,25.29,10.0,103,4.9,644,114.76,0.0,Standard,Winter,2,0,Monday,3,0,308.43,355.73,608,13072.0,8208.0
2025-02-03,RIDE_002,Premium Black Airport Transfer,Rideshare & Mobility,68.23,65.0,22.0,70.13,0.0,446,4.34,627,113.8,0.0,Standard,Winter,2,0,Monday,3,0,114.29,114.53,106,7232.38,4900.38
2025-02-04,APP_001,Premium Merino Wool Sweater,Apparel & Fashion,74.03,79.99,28.0,84.4,10.0,361,4.27,546,86.95,0.0,Premium,Winter,2,1,Tuesday,4,0,90.43,84.5,82,6070.46,3774.46
2025-02-04,APP_002,Breathable Performance Running Shoes,Apparel & Fashion,121.39,119.99,42.0,120.67,0.0,401,4.5,570,159.49,0.0,Standard,Winter,2,1,Tuesday,4,0,116.14,115.97,99,12017.61,7859.61
2025-02-04,APP_003,Classic Waterproof Trench Coat,Apparel & Fashion,150.77,149.99,55.0,160.91,0.0,638,4.76,676,124.47,0.0,Standard,Winter,2,1,Tuesday,4,0,35.0,38.67,31,4673.87,2968.87
2025-02-04,ELEC_001,Pro Wireless Noise-Cancelling Headphones,Electronics,193.57,199.99,85.0,191.41,5.0,556,4.05,610,145.38,0.0,Budget,Winter,2,1,Tuesday,4,0,66.43,67.17,75,14517.75,8142.75
2025-02-04,ELEC_002,Ultra HD 4K Smart TV 55-inch,Electronics,530.03,549.99,280.0,559.57,0.0,230,4.66,531,196.08,0.0,Standard,Winter,2,1,Tuesday,4,0,30.57,29.83,37,19611.11,9251.11
2025-02-04,ELEC_003,Smart Fitness Watch Gen-4,Electronics,118.5,129.99,50.0,136.5,10.0,551,4.63,523,142.96,0.0,Premium,Winter,2,1,Tuesday,4,0,95.14,90.67,92,10902.0,6302.0
2025-02-04,ELEC_004,Ergonomic Mechanical Keyboard,Electronics,90.64,89.99,35.0,93.64,0.0,522,4.8,609,177.05,0.0,Budget,Winter,2,1,Tuesday,4,0,63.29,58.0,63,5710.32,3505.32
2025-02-04,HOME_001,Espresso Machine & Milk Frother,Home & Living,154.76,159.99,65.0,156.01,0.0,645,4.77,556,123.72,0.0,Budget,Winter,2,1,Tuesday,4,0,49.43,49.37,50,7738.0,4488.0
2025-02-04,HOME_002,Cordless Handheld Vacuum Cleaner,Home & Living,100.26,99.99,40.0,89.32,0.0,353,4.55,517,147.33,0.0,Budget,Winter,2,1,Tuesday,4,0,66.86,67.3,59,5915.34,3555.34
2025-02-04,HOSP_001,Deluxe City Center King Room (Per Night),Hospitality & Stays,178.54,175.0,45.0,182.28,0.0,124,4.19,514,169.87,0.0,Standard,Winter,2,1,Tuesday,4,0,118.43,134.83,98,17496.92,13086.92
2025-02-04,HOSP_002,Executive Skyline Suite (Per Night),Hospitality & Stays,352.64,350.0,90.0,373.37,0.0,623,4.19,558,190.78,0.0,Budget,Winter,2,1,Tuesday,4,0,20.86,21.0,23,8110.72,6040.72
2025-02-04,RIDE_001,Standard Urban Commute Ride (10 km),Rideshare & Mobility,19.22,24.5,8.0,23.99,25.0,419,4.24,568,206.15,0.0,Premium,Winter,2,1,Tuesday,4,0,280.0,347.77,103,1979.66,1155.66
2025-02-04,RIDE_002,Premium Black Airport Transfer,Rideshare & Mobility,67.39,65.0,22.0,62.7,0.0,365,4.7,673,118.92,0.0,Standard,Winter,2,1,Tuesday,4,0,110.86,113.4,81,5458.59,3676.59
2025-02-05,APP_001,Premium Merino Wool Sweater,Apparel & Fashion,78.25,79.99,28.0,75.08,0.0,308,4.29,590,128.48,0.0,Enterprise,Winter,2,2,Wednesday,5,0,82.14,83.97,53,4147.25,2663.25
2025-02-05,APP_002,Breathable Performance Running Shoes,Apparel & Fashion,123.36,119.99,42.0,124.3,0.0,287,4.83,584,151.08,0.0,Budget,Winter,2,2,Wednesday,5,0,118.14,115.9,114,14063.04,9275.04
2025-02-05,APP_003,Classic Waterproof Trench Coat,Apparel & Fashion,151.19,149.99,55.0,144.06,0.0,608,4.57,497,96.05,0.0,Standard,Winter,2,2,Wednesday,5,0,33.86,38.87,30,4535.7,2885.7
2025-02-05,ELEC_001,Pro Wireless Noise-Cancelling Headphones,Electronics,209.09,199.99,85.0,209.44,0.0,492,4.66,633,234.89,0.0,Standard,Winter,2,2,Wednesday,5,0,66.14,67.67,64,13381.76,7941.76
2025-02-05,ELEC_002,Ultra HD 4K Smart TV 55-inch,Electronics,523.33,549.99,280.0,538.69,0.0,197,4.52,563,225.86,0.0,Standard,Winter,2,2,Wednesday,5,0,30.86,30.03,33,17269.89,8029.89
2025-02-05,ELEC_003,Smart Fitness Watch Gen-4,Electronics,129.77,129.99,50.0,119.06,0.0,466,4.8,555,205.14,0.0,Budget,Winter,2,2,Wednesday,5,0,96.29,89.83,85,11030.45,6780.45
2025-02-05,ELEC_004,Ergonomic Mechanical Keyboard,Electronics,93.09,89.99,35.0,91.98,0.0,470,4.51,579,175.01,0.0,Standard,Winter,2,2,Wednesday,5,0,64.0,57.73,52,4840.68,3020.68
2025-02-05,HOME_001,Espresso Machine & Milk Frother,Home & Living,166.54,159.99,65.0,147.54,0.0,607,4.32,625,190.89,0.0,Budget,Winter,2,2,Wednesday,5,0,46.29,49.27,38,6328.52,3858.52
2025-02-05,HOME_002,Cordless Handheld Vacuum Cleaner,Home & Living,104.64,99.99,40.0,100.68,0.0,290,4.54,553,104.53,0.0,Budget,Winter,2,2,Wednesday,5,0,66.57,67.13,63,6592.32,4072.32
2025-02-05,HOSP_001,Deluxe City Center King Room (Per Night),Hospitality & Stays,173.81,175.0,45.0,168.6,0.0,808,4.04,640,234.87,0.0,Premium,Winter,2,2,Wednesday,5,0,115.29,135.4,114,19814.34,14684.34
2025-02-05,HOSP_002,Executive Skyline Suite (Per Night),Hospitality & Stays,272.21,350.0,90.0,339.42,20.0,587,4.84,613,110.95,0.0,Budget,Winter,2,2,Wednesday,5,0,22.71,21.57,36,9799.56,6559.56
2025-02-05,RIDE_001,Standard Urban Commute Ride (10 km),Rideshare & Mobility,23.96,24.5,8.0,24.35,5.0,519,4.23,590,191.89,0.0,Standard,Winter,2,2,Wednesday,5,0,300.57,344.47,360,8625.6,5745.6
2025-02-05,RIDE_002,Premium Black Airport Transfer,Rideshare & Mobility,68.22,65.0,22.0,63.2,0.0,287,4.7,511,109.77,0.0,Premium,Winter,2,2,Wednesday,5,0,108.43,113.17,78,5321.16,3605.16
2025-02-06,APP_001,Premium Merino Wool Sweater,Apparel & Fashion,81.16,79.99,28.0,80.23,0.0,229,4.32,563,197.41,0.0,Standard,Winter,2,3,Thursday,6,0,82.86,83.67,79,6411.64,4199.64
2025-02-06,APP_002,Breathable Performance Running Shoes,Apparel & Fashion,110.45,119.99,42.0,128.74,10.0,169,4.87,561,89.96,0.0,Premium,Winter,2,3,Thursday,6,0,120.57,116.13,118,13033.1,8077.1
2025-02-06,APP_003,Classic Waterproof Trench Coat,Apparel & Fashion,123.3,149.99,55.0,147.06,20.0,563,4.57,542,175.59,0.0,Premium,Winter,2,3,Thursday,6,0,34.57,39.2,45,5548.5,3073.5
2025-02-06,ELEC_001,Pro Wireless Noise-Cancelling Headphones,Electronics,190.28,199.99,85.0,192.68,0.0,420,4.1,508,167.75,0.0,Standard,Winter,2,3,Thursday,6,0,66.71,68.17,72,13700.16,7580.16
2025-02-06,ELEC_002,Ultra HD 4K Smart TV 55-inch,Electronics,481.56,549.99,280.0,568.27,15.0,145,4.09,576,104.79,0.0,Budget,Winter,2,3,Thursday,6,0,33.86,30.8,52,25041.12,10481.12
2025-02-06,ELEC_003,Smart Fitness Watch Gen-4,Electronics,126.23,129.99,50.0,131.61,0.0,399,4.45,571,130.49,0.0,Premium,Winter,2,3,Thursday,6,0,88.57,88.77,67,8457.41,5107.41
2025-02-06,ELEC_004,Ergonomic Mechanical Keyboard,Electronics,89.72,89.99,35.0,79.62,0.0,416,4.04,655,144.14,0.0,Standard,Winter,2,3,Thursday,6,0,63.14,57.27,54,4844.88,2954.88
2025-02-06,HOME_001,Espresso Machine & Milk Frother,Home & Living,143.0,159.99,65.0,162.31,10.0,549,4.83,497,78.61,0.0,Budget,Winter,2,3,Thursday,6,0,47.0,49.53,58,8294.0,4524.0
2025-02-06,HOME_002,Cordless Handheld Vacuum Cleaner,Home & Living,86.62,99.99,40.0,103.98,15.0,211,4.59,574,180.37,0.0,Premium,Winter,2,3,Thursday,6,0,66.86,66.5,79,6842.98,3682.98
2025-02-06,HOSP_001,Deluxe City Center King Room (Per Night),Hospitality & Stays,182.68,175.0,45.0,168.4,0.0,734,4.2,505,133.74,0.0,Enterprise,Winter,2,3,Thursday,6,0,107.57,133.37,74,13518.32,10188.32
2025-02-06,HOSP_002,Executive Skyline Suite (Per Night),Hospitality & Stays,364.48,350.0,90.0,346.09,0.0,567,4.34,505,178.27,0.0,Budget,Winter,2,3,Thursday,6,0,22.14,21.67,20,7289.6,5489.6
2025-02-06,RIDE_001,Standard Urban Commute Ride (10 km),Rideshare & Mobility,24.04,24.5,8.0,25.75,0.0,170,4.4,553,112.47,0.0,Budget,Winter,2,3,Thursday,6,0,301.0,343.43,349,8389.96,5597.96
2025-02-06,RIDE_002,Premium Black Airport Transfer,Rideshare & Mobility,62.52,65.0,22.0,66.56,0.0,207,4.25,587,96.83,0.0,Enterprise,Winter,2,3,Thursday,6,0,101.86,112.97,80,5001.6,3241.6
2025-02-07,APP_001,Premium Merino Wool Sweater,Apparel & Fashion,76.22,79.99,28.0,81.28,0.0,160,4.37,534,101.05,0.0,Standard,Winter,2,4,Friday,7,0,81.14,80.4,69,5259.18,3327.18
2025-02-07,APP_002,Breathable Performance Running Shoes,Apparel & Fashion,124.4,119.99,42.0,122.69,0.0,85,4.15,608,135.21,0.0,Premium,Winter,2,4,Friday,7,0,106.71,115.47,84,10449.6,6921.6
2025-02-07,APP_003,Classic Waterproof Trench Coat,Apparel & Fashion,155.04,149.99,55.0,151.1,0.0,532,4.15,605,121.06,0.0,Standard,Winter,2,4,Friday,7,0,34.57,39.27,31,4806.24,3101.24
2025-02-07,ELEC_001,Pro Wireless Noise-Cancelling Headphones,Electronics,193.45,199.99,85.0,199.8,0.0,359,4.39,527,215.3,0.0,Standard,Winter,2,4,Friday,7,0,65.14,68.53,61,11800.45,6615.45
2025-02-07,ELEC_002,Ultra HD 4K Smart TV 55-inch,Electronics,524.27,549.99,280.0,554.08,0.0,110,4.59,540,111.92,0.0,Budget,Winter,2,4,Friday,7,0,35.71,31.07,35,18349.45,8549.45
2025-02-07,ELEC_003,Smart Fitness Watch Gen-4,Electronics,131.19,129.99,50.0,125.26,0.0,318,4.34,610,249.9,0.0,Standard,Winter,2,4,Friday,7,0,87.0,89.27,81,10626.39,6576.39
2025-02-07,ELEC_004,Ergonomic Mechanical Keyboard,Electronics,83.05,89.99,35.0,93.67,5.0,348,4.18,523,167.92,0.0,Standard,Winter,2,4,Friday,7,0,65.71,57.27,68,5647.4,3267.4
2025-02-07,HOME_001,Espresso Machine & Milk Frother,Home & Living,163.47,159.99,65.0,175.79,0.0,513,4.43,537,143.3,0.0,Premium,Winter,2,4,Friday,7,0,46.57,48.77,36,5884.92,3544.92
2025-02-07,HOME_002,Cordless Handheld Vacuum Cleaner,Home & Living,104.46,99.99,40.0,112.47,0.0,171,4.81,586,118.78,0.0,Enterprise,Winter,2,4,Friday,7,0,61.71,65.73,40,4178.4,2578.4
2025-02-07,HOSP_001,Deluxe City Center King Room (Per Night),Hospitality & Stays,183.21,175.0,45.0,180.03,0.0,638,4.57,540,109.21,0.0,Premium,Winter,2,4,Friday,7,0,105.14,132.73,96,17588.16,13268.16
2025-02-07,HOSP_002,Executive Skyline Suite (Per Night),Hospitality & Stays,339.02,350.0,90.0,346.33,0.0,550,4.13,619,137.21,0.0,Enterprise,Winter,2,4,Friday,7,0,21.57,21.63,17,5763.34,4233.34
2025-02-07,RIDE_001,Standard Urban Commute Ride (10 km),Rideshare & Mobility,24.83,24.5,8.0,24.84,0.0,783,4.69,530,93.98,0.0,Budget,Winter,2,4,Friday,7,0,292.29,336.43,170,4221.1,2861.1
2025-02-07,RIDE_002,Premium Black Airport Transfer,Rideshare & Mobility,65.43,65.0,22.0,64.91,0.0,83,4.09,559,132.11,0.0,Budget,Winter,2,4,Friday,7,0,104.29,113.23,124,8113.32,5385.32
2025-02-08,APP_001,Premium Merino Wool Sweater,Apparel & Fashion,66.47,79.99,28.0,75.57,20.0,731,4.66,518,90.93,0.0,Standard,Winter,2,5,Saturday,8,1,80.86,81.07,122,8109.34,4693.34
2025-02-08,APP_002,Breathable Performance Running Shoes,Apparel & Fashion,114.35,119.99,42.0,135.45,0.0,424,4.33,572,169.21,0.0,Premium,Winter,2,5,Saturday,8,1,101.29,114.13,85,9719.75,6149.75
2025-02-08,APP_003,Classic Waterproof Trench Coat,Apparel & Fashion,151.55,149.99,55.0,152.09,0.0,495,4.19,556,126.5,0.0,Standard,Winter,2,5,Saturday,8,1,35.0,39.2,37,5607.35,3572.35
2025-02-08,ELEC_001,Pro Wireless Noise-Cancelling Headphones,Electronics,200.05,199.99,85.0,198.71,0.0,287,4.77,552,110.74,0.0,Budget,Winter,2,5,Saturday,8,1,65.43,69.0,72,14403.6,8283.6
2025-02-08,ELEC_002,Ultra HD 4K Smart TV 55-inch,Electronics,567.52,549.99,280.0,502.02,0.0,85,4.89,605,73.69,0.0,Budget,Winter,2,5,Saturday,8,1,35.0,31.07,25,14188.0,7188.0
2025-02-08,ELEC_003,Smart Fitness Watch Gen-4,Electronics,110.95,129.99,50.0,138.34,15.0,180,4.12,399,144.04,0.0,Budget,Winter,2,5,Saturday,8,1,92.14,90.93,138,15311.1,8411.1
2025-02-08,ELEC_004,Ergonomic Mechanical Keyboard,Electronics,94.08,89.99,35.0,87.3,0.0,287,4.22,532,132.64,0.0,Budget,Winter,2,5,Saturday,8,1,65.43,57.67,61,5738.88,3603.88
2025-02-08,HOME_001,Espresso Machine & Milk Frother,Home & Living,155.68,159.99,65.0,160.74,0.0,475,4.09,584,111.91,0.0,Premium,Winter,2,5,Saturday,8,1,47.29,48.7,38,5915.84,3445.84
2025-02-08,HOME_002,Cordless Handheld Vacuum Cleaner,Home & Living,99.75,99.99,40.0,97.8,0.0,123,4.75,583,101.39,0.0,Premium,Winter,2,5,Saturday,8,1,60.0,62.87,48,4788.0,2868.0
2025-02-08,HOSP_001,Deluxe City Center King Room (Per Night),Hospitality & Stays,180.56,175.0,45.0,182.46,0.0,471,4.72,595,159.54,0.0,Standard,Winter,2,5,Saturday,8,1,110.57,126.93,167,30153.52,22638.52
2025-02-08,HOSP_002,Executive Skyline Suite (Per Night),Hospitality & Stays,398.83,350.0,90.0,371.14,0.0,527,4.02,580,195.51,0.0,Standard,Winter,2,5,Saturday,8,1,21.86,21.77,23,9173.09,7103.09
2025-02-08,RIDE_001,Standard Urban Commute Ride (10 km),Rideshare & Mobility,24.75,24.5,8.0,25.04,0.0,256,4.48,614,153.72,0.0,Budget,Winter,2,5,Saturday,8,1,319.29,341.8,527,13043.25,8827.25
2025-02-08,RIDE_002,Premium Black Airport Transfer,Rideshare & Mobility,46.57,65.0,22.0,68.35,25.0,655,4.67,511,221.69,0.0,Premium,Winter,2,5,Saturday,8,1,94.43,112.13,83,3865.31,2039.31
2025-02-09,APP_001,Premium Merino Wool Sweater,Apparel & Fashion,77.12,79.99,28.0,85.66,0.0,642,4.14,638,185.78,0.0,Standard,Winter,2,6,Sunday,9,1,86.86,81.4,89,6863.68,4371.68
2025-02-09,APP_002,Breathable Performance Running Shoes,Apparel & Fashion,116.93,119.99,42.0,115.35,0.0,314,4.66,600,162.24,0.0,Standard,Winter,2,6,Sunday,9,1,104.0,114.0,110,12862.3,8242.3
2025-02-09,APP_003,Classic Waterproof Trench Coat,Apparel & Fashion,156.92,149.99,55.0,149.24,0.0,457,4.41,625,231.38,0.0,Budget,Winter,2,6,Sunday,9,1,35.57,39.2,38,5962.96,3872.96
2025-02-09,ELEC_001,Pro Wireless Noise-Cancelling Headphones,Electronics,208.79,199.99,85.0,197.97,0.0,236,4.52,581,213.44,0.0,Standard,Winter,2,6,Sunday,9,1,65.43,68.77,51,10648.29,6313.29
2025-02-09,ELEC_002,Ultra HD 4K Smart TV 55-inch,Electronics,534.95,549.99,280.0,553.55,0.0,792,4.55,562,169.44,0.0,Standard,Winter,2,6,Sunday,9,1,35.14,30.93,27,14443.65,6883.65
2025-02-09,ELEC_003,Smart Fitness Watch Gen-4,Electronics,125.88,129.99,50.0,123.45,0.0,117,4.23,580,81.34,0.0,Premium,Winter,2,6,Sunday,9,1,89.57,89.33,63,7930.44,4780.44
2025-02-09,ELEC_004,Ergonomic Mechanical Keyboard,Electronics,87.68,89.99,35.0,86.54,0.0,238,4.65,574,158.58,0.0,Premium,Winter,2,6,Sunday,9,1,58.57,57.33,49,4296.32,2581.32
2025-02-09,HOME_001,Espresso Machine & Milk Frother,Home & Living,160.56,159.99,65.0,164.74,0.0,427,4.67,569,127.98,0.0,Budget,Winter,2,6,Sunday,9,1,45.57,48.83,48,7706.88,4586.88
2025-02-09,HOME_002,Cordless Handheld Vacuum Cleaner,Home & Living,95.56,99.99,40.0,100.48,0.0,542,4.08,537,110.96,0.0,Standard,Winter,2,6,Sunday,9,1,60.57,63.23,67,6402.52,3722.52
2025-02-09,HOSP_001,Deluxe City Center King Room (Per Night),Hospitality & Stays,195.13,175.0,45.0,163.45,0.0,376,4.44,629,194.32,0.0,Premium,Winter,2,6,Sunday,9,1,106.86,125.17,95,18537.35,14262.35
2025-02-09,HOSP_002,Executive Skyline Suite (Per Night),Hospitality & Stays,443.34,350.0,90.0,356.62,0.0,513,4.24,523,104.82,0.0,Premium,Winter,2,6,Sunday,9,1,21.86,21.13,14,6206.76,4946.76
2025-02-09,RIDE_001,Standard Urban Commute Ride (10 km),Rideshare & Mobility,23.46,24.5,8.0,21.26,0.0,542,4.86,465,232.97,0.0,Budget,Winter,2,6,Sunday,9,1,339.0,336.83,256,6005.76,3957.76
2025-02-09,RIDE_002,Premium Black Airport Transfer,Rideshare & Mobility,50.54,65.0,22.0,66.72,25.0,507,4.11,539,87.46,0.0,Premium,Winter,2,6,Sunday,9,1,100.0,113.07,148,7479.92,4223.92
2025-02-10,APP_001,Premium Merino Wool Sweater,Apparel & Fashion,83.03,79.99,28.0,82.06,0.0,570,4.55,546,135.53,0.0,Standard,Winter,2,0,Monday,10,0,80.86,80.7,72,5978.16,3962.16
2025-02-10,APP_002,Breathable Performance Running Shoes,Apparel & Fashion,119.93,119.99,42.0,111.6,0.0,204,4.02,650,195.78,0.0,Budget,Winter,2,0,Monday,10,0,102.86,114.17,110,13192.3,8572.3
2025-02-10,APP_003,Classic Waterproof Trench Coat,Apparel & Fashion,142.69,149.99,55.0,156.73,0.0,410,4.9,626,99.9,0.0,Budget,Winter,2,0,Monday,10,0,37.0,39.8,47,6706.43,4121.43
2025-02-10,ELEC_001,Pro Wireless Noise-Cancelling Headphones,Electronics,209.21,199.99,85.0,206.86,0.0,175,4.81,583,161.24,0.0,Budget,Winter,2,0,Monday,10,0,65.14,68.47,61,12761.81,7576.81
2025-02-10,ELEC_002,Ultra HD 4K Smart TV 55-inch,Electronics,542.43,549.99,280.0,547.42,0.0,762,4.73,646,106.88,0.0,Budget,Winter,2,0,Monday,10,0,34.14,31.07,30,16272.9,7872.9
2025-02-10,ELEC_003,Smart Fitness Watch Gen-4,Electronics,130.11,129.99,50.0,121.75,0.0,669,4.13,571,197.17,0.0,Standard,Winter,2,0,Monday,10,0,88.14,88.83,91,11840.01,7290.01
2025-02-10,ELEC_004,Ergonomic Mechanical Keyboard,Electronics,88.83,89.99,35.0,89.88,0.0,200,4.17,605,100.85,0.0,Enterprise,Winter,2,0,Monday,10,0,55.0,56.63,38,3375.54,2045.54
2025-02-10,HOME_001,Espresso Machine & Milk Frother,Home & Living,129.84,159.99,65.0,161.47,15.0,381,4.88,601,21.72,0.0,Enterprise,Winter,2,0,Monday,10,0,44.86,48.93,46,5972.64,2982.64
2025-02-10,HOME_002,Cordless Handheld Vacuum Cleaner,Home & Living,102.45,99.99,40.0,98.11,0.0,490,4.05,595,155.19,0.0,Standard,Winter,2,0,Monday,10,0,58.29,63.8,52,5327.4,3247.4
2025-02-10,HOSP_001,Deluxe City Center King Room (Per Night),Hospitality & Stays,166.95,175.0,45.0,176.23,0.0,260,4.13,597,148.31,0.0,Premium,Winter,2,0,Monday,10,0,108.57,124.6,116,19366.2,14146.2
2025-02-10,HOSP_002,Executive Skyline Suite (Per Night),Hospitality & Stays,348.08,350.0,90.0,350.63,0.0,492,4.48,605,169.28,0.0,Standard,Winter,2,0,Monday,10,0,22.0,21.07,21,7309.68,5419.68
2025-02-10,RIDE_001,Standard Urban Commute Ride (10 km),Rideshare & Mobility,24.4,24.5,8.0,23.95,0.0,155,4.24,587,131.65,0.0,Standard,Winter,2,0,Monday,10,0,307.43,333.77,387,9442.8,6346.8
2025-02-10,RIDE_002,Premium Black Airport Transfer,Rideshare & Mobility,67.28,65.0,22.0,65.51,0.0,404,4.09,579,126.38,0.0,Standard,Winter,2,0,Monday,10,0,99.57,111.27,103,6929.84,4663.84
2025-02-11,APP_001,Premium Merino Wool Sweater,Apparel & Fashion,77.35,79.99,28.0,72.23,0.0,501,4.32,568,190.13,0.0,Premium,Winter,2,1,Tuesday,11,0,79.0,80.73,69,5337.15,3405.15
2025-02-11,APP_002,Breathable Performance Running Shoes,Apparel & Fashion,116.99,119.99,42.0,123.11,0.0,129,4.84,515,185.82,0.0,Enterprise,Winter,2,1,Tuesday,11,0,99.43,111.53,75,8774.25,5624.25
2025-02-11,APP_003,Classic Waterproof Trench Coat,Apparel & Fashion,142.69,149.99,55.0,142.55,5.0,366,4.72,598,161.59,0.0,Budget,Winter,2,1,Tuesday,11,0,38.86,40.2,44,6278.36,3858.36
2025-02-11,ELEC_001,Pro Wireless Noise-Cancelling Headphones,Electronics,175.68,199.99,85.0,208.84,10.0,92,4.45,558,108.28,0.0,Premium,Winter,2,1,Tuesday,11,0,66.29,68.7,83,14581.44,7526.44
2025-02-11,ELEC_002,Ultra HD 4K Smart TV 55-inch,Electronics,534.66,549.99,280.0,508.21,0.0,732,4.34,440,169.38,0.0,Standard,Winter,2,1,Tuesday,11,0,33.14,30.77,30,16039.8,7639.8
2025-02-11,ELEC_003,Smart Fitness Watch Gen-4,Electronics,129.19,129.99,50.0,130.16,0.0,576,4.49,568,155.85,0.0,Standard,Winter,2,1,Tuesday,11,0,88.29,89.3,93,12014.67,7364.67
2025-02-11,ELEC_004,Ergonomic Mechanical Keyboard,Electronics,90.33,89.99,35.0,90.84,0.0,143,4.6,539,155.72,0.0,Budget,Winter,2,1,Tuesday,11,0,54.14,56.67,57,5148.81,3153.81
2025-02-11,HOME_001,Espresso Machine & Milk Frother,Home & Living,153.77,159.99,65.0,188.13,0.0,329,4.89,627,145.92,0.0,Budget,Winter,2,1,Tuesday,11,0,45.14,49.27,52,7996.04,4616.04
2025-02-11,HOME_002,Cordless Handheld Vacuum Cleaner,Home & Living,77.62,99.99,40.0,102.6,20.0,344,4.28,672,184.6,0.0,Budget,Winter,2,1,Tuesday,11,0,70.71,66.07,146,11332.52,5492.52
2025-02-11,HOSP_001,Deluxe City Center King Room (Per Night),Hospitality & Stays,140.89,175.0,45.0,193.03,20.0,857,4.32,559,146.03,0.0,Standard,Winter,2,1,Tuesday,11,0,122.43,127.97,195,27473.55,18698.55
2025-02-11,HOSP_002,Executive Skyline Suite (Per Night),Hospitality & Stays,318.25,350.0,90.0,349.12,10.0,465,4.74,656,161.03,0.0,Budget,Winter,2,1,Tuesday,11,0,22.57,21.4,27,8592.75,6162.75
2025-02-11,RIDE_001,Standard Urban Commute Ride (10 km),Rideshare & Mobility,24.51,24.5,8.0,24.42,0.0,524,4.86,589,173.86,0.0,Standard,Winter,2,1,Tuesday,11,0,314.86,326.6,155,3799.05,2559.05
2025-02-11,RIDE_002,Premium Black Airport Transfer,Rideshare & Mobility,60.67,65.0,22.0,62.39,10.0,290,4.49,608,137.86,0.0,Budget,Winter,2,1,Tuesday,11,0,104.29,110.8,114,6916.38,4408.38
2025-02-12,APP_001,Premium Merino Wool Sweater,Apparel & Fashion,76.61,79.99,28.0,78.52,0.0,434,4.23,622,138.78,0.0,Premium,Winter,2,2,Wednesday,12,0,81.0,80.37,67,5132.87,3256.87
2025-02-12,APP_002,Breathable Performance Running Shoes,Apparel & Fashion,89.96,119.99,42.0,117.21,25.0,785,4.42,672,123.19,0.0,Standard,Winter,2,2,Wednesday,12,0,101.57,112.8,129,11604.84,6186.84
2025-02-12,APP_003,Classic Waterproof Trench Coat,Apparel & Fashion,156.72,149.99,55.0,145.34,0.0,338,4.01,615,229.33,0.0,Standard,Winter,2,2,Wednesday,12,0,38.57,38.17,28,4388.16,2848.16
2025-02-12,ELEC_001,Pro Wireless Noise-Cancelling Headphones,Electronics,200.95,199.99,85.0,199.09,0.0,457,4.38,558,224.82,0.0,Standard,Winter,2,2,Wednesday,12,0,67.14,69.17,70,14066.5,8116.5
2025-02-12,ELEC_002,Ultra HD 4K Smart TV 55-inch,Electronics,529.02,549.99,280.0,498.57,0.0,694,4.84,564,163.44,0.0,Budget,Winter,2,2,Wednesday,12,0,33.86,31.37,38,20102.76,9462.76
2025-02-12,ELEC_003,Smart Fitness Watch Gen-4,Electronics,101.75,129.99,50.0,134.95,20.0,430,4.8,486,110.85,0.0,Standard,Winter,2,2,Wednesday,12,0,97.0,90.73,146,14855.5,7555.5
2025-02-12,ELEC_004,Ergonomic Mechanical Keyboard,Electronics,82.44,89.99,35.0,86.0,10.0,768,4.21,552,190.29,0.0,Standard,Winter,2,2,Wednesday,12,0,55.86,57.07,64,5276.16,3036.16
2025-02-12,HOME_001,Espresso Machine & Milk Frother,Home & Living,142.99,159.99,65.0,159.83,10.0,281,4.61,614,196.04,0.0,Premium,Winter,2,2,Wednesday,12,0,46.57,49.17,48,6863.52,3743.52
2025-02-12,HOME_002,Cordless Handheld Vacuum Cleaner,Home & Living,104.63,99.99,40.0,100.71,0.0,290,4.29,572,117.27,0.0,Standard,Winter,2,2,Wednesday,12,0,69.43,65.37,54,5650.02,3490.02
2025-02-12,HOSP_001,Deluxe City Center King Room (Per Night),Hospitality & Stays,180.17,175.0,45.0,177.55,0.0,734,4.36,551,170.23,0.0,Budget,Winter,2,2,Wednesday,12,0,123.71,127.33,123,22160.91,16625.91
2025-02-12,HOSP_002,Executive Skyline Suite (Per Night),Hospitality & Stays,361.25,350.0,90.0,352.2,0.0,447,4.04,532,151.95,0.0,Standard,Winter,2,2,Wednesday,12,0,20.0,21.27,18,6502.5,4882.5
2025-02-12,RIDE_001,Standard Urban Commute Ride (10 km),Rideshare & Mobility,25.55,24.5,8.0,23.29,0.0,244,4.35,654,155.21,0.0,Budget,Winter,2,2,Wednesday,12,0,303.43,326.27,280,7154.0,4914.0
2025-02-12,RIDE_002,Premium Black Airport Transfer,Rideshare & Mobility,64.14,65.0,22.0,65.49,0.0,189,4.05,636,144.37,0.0,Budget,Winter,2,2,Wednesday,12,0,107.57,110.4,101,6478.14,4256.14
2025-02-13,APP_001,Premium Merino Wool Sweater,Apparel & Fashion,79.66,79.99,28.0,83.15,0.0,362,4.87,488,186.27,0.0,Standard,Winter,2,3,Thursday,13,0,80.0,80.77,72,5735.52,3719.52
2025-02-13,APP_002,Breathable Performance Running Shoes,Apparel & Fashion,117.33,119.99,42.0,119.71,0.0,710,4.47,520,119.87,0.0,Enterprise,Winter,2,3,Thursday,13,0,95.43,110.73,75,8799.75,5649.75
2025-02-13,APP_003,Classic Waterproof Trench Coat,Apparel & Fashion,123.48,149.99,55.0,141.68,15.0,285,4.04,605,134.66,0.0,Standard,Winter,2,3,Thursday,13,0,39.71,38.53,53,6544.44,3629.44
2025-02-13,ELEC_001,Pro Wireless Noise-Cancelling Headphones,Electronics,208.6,199.99,85.0,212.77,0.0,407,4.77,556,212.11,0.0,Premium,Winter,2,3,Thursday,13,0,64.0,68.57,50,10430.0,6180.0
2025-02-13,ELEC_002,Ultra HD 4K Smart TV 55-inch,Electronics,518.31,549.99,280.0,481.56,10.0,663,4.51,553,136.3,0.0,Standard,Winter,2,3,Thursday,13,0,30.86,31.77,31,16067.61,7387.61
2025-02-13,ELEC_003,Smart Fitness Watch Gen-4,Electronics,133.62,129.99,50.0,133.25,0.0,359,4.02,552,214.64,0.0,Premium,Winter,2,3,Thursday,13,0,97.57,90.43,71,9487.02,5937.02
2025-02-13,ELEC_004,Ergonomic Mechanical Keyboard,Electronics,94.32,89.99,35.0,92.32,0.0,713,4.5,548,152.86,0.0,Budget,Winter,2,3,Thursday,13,0,56.0,57.13,55,5187.6,3262.6
2025-02-13,HOME_001,Espresso Machine & Milk Frother,Home & Living,167.32,159.99,65.0,171.99,0.0,251,4.07,681,216.1,0.0,Premium,Winter,2,3,Thursday,13,0,42.57,48.67,30,5019.6,3069.6
2025-02-13,HOME_002,Cordless Handheld Vacuum Cleaner,Home & Living,104.86,99.99,40.0,97.38,0.0,243,4.58,530,277.48,0.0,Standard,Winter,2,3,Thursday,13,0,64.86,64.97,47,4928.42,3048.42
2025-02-13,HOSP_001,Deluxe City Center King Room (Per Night),Hospitality & Stays,166.98,175.0,45.0,163.23,0.0,611,4.17,633,198.0,0.0,Standard,Winter,2,3,Thursday,13,0,130.71,127.97,123,20538.54,15003.54
2025-02-13,HOSP_002,Executive Skyline Suite (Per Night),Hospitality & Stays,365.86,350.0,90.0,333.85,0.0,424,4.45,630,156.11,0.0,Budget,Winter,2,3,Thursday,13,0,20.43,21.47,23,8414.78,6344.78
2025-02-13,RIDE_001,Standard Urban Commute Ride (10 km),Rideshare & Mobility,24.51,24.5,8.0,25.54,0.0,562,4.7,549,158.14,0.0,Standard,Winter,2,3,Thursday,13,0,288.43,329.37,244,5980.44,4028.44
2025-02-13,RIDE_002,Premium Black Airport Transfer,Rideshare & Mobility,62.22,65.0,22.0,64.05,0.0,605,4.4,561,128.12,0.0,Budget,Winter,2,3,Thursday,13,0,113.43,111.53,121,7528.62,4866.62
2025-02-14,APP_001,Premium Merino Wool Sweater,Apparel & Fashion,76.78,79.99,28.0,79.92,0.0,283,4.06,551,168.0,0.0,Standard,Winter,2,4,Friday,14,0,81.43,80.43,79,6065.62,3853.62
2025-02-14,APP_002,Breathable Performance Running Shoes,Apparel & Fashion,117.62,119.99,42.0,114.58,0.0,592,4.21,652,198.33,0.0,Budget,Winter,2,4,Friday,14,0,100.29,110.9,118,13879.16,8923.16
2025-02-14,APP_003,Classic Waterproof Trench Coat,Apparel & Fashion,124.57,149.99,55.0,163.17,15.0,221,4.63,567,158.31,0.0,Standard,Winter,2,4,Friday,14,0,44.43,39.27,64,7972.48,4452.48
2025-02-14,ELEC_001,Pro Wireless Noise-Cancelling Headphones,Electronics,207.9,199.99,85.0,213.04,0.0,368,4.35,589,139.16,0.0,Enterprise,Winter,2,4,Friday,14,0,60.86,67.5,39,8108.1,4793.1
2025-02-14,ELEC_002,Ultra HD 4K Smart TV 55-inch,Electronics,558.89,549.99,280.0,557.32,0.0,641,4.07,542,178.58,0.0,Standard,Winter,2,4,Friday,14,0,29.0,31.17,22,12295.58,6135.58
2025-02-14,ELEC_003,Smart Fitness Watch Gen-4,Electronics,125.69,129.99,50.0,129.79,0.0,284,4.29,553,199.17,0.0,Premium,Winter,2,4,Friday,14,0,96.71,90.67,75,9426.75,5676.75
2025-02-14,ELEC_004,Ergonomic Mechanical Keyboard,Electronics,92.54,89.99,35.0,91.85,0.0,664,4.13,605,50.75,0.0,Standard,Winter,2,4,Friday,14,0,53.29,57.03,49,4534.46,2819.46
2025-02-14,HOME_001,Espresso Machine & Milk Frother,Home & Living,141.34,159.99,65.0,167.72,10.0,201,4.72,588,102.26,0.0,Budget,Winter,2,4,Friday,14,0,44.57,48.97,50,7067.0,3817.0
2025-02-14,HOME_002,Cordless Handheld Vacuum Cleaner,Home & Living,100.17,99.99,40.0,91.73,0.0,176,4.03,634,216.53,0.0,Budget,Winter,2,4,Friday,14,0,68.71,64.93,67,6711.39,4031.39
2025-02-14,HOSP_001,Deluxe City Center King Room (Per Night),Hospitality & Stays,178.51,175.0,45.0,183.78,0.0,536,4.78,599,127.6,0.0,Enterprise,Winter,2,4,Friday,14,0,127.71,126.57,75,13388.25,10013.25
2025-02-14,HOSP_002,Executive Skyline Suite (Per Night),Hospitality & Stays,340.52,350.0,90.0,339.28,0.0,402,4.57,575,186.97,0.0,Budget,Winter,2,4,Friday,14,0,21.14,21.43,22,7491.44,5511.44
2025-02-14,RIDE_001,Standard Urban Commute Ride (10 km),Rideshare & Mobility,24.02,24.5,8.0,24.91,0.0,211,4.08,510,192.25,0.0,Premium,Winter,2,4,Friday,14,0,314.29,331.7,351,8431.02,5623.02
2025-02-14,RIDE_002,Premium Black Airport Transfer,Rideshare & Mobility,63.07,65.0,22.0,65.53,0.0,453,4.81,564,118.24,0.0,Budget,Winter,2,4,Friday,14,0,117.43,113.8,152,9586.64,6242.64
2025-02-15,APP_001,Premium Merino Wool Sweater,Apparel & Fashion,82.12,79.99,28.0,75.11,0.0,207,4.73,714,170.26,0.0,Standard,Winter,2,5,Saturday,15,1,74.86,80.43,76,6241.12,4113.12
2025-02-15,APP_002,Breathable Performance Running Shoes,Apparel & Fashion,114.96,119.99,42.0,118.17,0.0,517,4.82,597,31.85,0.0,Enterprise,Winter,2,5,Saturday,15,1,98.86,110.5,75,8622.0,5472.0
2025-02-15,APP_003,Classic Waterproof Trench Coat,Apparel & Fashion,152.99,149.99,55.0,151.44,0.0,184,4.9,514,156.48,0.0,Budget,Winter,2,5,Saturday,15,1,44.43,39.27,37,5660.63,3625.63
2025-02-15,ELEC_001,Pro Wireless Noise-Cancelling Headphones,Electronics,198.96,199.99,85.0,200.96,0.0,319,4.26,619,198.2,0.0,Premium,Winter,2,5,Saturday,15,1,57.57,67.0,49,9749.04,5584.04
2025-02-15,ELEC_002,Ultra HD 4K Smart TV 55-inch,Electronics,543.03,549.99,280.0,561.08,0.0,614,4.23,611,138.46,0.0,Standard,Winter,2,5,Saturday,15,1,29.29,30.07,27,14661.81,7101.81
2025-02-15,ELEC_003,Smart Fitness Watch Gen-4,Electronics,136.26,129.99,50.0,121.35,0.0,213,4.88,671,189.89,0.0,Standard,Winter,2,5,Saturday,15,1,87.14,88.37,71,9674.46,6124.46
2025-02-15,ELEC_004,Ergonomic Mechanical Keyboard,Electronics,74.64,89.99,35.0,91.02,20.0,584,4.41,559,148.31,0.0,Standard,Winter,2,5,Saturday,15,1,56.0,57.77,80,5971.2,3171.2
2025-02-15,HOME_001,Espresso Machine & Milk Frother,Home & Living,154.02,159.99,65.0,153.55,0.0,157,4.3,584,120.08,0.0,Budget,Winter,2,5,Saturday,15,1,45.43,48.83,44,6776.88,3916.88
2025-02-15,HOME_002,Cordless Handheld Vacuum Cleaner,Home & Living,99.68,99.99,40.0,99.05,0.0,120,4.78,577,114.99,0.0,Standard,Winter,2,5,Saturday,15,1,69.86,65.2,56,5582.08,3342.08
2025-02-15,HOSP_001,Deluxe City Center King Room (Per Night),Hospitality & Stays,201.55,175.0,45.0,173.86,0.0,415,4.81,577,186.08,0.0,Budget,Winter,2,5,Saturday,15,1,121.14,126.6,121,24387.55,18942.55
2025-02-15,HOSP_002,Executive Skyline Suite (Per Night),Hospitality & Stays,433.95,350.0,90.0,344.68,0.0,383,4.06,601,167.31,0.0,Budget,Winter,2,5,Saturday,15,1,20.57,21.5,19,8245.05,6535.05
2025-02-15,RIDE_001,Standard Urban Commute Ride (10 km),Rideshare & Mobility,24.27,24.5,8.0,24.23,0.0,544,4.34,627,102.77,0.0,Budget,Winter,2,5,Saturday,15,1,269.14,325.73,211,5120.97,3432.97
2025-02-15,RIDE_002,Premium Black Airport Transfer,Rideshare & Mobility,65.91,65.0,22.0,67.36,0.0,328,4.21,615,167.64,0.0,Standard,Winter,2,5,Saturday,15,1,123.43,114.7,125,8238.75,5488.75
2025-02-16,APP_001,Premium Merino Wool Sweater,Apparel & Fashion,65.66,79.99,28.0,78.85,15.0,120,4.22,639,226.07,0.0,Enterprise,Winter,2,6,Sunday,16,1,74.57,80.93,87,5712.42,3276.42
2025-02-16,APP_002,Breathable Performance Running Shoes,Apparel & Fashion,120.16,119.99,42.0,120.1,0.0,411,4.51,537,124.8,0.0,Standard,Winter,2,6,Sunday,16,1,98.29,110.43,106,12736.96,8284.96
2025-02-16,APP_003,Classic Waterproof Trench Coat,Apparel & Fashion,145.73,149.99,55.0,138.66,0.0,147,4.78,644,174.72,0.0,Standard,Winter,2,6,Sunday,16,1,44.29,39.53,37,5392.01,3357.01
2025-02-16,ELEC_001,Pro Wireless Noise-Cancelling Headphones,Electronics,188.53,199.99,85.0,206.23,10.0,263,4.9,623,222.55,0.0,Enterprise,Winter,2,6,Sunday,16,1,58.29,66.7,56,10557.68,5797.68
2025-02-16,ELEC_002,Ultra HD 4K Smart TV 55-inch,Electronics,442.47,549.99,280.0,581.82,20.0,568,4.03,656,153.96,0.0,Standard,Winter,2,6,Sunday,16,1,32.0,30.6,46,20353.62,7473.62
2025-02-16,ELEC_003,Smart Fitness Watch Gen-4,Electronics,109.23,129.99,50.0,137.58,15.0,133,4.44,550,95.28,0.0,Enterprise,Winter,2,6,Sunday,16,1,89.57,88.73,80,8738.4,4738.4
2025-02-16,ELEC_004,Ergonomic Mechanical Keyboard,Electronics,78.42,89.99,35.0,98.92,10.0,503,4.68,629,200.67,0.0,Budget,Winter,2,6,Sunday,16,1,60.57,59.33,81,6352.02,3517.02
2025-02-16,HOME_001,Espresso Machine & Milk Frother,Home & Living,160.61,159.99,65.0,159.06,0.0,120,4.21,446,114.07,0.0,Premium,Winter,2,6,Sunday,16,1,43.86,48.87,37,5942.57,3537.57
2025-02-16,HOME_002,Cordless Handheld Vacuum Cleaner,Home & Living,96.66,99.99,40.0,111.06,0.0,699,4.72,499,145.47,0.0,Budget,Winter,2,6,Sunday,16,1,71.57,65.27,79,7636.14,4476.14
2025-02-16,HOSP_001,Deluxe City Center King Room (Per Night),Hospitality & Stays,167.66,175.0,45.0,175.05,20.0,236,4.64,562,143.54,0.0,Standard,Winter,2,6,Sunday,16,1,133.14,128.47,179,30011.14,21956.14
2025-02-16,HOSP_002,Executive Skyline Suite (Per Night),Hospitality & Stays,385.95,350.0,90.0,352.68,0.0,362,4.34,532,154.4,0.0,Standard,Winter,2,6,Sunday,16,1,21.57,21.57,21,8104.95,6214.95
2025-02-16,RIDE_001,Standard Urban Commute Ride (10 km),Rideshare & Mobility,23.76,24.5,8.0,23.75,0.0,148,4.01,587,125.35,0.0,Premium,Winter,2,6,Sunday,16,1,289.14,323.23,396,9408.96,6240.96
2025-02-16,RIDE_002,Premium Black Airport Transfer,Rideshare & Mobility,66.57,65.0,22.0,73.98,0.0,215,4.77,615,244.07,0.0,Premium,Winter,2,6,Sunday,16,1,118.43,115.1,113,7522.41,5036.41
2025-02-17,APP_001,Premium Merino Wool Sweater,Apparel & Fashion,80.31,79.99,28.0,83.43,0.0,689,4.47,455,112.22,0.0,Premium,Winter,2,0,Monday,17,0,74.14,79.87,69,5541.39,3609.39
2025-02-17,APP_002,Breathable Performance Running Shoes,Apparel & Fashion,99.76,119.99,42.0,130.9,15.0,206,4.46,628,179.64,0.0,Budget,Winter,2,0,Monday,17,0,111.86,113.93,205,20450.8,11840.8
2025-02-17,APP_003,Classic Waterproof Trench Coat,Apparel & Fashion,153.37,149.99,55.0,149.78,0.0,108,4.04,592,121.46,0.0,Budget,Winter,2,0,Monday,17,0,43.14,39.97,39,5981.43,3836.43
2025-02-17,ELEC_001,Pro Wireless Noise-Cancelling Headphones,Electronics,206.76,199.99,85.0,208.88,0.0,219,4.38,618,129.78,0.0,Premium,Winter,2,0,Monday,17,0,55.86,65.97,44,9097.44,5357.44
2025-02-17,ELEC_002,Ultra HD 4K Smart TV 55-inch,Electronics,536.92,549.99,280.0,542.16,0.0,539,4.28,562,59.75,0.0,Budget,Winter,2,0,Monday,17,0,31.86,30.6,29,15570.68,7450.68
2025-02-17,ELEC_003,Smart Fitness Watch Gen-4,Electronics,134.86,129.99,50.0,129.05,0.0,497,4.27,596,158.51,0.0,Standard,Winter,2,0,Monday,17,0,87.0,88.83,73,9844.78,6194.78
2025-02-17,ELEC_004,Ergonomic Mechanical Keyboard,Electronics,92.65,89.99,35.0,97.33,0.0,444,4.57,557,78.8,0.0,Standard,Winter,2,0,Monday,17,0,63.57,59.67,59,5466.35,3401.35
2025-02-17,HOME_001,Espresso Machine & Milk Frother,Home & Living,167.28,159.99,65.0,162.33,0.0,93,4.14,473,153.9,0.0,Enterprise,Winter,2,0,Monday,17,0,41.14,48.3,27,4516.56,2761.56
2025-02-17,HOME_002,Cordless Handheld Vacuum Cleaner,Home & Living,98.99,99.99,40.0,106.37,0.0,638,4.9,582,164.1,0.0,Premium,Winter,2,0,Monday,17,0,72.86,64.83,61,6038.39,3598.39
2025-02-17,HOSP_001,Deluxe City Center King Room (Per Night),Hospitality & Stays,182.0,175.0,45.0,172.24,0.0,135,4.71,652,174.8,0.0,Standard,Winter,2,0,Monday,17,0,131.0,128.77,101,18382.0,13837.0
2025-02-17,HOSP_002,Executive Skyline Suite (Per Night),Hospitality & Stays,347.78,350.0,90.0,341.45,0.0,340,4.37,608,132.06,0.0,Standard,Winter,2,0,Monday,17,0,21.71,21.43,22,7651.16,5671.16
2025-02-17,RIDE_001,Standard Urban Commute Ride (10 km),Rideshare & Mobility,24.77,24.5,8.0,23.52,0.0,761,4.3,602,206.62,0.0,Premium,Winter,2,0,Monday,17,0,255.0,311.43,148,3665.96,2481.96
2025-02-17,RIDE_002,Premium Black Airport Transfer,Rideshare & Mobility,67.7,65.0,22.0,63.97,0.0,108,4.01,517,123.12,0.0,Budget,Winter,2,0,Monday,17,0,119.0,114.4,107,7243.9,4889.9
2025-02-18,APP_001,Premium Merino Wool Sweater,Apparel & Fashion,68.06,79.99,28.0,81.85,15.0,590,4.16,669,156.54,0.0,Premium,Winter,2,1,Tuesday,18,0,78.43,80.8,99,6737.94,3965.94
2025-02-18,APP_002,Breathable Performance Running Shoes,Apparel & Fashion,116.3,119.99,42.0,122.49,5.0,117,4.7,600,110.68,0.0,Premium,Winter,2,1,Tuesday,18,0,113.86,112.2,89,10350.7,6612.7
2025-02-18,APP_003,Classic Waterproof Trench Coat,Apparel & Fashion,124.36,149.99,55.0,151.83,15.0,664,4.82,583,114.09,0.0,Enterprise,Winter,2,1,Tuesday,18,0,43.71,40.37,48,5969.28,3329.28
2025-02-18,ELEC_001,Pro Wireless Noise-Cancelling Headphones,Electronics,201.62,199.99,85.0,200.43,0.0,164,4.78,537,137.31,0.0,Premium,Winter,2,1,Tuesday,18,0,51.86,63.8,55,11089.1,6414.1
2025-02-18,ELEC_002,Ultra HD 4K Smart TV 55-inch,Electronics,524.86,549.99,280.0,536.19,0.0,517,4.7,582,103.35,0.0,Premium,Winter,2,1,Tuesday,18,0,30.71,30.7,22,11546.92,5386.92
2025-02-18,ELEC_003,Smart Fitness Watch Gen-4,Electronics,134.63,129.99,50.0,130.48,0.0,406,4.83,647,153.04,0.0,Budget,Winter,2,1,Tuesday,18,0,86.71,89.97,91,12251.33,7701.33
2025-02-18,ELEC_004,Ergonomic Mechanical Keyboard,Electronics,89.39,89.99,35.0,86.89,0.0,401,4.18,717,191.93,0.0,Premium,Winter,2,1,Tuesday,18,0,61.57,58.23,43,3843.77,2338.77
2025-02-18,HOME_001,Espresso Machine & Milk Frother,Home & Living,165.14,159.99,65.0,174.93,0.0,690,4.43,639,190.05,0.0,Standard,Winter,2,1,Tuesday,18,0,40.29,47.63,46,7596.44,4606.44
2025-02-18,HOME_002,Cordless Handheld Vacuum Cleaner,Home & Living,102.32,99.99,40.0,106.99,0.0,573,4.71,576,180.04,0.0,Standard,Winter,2,1,Tuesday,18,0,61.29,64.97,65,6650.8,4050.8
2025-02-18,HOSP_001,Deluxe City Center King Room (Per Night),Hospitality & Stays,126.0,175.0,45.0,174.67,25.0,713,4.3,680,124.03,0.0,Budget,Winter,2,1,Tuesday,18,0,122.43,129.77,135,17010.0,10935.0
2025-02-18,HOSP_002,Executive Skyline Suite (Per Night),Hospitality & Stays,341.89,350.0,90.0,351.59,0.0,315,4.84,627,195.3,0.0,Standard,Winter,2,1,Tuesday,18,0,21.43,21.77,25,8547.25,6297.25
2025-02-18,RIDE_001,Standard Urban Commute Ride (10 km),Rideshare & Mobility,23.77,24.5,8.0,24.07,0.0,468,4.81,611,104.57,0.0,Premium,Winter,2,1,Tuesday,18,0,274.71,314.53,293,6964.61,4620.61
2025-02-18,RIDE_002,Premium Black Airport Transfer,Rideshare & Mobility,65.89,65.0,22.0,67.15,0.0,796,4.22,515,163.82,0.0,Budget,Winter,2,1,Tuesday,18,0,118.14,115.23,108,7116.12,4740.12
2025-02-19,APP_001,Premium Merino Wool Sweater,Apparel & Fashion,73.26,79.99,28.0,86.12,10.0,507,4.16,578,41.78,0.0,Premium,Winter,2,2,Wednesday,19,0,80.71,81.77,83,6080.58,3756.58
2025-02-19,APP_002,Breathable Performance Running Shoes,Apparel & Fashion,115.49,119.99,42.0,116.64,0.0,665,4.72,589,185.22,0.0,Premium,Winter,2,2,Wednesday,19,0,109.71,111.97,100,11549.0,7349.0
2025-02-19,APP_003,Classic Waterproof Trench Coat,Apparel & Fashion,149.59,149.99,55.0,148.58,0.0,633,4.51,619,129.25,0.0,Premium,Winter,2,2,Wednesday,19,0,44.14,40.33,31,4637.29,2932.29
2025-02-19,ELEC_001,Pro Wireless Noise-Cancelling Headphones,Electronics,199.62,199.99,85.0,182.56,0.0,96,4.34,651,109.23,0.0,Budget,Winter,2,2,Wednesday,19,0,51.57,63.7,68,13574.16,7794.16
2025-02-19,ELEC_002,Ultra HD 4K Smart TV 55-inch,Electronics,546.35,549.99,280.0,556.98,0.0,493,4.22,579,81.12,0.0,Premium,Winter,2,2,Wednesday,19,0,28.71,30.4,24,13112.4,6392.4
2025-02-19,ELEC_003,Smart Fitness Watch Gen-4,Electronics,119.3,129.99,50.0,130.35,5.0,312,4.88,625,148.19,0.0,Standard,Winter,2,2,Wednesday,19,0,79.29,90.33,94,11214.2,6514.2
2025-02-19,ELEC_004,Ergonomic Mechanical Keyboard,Electronics,91.99,89.99,35.0,93.82,0.0,352,4.08,598,112.91,0.0,Premium,Winter,2,2,Wednesday,19,0,59.43,58.1,49,4507.51,2792.51
2025-02-19,HOME_001,Espresso Machine & Milk Frother,Home & Living,167.38,159.99,65.0,162.91,0.0,647,4.4,525,147.19,0.0,Standard,Winter,2,2,Wednesday,19,0,39.57,47.5,43,7197.34,4402.34
2025-02-19,HOME_002,Cordless Handheld Vacuum Cleaner,Home & Living,81.5,99.99,40.0,98.68,15.0,442,4.86,599,164.47,0.0,Standard,Winter,2,2,Wednesday,19,0,72.29,67.2,131,10676.5,5436.5
2025-02-19,HOSP_001,Deluxe City Center King Room (Per Night),Hospitality & Stays,182.88,175.0,45.0,183.74,0.0,619,4.58,452,160.04,0.0,Standard,Winter,2,2,Wednesday,19,0,118.29,123.7,94,17190.72,12960.72
2025-02-19,HOSP_002,Executive Skyline Suite (Per Night),Hospitality & Stays,353.49,350.0,90.0,358.42,0.0,294,4.39,636,151.12,0.0,Budget,Winter,2,2,Wednesday,19,0,21.86,21.77,21,7423.29,5533.29
2025-02-19,RIDE_001,Standard Urban Commute Ride (10 km),Rideshare & Mobility,24.92,24.5,8.0,26.6,0.0,142,4.79,564,152.45,0.0,Standard,Winter,2,2,Wednesday,19,0,281.29,312.4,326,8123.92,5515.92
2025-02-19,RIDE_002,Premium Black Airport Transfer,Rideshare & Mobility,65.91,65.0,22.0,65.4,0.0,712,4.28,640,97.12,0.0,Budget,Winter,2,2,Wednesday,19,0,115.71,114.23,84,5536.44,3688.44
2025-02-20,APP_001,Premium Merino Wool Sweater,Apparel & Fashion,78.39,79.99,28.0,84.7,0.0,433,4.26,477,124.2,0.0,Premium,Winter,2,3,Thursday,20,0,81.0,81.73,74,5800.86,3728.86
2025-02-20,APP_002,Breathable Performance Running Shoes,Apparel & Fashion,118.09,119.99,42.0,118.01,0.0,535,4.14,544,222.04,0.0,Budget,Winter,2,3,Thursday,20,0,117.57,112.77,130,15351.7,9891.7
2025-02-20,APP_003,Classic Waterproof Trench Coat,Apparel & Fashion,131.49,149.99,55.0,156.07,10.0,589,4.11,646,113.89,0.0,Budget,Winter,2,3,Thursday,20,0,42.86,41.0,44,5785.56,3365.56
2025-02-20,ELEC_001,Pro Wireless Noise-Cancelling Headphones,Electronics,201.42,199.99,85.0,184.13,0.0,820,4.67,578,175.9,0.0,Standard,Winter,2,3,Thursday,20,0,53.29,63.87,62,12488.04,7218.04
2025-02-20,ELEC_002,Ultra HD 4K Smart TV 55-inch,Electronics,568.06,549.99,280.0,559.28,0.0,462,4.64,587,107.38,0.0,Budget,Winter,2,3,Thursday,20,0,28.71,30.43,31,17609.86,8929.86
2025-02-20,ELEC_003,Smart Fitness Watch Gen-4,Electronics,127.06,129.99,50.0,124.12,0.0,233,4.8,616,129.25,0.0,Premium,Winter,2,3,Thursday,20,0,80.43,90.6,79,10037.74,6087.74
2025-02-20,ELEC_004,Ergonomic Mechanical Keyboard,Electronics,65.44,89.99,35.0,94.64,25.0,228,4.6,573,189.58,0.0,Standard,Winter,2,3,Thursday,20,0,69.29,60.33,124,8114.56,3774.56
2025-02-20,HOME_001,Espresso Machine & Milk Frother,Home & Living,164.7,159.99,65.0,145.13,0.0,610,4.72,611,120.28,0.0,Standard,Winter,2,3,Thursday,20,0,40.57,46.03,37,6093.9,3688.9
2025-02-20,HOME_002,Cordless Handheld Vacuum Cleaner,Home & Living,99.83,99.99,40.0,103.14,0.0,390,4.08,630,150.89,0.0,Enterprise,Winter,2,3,Thursday,20,0,73.0,67.27,52,5191.16,3111.16
2025-02-20,HOSP_001,Deluxe City Center King Room (Per Night),Hospitality & Stays,148.97,175.0,45.0,184.63,15.0,450,4.82,690,176.85,0.0,Standard,Winter,2,3,Thursday,20,0,124.86,122.27,169,25175.93,17570.93
2025-02-20,HOSP_002,Executive Skyline Suite (Per Night),Hospitality & Stays,346.79,350.0,90.0,344.69,0.0,271,4.16,494,95.28,0.0,Budget,Winter,2,3,Thursday,20,0,21.86,21.83,23,7976.17,5906.17
2025-02-20,RIDE_001,Standard Urban Commute Ride (10 km),Rideshare & Mobility,19.29,24.5,8.0,23.53,20.0,403,4.11,703,99.7,0.0,Premium,Winter,2,3,Thursday,20,0,266.71,305.33,142,2739.18,1603.18
2025-02-20,RIDE_002,Premium Black Airport Transfer,Rideshare & Mobility,59.18,65.0,22.0,64.17,10.0,604,4.54,506,221.8,0.0,Premium,Winter,2,3,Thursday,20,0,113.86,114.4,108,6391.44,4015.44
2025-02-21,APP_001,Premium Merino Wool Sweater,Apparel & Fashion,77.79,79.99,28.0,80.36,0.0,346,4.15,648,132.44,0.0,Standard,Winter,2,4,Friday,21,0,82.14,82.13,87,6767.73,4331.73
2025-02-21,APP_002,Breathable Performance Running Shoes,Apparel & Fashion,119.21,119.99,42.0,123.85,0.0,415,4.27,577,166.45,0.0,Budget,Winter,2,4,Friday,21,0,117.86,112.07,120,14305.2,9265.2
2025-02-21,APP_003,Classic Waterproof Trench Coat,Apparel & Fashion,155.6,149.99,55.0,149.26,0.0,559,4.09,576,81.42,0.0,Standard,Winter,2,4,Friday,21,0,38.0,40.03,30,4668.0,3018.0
2025-02-21,ELEC_001,Pro Wireless Noise-Cancelling Headphones,Electronics,195.7,199.99,85.0,204.92,0.0,744,4.78,606,158.96,0.0,Budget,Winter,2,4,Friday,21,0,58.57,63.17,76,14873.2,8413.2
2025-02-21,ELEC_002,Ultra HD 4K Smart TV 55-inch,Electronics,546.72,549.99,280.0,562.41,0.0,437,4.12,583,209.53,0.0,Standard,Winter,2,4,Friday,21,0,29.14,30.4,25,13668.0,6668.0
2025-02-21,ELEC_003,Smart Fitness Watch Gen-4,Electronics,124.35,129.99,50.0,117.61,0.0,146,4.89,614,154.29,0.0,Standard,Winter,2,4,Friday,21,0,82.14,89.73,87,10818.45,6468.45
2025-02-21,ELEC_004,Ergonomic Mechanical Keyboard,Electronics,91.41,89.99,35.0,92.97,0.0,178,4.06,603,129.46,0.0,Standard,Winter,2,4,Friday,21,0,69.43,60.23,50,4570.5,2820.5
2025-02-21,HOME_001,Espresso Machine & Milk Frother,Home & Living,154.32,159.99,65.0,167.5,0.0,556,4.54,586,175.31,0.0,Standard,Winter,2,4,Friday,21,0,41.14,45.93,54,8333.28,4823.28
2025-02-21,HOME_002,Cordless Handheld Vacuum Cleaner,Home & Living,104.73,99.99,40.0,102.95,0.0,344,4.84,570,134.46,0.0,Premium,Winter,2,4,Friday,21,0,70.0,66.8,46,4817.58,2977.58
2025-02-21,HOSP_001,Deluxe City Center King Room (Per Night),Hospitality & Stays,176.12,175.0,45.0,173.67,0.0,311,4.64,641,113.79,0.0,Budget,Winter,2,4,Friday,21,0,134.0,122.0,139,24480.68,18225.68
2025-02-21,HOSP_002,Executive Skyline Suite (Per Night),Hospitality & Stays,268.96,350.0,90.0,317.69,20.0,236,4.88,515,177.83,0.0,Budget,Winter,2,4,Friday,21,0,23.71,21.77,35,9413.6,6263.6
2025-02-21,RIDE_001,Standard Urban Commute Ride (10 km),Rideshare & Mobility,24.59,24.5,8.0,24.81,0.0,105,4.9,479,132.75,0.0,Enterprise,Winter,2,4,Friday,21,0,259.14,299.83,298,7327.82,4943.82
2025-02-21,RIDE_002,Premium Black Airport Transfer,Rideshare & Mobility,62.26,65.0,22.0,64.6,0.0,482,4.11,611,142.5,0.0,Premium,Winter,2,4,Friday,21,0,109.57,116.03,122,7595.72,4911.72
2025-02-22,APP_001,Premium Merino Wool Sweater,Apparel & Fashion,82.56,79.99,28.0,79.67,0.0,264,4.63,587,152.54,0.0,Standard,Winter,2,5,Saturday,22,1,83.0,81.8,82,6769.92,4473.92
2025-02-22,APP_002,Breathable Performance Running Shoes,Apparel & Fashion,93.87,119.99,42.0,118.15,25.0,250,4.15,673,155.35,0.0,Standard,Winter,2,5,Saturday,22,1,130.71,114.67,165,15488.55,8558.55
2025-02-22,APP_003,Classic Waterproof Trench Coat,Apparel & Fashion,145.63,149.99,55.0,148.55,0.0,524,4.86,632,241.26,0.0,Standard,Winter,2,5,Saturday,22,1,37.71,39.03,35,5097.05,3172.05
2025-02-22,ELEC_001,Pro Wireless Noise-Cancelling Headphones,Electronics,202.58,199.99,85.0,204.73,0.0,685,4.63,606,236.13,0.0,Standard,Winter,2,5,Saturday,22,1,60.0,62.9,59,11952.22,6937.22
2025-02-22,ELEC_002,Ultra HD 4K Smart TV 55-inch,Electronics,539.24,549.99,280.0,545.09,0.0,418,4.18,535,145.81,0.0,Premium,Winter,2,5,Saturday,22,1,28.0,30.23,19,10245.56,4925.56
2025-02-22,ELEC_003,Smart Fitness Watch Gen-4,Electronics,124.37,129.99,50.0,119.86,0.0,759,4.17,745,177.9,0.0,Budget,Winter,2,5,Saturday,22,1,84.57,90.2,88,10944.56,6544.56
2025-02-22,ELEC_004,Ergonomic Mechanical Keyboard,Electronics,87.8,89.99,35.0,86.83,0.0,114,4.23,658,155.86,0.0,Budget,Winter,2,5,Saturday,22,1,67.14,60.87,64,5619.2,3379.2
2025-02-22,HOME_001,Espresso Machine & Milk Frother,Home & Living,152.29,159.99,65.0,154.13,0.0,523,4.7,566,179.29,0.0,Enterprise,Winter,2,5,Saturday,22,1,39.57,45.67,33,5025.57,2880.57
2025-02-22,HOME_002,Cordless Handheld Vacuum Cleaner,Home & Living,100.62,99.99,40.0,97.04,0.0,278,4.58,538,190.04,0.0,Standard,Winter,2,5,Saturday,22,1,71.43,66.9,66,6640.92,4000.92
2025-02-22,HOSP_001,Deluxe City Center King Room (Per Night),Hospitality & Stays,180.11,175.0,45.0,169.61,5.0,173,4.75,589,129.93,0.0,Standard,Winter,2,5,Saturday,22,1,136.43,122.87,138,24855.18,18645.18
2025-02-22,HOSP_002,Executive Skyline Suite (Per Night),Hospitality & Stays,436.64,350.0,90.0,371.75,0.0,213,4.47,639,107.09,0.0,Budget,Winter,2,5,Saturday,22,1,24.29,21.97,23,10042.72,7972.72
2025-02-22,RIDE_001,Standard Urban Commute Ride (10 km),Rideshare & Mobility,23.62,24.5,8.0,24.38,0.0,429,4.61,623,125.84,0.0,Premium,Winter,2,5,Saturday,22,1,244.0,293.5,105,2480.1,1640.1
2025-02-22,RIDE_002,Premium Black Airport Transfer,Rideshare & Mobility,62.29,65.0,22.0,61.66,0.0,399,4.17,593,152.2,0.0,Premium,Winter,2,5,Saturday,22,1,103.57,115.7,83,5170.07,3344.07
2025-02-23,APP_001,Premium Merino Wool Sweater,Apparel & Fashion,83.59,79.99,28.0,76.55,0.0,205,4.02,647,158.51,0.0,Standard,Winter,2,6,Sunday,23,1,79.0,80.53,59,4931.81,3279.81
2025-02-23,APP_002,Breathable Performance Running Shoes,Apparel & Fashion,115.79,119.99,42.0,134.87,5.0,96,4.39,581,129.12,0.0,Budget,Winter,2,6,Sunday,23,1,137.57,115.97,154,17831.66,11363.66
2025-02-23,APP_003,Classic Waterproof Trench Coat,Apparel & Fashion,141.79,149.99,55.0,155.63,5.0,486,4.12,576,162.04,0.0,Standard,Winter,2,6,Sunday,23,1,37.86,39.17,38,5388.02,3298.02
2025-02-23,ELEC_001,Pro Wireless Noise-Cancelling Headphones,Electronics,195.54,199.99,85.0,198.88,0.0,625,4.17,654,65.04,0.0,Standard,Winter,2,6,Sunday,23,1,60.57,62.83,60,11732.4,6632.4
2025-02-23,ELEC_002,Ultra HD 4K Smart TV 55-inch,Electronics,546.81,549.99,280.0,537.5,0.0,384,4.72,622,187.71,0.0,Budget,Winter,2,6,Sunday,23,1,26.29,30.47,34,18591.54,9071.54
2025-02-23,ELEC_003,Smart Fitness Watch Gen-4,Electronics,110.7,129.99,50.0,139.7,15.0,647,4.32,711,183.97,0.0,Standard,Winter,2,6,Sunday,23,1,89.14,91.77,112,12398.4,6798.4
2025-02-23,ELEC_004,Ergonomic Mechanical Keyboard,Electronics,86.7,89.99,35.0,94.33,0.0,735,4.37,654,154.01,0.0,Budget,Winter,2,6,Sunday,23,1,66.86,61.93,79,6849.3,4084.3
2025-02-23,HOME_001,Espresso Machine & Milk Frother,Home & Living,155.26,159.99,65.0,152.46,0.0,475,4.09,693,202.57,0.0,Budget,Winter,2,6,Sunday,23,1,41.14,45.57,48,7452.48,4332.48
2025-02-23,HOME_002,Cordless Handheld Vacuum Cleaner,Home & Living,95.82,99.99,40.0,99.36,0.0,218,4.58,586,180.91,0.0,Premium,Winter,2,6,Sunday,23,1,68.71,66.87,60,5749.2,3349.2
2025-02-23,HOSP_001,Deluxe City Center King Room (Per Night),Hospitality & Stays,189.6,175.0,45.0,183.86,0.0,656,4.1,585,120.72,0.0,Budget,Winter,2,6,Sunday,23,1,130.43,124.2,137,25975.2,19810.2
2025-02-23,HOSP_002,Executive Skyline Suite (Per Night),Hospitality & Stays,315.2,350.0,90.0,359.31,20.0,190,4.27,624,192.16,0.0,Enterprise,Winter,2,6,Sunday,23,1,24.57,22.03,23,7249.6,5179.6
2025-02-23,RIDE_001,Standard Urban Commute Ride (10 km),Rideshare & Mobility,18.32,24.5,8.0,23.51,25.0,445,4.26,644,134.04,0.0,Standard,Winter,2,6,Sunday,23,1,248.71,294.33,429,7859.28,4427.28
2025-02-23,RIDE_002,Premium Black Airport Transfer,Rideshare & Mobility,68.07,65.0,22.0,68.35,0.0,312,4.72,626,83.29,0.0,Premium,Winter,2,6,Sunday,23,1,99.86,110.87,87,5922.09,4008.09
2025-02-24,APP_001,Premium Merino Wool Sweater,Apparel & Fashion,81.62,79.99,28.0,71.49,0.0,133,4.75,635,104.07,0.0,Budget,Winter,2,0,Monday,24,0,79.43,81.03,72,5876.64,3860.64
2025-02-24,APP_002,Breathable Performance Running Shoes,Apparel & Fashion,100.51,119.99,42.0,115.44,15.0,459,4.04,524,137.24,0.0,Standard,Winter,2,0,Monday,24,0,122.0,115.23,96,9648.96,5616.96
2025-02-24,APP_003,Classic Waterproof Trench Coat,Apparel & Fashion,153.37,149.99,55.0,151.85,0.0,462,4.18,587,116.56,0.0,Premium,Winter,2,0,Monday,24,0,35.71,38.27,24,3680.88,2360.88
2025-02-24,ELEC_001,Pro Wireless Noise-Cancelling Headphones,Electronics,203.68,199.99,85.0,180.86,0.0,572,4.15,626,97.19,0.0,Premium,Winter,2,0,Monday,24,0,61.86,62.4,53,10795.04,6290.04
2025-02-24,ELEC_002,Ultra HD 4K Smart TV 55-inch,Electronics,445.23,549.99,280.0,537.34,15.0,342,4.75,560,169.65,0.0,Premium,Winter,2,0,Monday,24,0,28.14,30.9,42,18699.66,6939.66
2025-02-24,ELEC_003,Smart Fitness Watch Gen-4,Electronics,129.85,129.99,50.0,129.09,0.0,575,4.46,637,136.82,0.0,Standard,Winter,2,0,Monday,24,0,89.0,88.53,72,9349.2,5749.2
2025-02-24,ELEC_004,Ergonomic Mechanical Keyboard,Electronics,86.58,89.99,35.0,90.36,0.0,699,4.33,666,151.85,0.0,Enterprise,Winter,2,0,Monday,24,0,63.57,61.4,36,3116.88,1856.88
2025-02-24,HOME_001,Espresso Machine & Milk Frother,Home & Living,154.21,159.99,65.0,171.52,0.0,423,4.21,502,199.74,0.0,Standard,Winter,2,0,Monday,24,0,44.71,44.23,52,8018.92,4638.92
2025-02-24,HOME_002,Cordless Handheld Vacuum Cleaner,Home & Living,73.66,99.99,40.0,98.99,25.0,104,4.22,615,110.62,0.0,Premium,Winter,2,0,Monday,24,0,76.29,68.77,114,8397.24,3837.24
2025-02-24,HOSP_001,Deluxe City Center King Room (Per Night),Hospitality & Stays,170.99,175.0,45.0,173.55,0.0,509,4.72,618,159.89,0.0,Standard,Winter,2,0,Monday,24,0,137.0,125.03,147,25135.53,18520.53
2025-02-24,HOSP_002,Executive Skyline Suite (Per Night),Hospitality & Stays,362.34,350.0,90.0,331.03,0.0,169,4.3,568,170.35,0.0,Budget,Winter,2,0,Monday,24,0,24.43,22.13,21,7609.14,5719.14
2025-02-24,RIDE_001,Standard Urban Commute Ride (10 km),Rideshare & Mobility,23.45,24.5,8.0,21.96,0.0,540,4.75,594,144.62,0.0,Standard,Winter,2,0,Monday,24,0,291.14,291.97,445,10435.25,6875.25
2025-02-24,RIDE_002,Premium Black Airport Transfer,Rideshare & Mobility,65.4,65.0,22.0,68.23,0.0,203,4.14,683,174.03,0.0,Budget,Winter,2,0,Monday,24,0,100.14,110.07,109,7128.6,4730.6
2025-02-25,APP_001,Premium Merino Wool Sweater,Apparel & Fashion,82.18,79.99,28.0,80.74,0.0,594,4.04,533,109.74,0.0,Standard,Winter,2,1,Tuesday,25,0,75.0,80.2,68,5588.24,3684.24
2025-02-25,APP_002,Breathable Performance Running Shoes,Apparel & Fashion,119.79,119.99,42.0,117.36,0.0,358,4.36,649,206.62,0.0,Budget,Winter,2,1,Tuesday,25,0,123.71,112.47,101,12098.79,7856.79
2025-02-25,APP_003,Classic Waterproof Trench Coat,Apparel & Fashion,156.61,149.99,55.0,149.87,0.0,437,4.16,499,133.33,0.0,Premium,Winter,2,1,Tuesday,25,0,32.43,37.9,25,3915.25,2540.25
2025-02-25,ELEC_001,Pro Wireless Noise-Cancelling Headphones,Electronics,209.74,199.99,85.0,199.25,0.0,531,4.14,595,81.47,0.0,Enterprise,Winter,2,1,Tuesday,25,0,59.86,61.1,41,8599.34,5114.34
2025-02-25,ELEC_002,Ultra HD 4K Smart TV 55-inch,Electronics,496.87,549.99,280.0,533.66,5.0,298,4.77,604,122.35,0.0,Budget,Winter,2,1,Tuesday,25,0,31.29,31.43,44,21862.28,9542.28
2025-02-25,ELEC_003,Smart Fitness Watch Gen-4,Electronics,124.04,129.99,50.0,131.92,0.0,496,4.45,616,99.73,0.0,Premium,Winter,2,1,Tuesday,25,0,87.29,87.87,79,9799.16,5849.16
2025-02-25,ELEC_004,Ergonomic Mechanical Keyboard,Electronics,89.77,89.99,35.0,94.23,0.0,634,4.77,619,193.82,0.0,Budget,Winter,2,1,Tuesday,25,0,66.71,61.07,65,5835.05,3560.05
2025-02-25,HOME_001,Espresso Machine & Milk Frother,Home & Living,152.18,159.99,65.0,169.26,5.0,381,4.37,604,181.21,0.0,Premium,Winter,2,1,Tuesday,25,0,44.14,44.2,42,6391.56,3661.56
2025-02-25,HOME_002,Cordless Handheld Vacuum Cleaner,Home & Living,96.19,99.99,40.0,99.78,0.0,744,4.1,670,179.95,0.0,Budget,Winter,2,1,Tuesday,25,0,77.57,68.67,74,7118.06,4158.06
2025-02-25,HOSP_001,Deluxe City Center King Room (Per Night),Hospitality & Stays,169.03,175.0,45.0,172.52,0.0,386,4.63,656,135.53,0.0,Premium,Winter,2,1,Tuesday,25,0,135.29,124.4,123,20790.69,15255.69
2025-02-25,HOSP_002,Executive Skyline Suite (Per Night),Hospitality & Stays,367.26,350.0,90.0,373.63,0.0,151,4.1,667,91.8,0.0,Premium,Winter,2,1,Tuesday,25,0,23.43,22.07,18,6610.68,4990.68
2025-02-25,RIDE_001,Standard Urban Commute Ride (10 km),Rideshare & Mobility,24.11,24.5,8.0,24.45,0.0,159,4.3,584,120.61,0.0,Standard,Winter,2,1,Tuesday,25,0,303.71,298.07,381,9185.91,6137.91
2025-02-25,RIDE_002,Premium Black Airport Transfer,Rideshare & Mobility,63.67,65.0,22.0,70.05,5.0,97,4.16,590,262.6,0.0,Standard,Winter,2,1,Tuesday,25,0,99.86,109.63,106,6749.02,4417.02
2025-02-26,APP_001,Premium Merino Wool Sweater,Apparel & Fashion,74.77,79.99,28.0,88.53,10.0,485,4.61,595,160.29,0.0,Standard,Winter,2,2,Wednesday,26,0,78.71,81.4,109,8149.93,5097.93
2025-02-26,APP_002,Breathable Performance Running Shoes,Apparel & Fashion,124.09,119.99,42.0,124.69,0.0,280,4.51,655,148.35,0.0,Enterprise,Winter,2,2,Wednesday,26,0,120.57,112.0,78,9679.02,6403.02
2025-02-26,APP_003,Classic Waterproof Trench Coat,Apparel & Fashion,123.32,149.99,55.0,137.83,15.0,387,4.68,624,131.95,0.0,Premium,Winter,2,2,Wednesday,26,0,35.14,37.9,50,6166.0,3416.0
2025-02-26,ELEC_001,Pro Wireless Noise-Cancelling Headphones,Electronics,198.29,199.99,85.0,202.75,0.0,477,4.25,625,150.21,0.0,Premium,Winter,2,2,Wednesday,26,0,57.86,60.73,54,10707.66,6117.66
2025-02-26,ELEC_002,Ultra HD 4K Smart TV 55-inch,Electronics,522.83,549.99,280.0,523.29,0.0,269,4.06,682,247.17,0.0,Premium,Winter,2,2,Wednesday,26,0,32.0,31.4,29,15162.07,7042.07
2025-02-26,ELEC_003,Smart Fitness Watch Gen-4,Electronics,129.39,129.99,50.0,131.91,0.0,403,4.49,600,147.29,0.0,Standard,Winter,2,2,Wednesday,26,0,87.14,88.9,93,12033.27,7383.27
2025-02-26,ELEC_004,Ergonomic Mechanical Keyboard,Electronics,85.97,89.99,35.0,94.17,0.0,586,4.45,622,207.77,0.0,Premium,Winter,2,2,Wednesday,26,0,66.57,60.67,48,4126.56,2446.56
2025-02-26,HOME_001,Espresso Machine & Milk Frother,Home & Living,150.44,159.99,65.0,154.0,5.0,324,4.4,560,152.43,0.0,Budget,Winter,2,2,Wednesday,26,0,46.14,44.93,57,8575.08,4870.08
2025-02-26,HOME_002,Cordless Handheld Vacuum Cleaner,Home & Living,95.49,99.99,40.0,98.61,0.0,671,4.79,592,79.5,0.0,Standard,Winter,2,2,Wednesday,26,0,69.29,68.73,73,6970.77,4050.77
2025-02-26,HOSP_001,Deluxe City Center King Room (Per Night),Hospitality & Stays,132.65,175.0,45.0,181.2,25.0,198,4.25,616,126.95,0.0,Standard,Winter,2,2,Wednesday,26,0,148.71,126.27,188,24938.2,16478.2
2025-02-26,HOSP_002,Executive Skyline Suite (Per Night),Hospitality & Stays,338.96,350.0,90.0,357.6,0.0,135,4.02,626,120.76,0.0,Premium,Winter,2,2,Wednesday,26,0,22.71,21.9,16,5423.36,3983.36
2025-02-26,RIDE_001,Standard Urban Commute Ride (10 km),Rideshare & Mobility,20.13,24.5,8.0,22.39,20.0,402,4.11,576,158.36,0.0,Budget,Winter,2,2,Wednesday,26,0,279.86,289.13,159,3200.67,1928.67
2025-02-26,RIDE_002,Premium Black Airport Transfer,Rideshare & Mobility,61.81,65.0,22.0,66.28,5.0,662,4.5,599,152.33,0.0,Standard,Winter,2,2,Wednesday,26,0,101.71,107.8,97,5995.57,3861.57
2025-02-27,APP_001,Premium Merino Wool Sweater,Apparel & Fashion,76.28,79.99,28.0,81.67,0.0,413,4.34,623,191.93,0.0,Premium,Winter,2,3,Thursday,27,0,78.43,81.37,72,5492.16,3476.16
2025-02-27,APP_002,Breathable Performance Running Shoes,Apparel & Fashion,121.37,119.99,42.0,117.22,0.0,169,4.21,599,203.89,0.0,Budget,Winter,2,3,Thursday,27,0,117.86,112.03,111,13472.07,8810.07
2025-02-27,APP_003,Classic Waterproof Trench Coat,Apparel & Fashion,150.06,149.99,55.0,167.35,0.0,342,4.13,603,169.71,0.0,Budget,Winter,2,3,Thursday,27,0,35.29,38.17,45,6752.7,4277.7
2025-02-27,ELEC_001,Pro Wireless Noise-Cancelling Headphones,Electronics,166.16,199.99,85.0,196.86,15.0,366,4.19,534,163.44,0.0,Budget,Winter,2,3,Thursday,27,0,64.86,62.53,111,18443.76,9008.76
2025-02-27,ELEC_002,Ultra HD 4K Smart TV 55-inch,Electronics,436.74,549.99,280.0,551.08,20.0,206,4.75,558,126.37,0.0,Budget,Winter,2,3,Thursday,27,0,36.57,32.4,63,27514.62,9874.62
2025-02-27,ELEC_003,Smart Fitness Watch Gen-4,Electronics,112.42,129.99,50.0,147.56,15.0,273,4.57,602,158.76,0.0,Budget,Winter,2,3,Thursday,27,0,94.43,90.83,130,14614.6,8114.6
2025-02-27,ELEC_004,Ergonomic Mechanical Keyboard,Electronics,86.7,89.99,35.0,92.0,0.0,517,4.73,527,171.92,0.0,Budget,Winter,2,3,Thursday,27,0,58.71,61.23,69,5982.3,3567.3
2025-02-27,HOME_001,Espresso Machine & Milk Frother,Home & Living,162.32,159.99,65.0,176.08,0.0,291,4.11,566,193.16,0.0,Premium,Winter,2,3,Thursday,27,0,45.57,44.77,33,5356.56,3211.56
2025-02-27,HOME_002,Cordless Handheld Vacuum Cleaner,Home & Living,96.09,99.99,40.0,102.29,0.0,619,4.77,675,110.39,0.0,Enterprise,Winter,2,3,Thursday,27,0,69.29,68.67,52,4996.68,2916.68
2025-02-27,HOSP_001,Deluxe City Center King Room (Per Night),Hospitality & Stays,183.74,175.0,45.0,181.51,0.0,85,4.76,656,118.34,0.0,Budget,Winter,2,3,Thursday,27,0,140.71,126.37,113,20762.62,15677.62
2025-02-27,HOSP_002,Executive Skyline Suite (Per Night),Hospitality & Stays,363.48,350.0,90.0,400.96,0.0,115,4.48,591,136.64,0.0,Standard,Winter,2,3,Thursday,27,0,22.29,21.8,20,7269.6,5469.6
2025-02-27,RIDE_001,Standard Urban Commute Ride (10 km),Rideshare & Mobility,17.93,24.5,8.0,24.28,25.0,409,4.77,662,178.08,0.0,Standard,Winter,2,3,Thursday,27,0,317.0,292.47,402,7207.86,3991.86
2025-02-27,RIDE_002,Premium Black Airport Transfer,Rideshare & Mobility,66.5,65.0,22.0,73.04,0.0,562,4.17,567,114.92,0.0,Budget,Winter,2,3,Thursday,27,0,100.57,107.63,100,6650.0,4450.0
2025-02-28,APP_001,Premium Merino Wool Sweater,Apparel & Fashion,81.29,79.99,28.0,83.59,0.0,348,4.67,531,188.85,0.0,Premium,Winter,2,4,Friday,28,0,75.29,79.83,65,5283.85,3463.85
2025-02-28,APP_002,Breathable Performance Running Shoes,Apparel & Fashion,121.99,119.99,42.0,109.13,0.0,89,4.32,661,150.55,0.0,Premium,Winter,2,4,Friday,28,0,112.14,111.37,80,9759.2,6399.2
2025-02-28,APP_003,Classic Waterproof Trench Coat,Apparel & Fashion,143.85,149.99,55.0,157.99,0.0,310,4.32,668,148.7,0.0,Premium,Winter,2,4,Friday,28,0,35.57,37.97,32,4603.2,2843.2
2025-02-28,ELEC_001,Pro Wireless Noise-Cancelling Headphones,Electronics,196.15,199.99,85.0,165.21,0.0,300,4.73,602,166.55,0.0,Standard,Winter,2,4,Friday,28,0,63.43,62.53,66,12945.9,7335.9
2025-02-28,ELEC_002,Ultra HD 4K Smart TV 55-inch,Electronics,570.38,549.99,280.0,546.95,0.0,181,4.08,571,177.09,0.0,Budget,Winter,2,4,Friday,28,0,36.57,32.2,25,14259.5,7259.5
2025-02-28,ELEC_003,Smart Fitness Watch Gen-4,Electronics,131.14,129.99,50.0,130.34,0.0,219,4.08,574,100.01,0.0,Enterprise,Winter,2,4,Friday,28,0,89.71,90.07,54,7081.56,4381.56
2025-02-28,ELEC_004,Ergonomic Mechanical Keyboard,Electronics,82.89,89.99,35.0,90.06,5.0,450,4.18,566,189.46,0.0,Standard,Winter,2,4,Friday,28,0,61.14,61.9,67,5553.63,3208.63
2025-02-28,HOME_001,Espresso Machine & Milk Frother,Home & Living,134.32,159.99,65.0,165.55,15.0,235,4.19,719,152.65,0.0,Standard,Winter,2,4,Friday,28,0,45.86,44.63,56,7521.92,3881.92
2025-02-28,HOME_002,Cordless Handheld Vacuum Cleaner,Home & Living,99.7,99.99,40.0,101.43,0.0,564,4.71,664,141.33,0.0,Premium,Winter,2,4,Friday,28,0,70.57,68.33,55,5483.5,3283.5
2025-02-28,HOSP_001,Deluxe City Center King Room (Per Night),Hospitality & Stays,181.15,175.0,45.0,185.19,0.0,750,4.24,608,86.35,0.0,Budget,Winter,2,4,Friday,28,0,133.0,124.67,85,15397.75,11572.75
2025-02-28,HOSP_002,Executive Skyline Suite (Per Night),Hospitality & Stays,363.31,350.0,90.0,364.62,0.0,97,4.72,665,221.91,0.0,Standard,Winter,2,4,Friday,28,0,19.86,21.63,18,6539.58,4919.58
2025-02-28,RIDE_001,Standard Urban Commute Ride (10 km),Rideshare & Mobility,24.39,24.5,8.0,24.87,0.0,664,4.09,631,125.89,0.0,Budget,Winter,2,4,Friday,28,0,332.86,298.9,409,9975.51,6703.51
2025-02-28,RIDE_002,Premium Black Airport Transfer,Rideshare & Mobility,66.74,65.0,22.0,67.01,0.0,462,4.48,546,143.35,0.0,Standard,Winter,2,4,Friday,28,0,97.43,107.8,100,6674.0,4474.0
2025-03-01,APP_001,Premium Merino Wool Sweater,Apparel & Fashion,74.86,79.99,28.0,79.13,10.0,251,4.17,691,189.95,0.0,Standard,Spring,3,5,Saturday,1,1,77.43,80.6,97,7261.42,4545.42
2025-03-01,APP_002,Breathable Performance Running Shoes,Apparel & Fashion,111.46,119.99,42.0,124.26,5.0,709,4.81,640,56.61,0.0,Standard,Spring,3,5,Saturday,1,1,101.29,110.97,89,9919.94,6181.94
2025-03-01,APP_003,Classic Waterproof Trench Coat,Apparel & Fashion,147.91,149.99,55.0,154.88,0.0,271,4.79,652,110.88,0.0,Budget,Spring,3,5,Saturday,1,1,36.14,37.93,39,5768.49,3623.49
2025-03-01,ELEC_001,Pro Wireless Noise-Cancelling Headphones,Electronics,206.09,199.99,85.0,213.96,0.0,238,4.81,598,158.12,0.0,Standard,Spring,3,5,Saturday,1,1,63.86,62.33,62,12777.58,7507.58
2025-03-01,ELEC_002,Ultra HD 4K Smart TV 55-inch,Electronics,544.19,549.99,280.0,470.05,0.0,161,4.48,599,160.09,0.0,Premium,Spring,3,5,Saturday,1,1,36.71,31.83,20,10883.8,5283.8
2025-03-01,ELEC_003,Smart Fitness Watch Gen-4,Electronics,124.72,129.99,50.0,141.91,0.0,133,4.88,647,126.12,0.0,Standard,Spring,3,5,Saturday,1,1,89.43,88.9,86,10725.92,6425.92
2025-03-01,ELEC_004,Ergonomic Mechanical Keyboard,Electronics,89.14,89.99,35.0,86.06,0.0,397,4.87,659,145.06,0.0,Standard,Spring,3,5,Saturday,1,1,59.57,61.67,53,4724.42,2869.42
2025-03-01,HOME_001,Espresso Machine & Milk Frother,Home & Living,167.93,159.99,65.0,148.72,0.0,200,4.33,616,137.73,0.0,Standard,Spring,3,5,Saturday,1,1,46.14,44.03,35,5877.55,3602.55
2025-03-01,HOME_002,Cordless Handheld Vacuum Cleaner,Home & Living,96.79,99.99,40.0,97.01,0.0,506,4.13,696,160.73,0.0,Standard,Spring,3,5,Saturday,1,1,69.43,67.7,58,5613.82,3293.82
2025-03-01,HOSP_001,Deluxe City Center King Room (Per Night),Hospitality & Stays,209.08,175.0,45.0,166.07,0.0,664,4.86,715,173.78,0.0,Premium,Spring,3,5,Saturday,1,1,125.57,123.27,86,17980.88,14110.88
2025-03-01,HOSP_002,Executive Skyline Suite (Per Night),Hospitality & Stays,430.61,350.0,90.0,361.55,0.0,674,4.01,596,167.64,0.0,Budget,Spring,3,5,Saturday,1,1,19.43,21.5,20,8612.2,6812.2
2025-03-01,RIDE_001,Standard Urban Commute Ride (10 km),Rideshare & Mobility,25.08,24.5,8.0,25.54,0.0,222,4.09,614,148.68,0.0,Budget,Spring,3,5,Saturday,1,1,381.0,302.1,442,11085.36,7549.36
2025-03-01,RIDE_002,Premium Black Airport Transfer,Rideshare & Mobility,65.96,65.0,22.0,65.42,0.0,342,4.27,625,178.72,0.0,Standard,Spring,3,5,Saturday,1,1,102.71,107.6,120,7915.2,5275.2
2025-03-02,APP_001,Premium Merino Wool Sweater,Apparel & Fashion,81.56,79.99,28.0,77.67,0.0,187,4.69,702,171.22,0.0,Standard,Spring,3,6,Sunday,2,1,78.14,80.03,64,5219.84,3427.84
2025-03-02,APP_002,Breathable Performance Running Shoes,Apparel & Fashion,125.0,119.99,42.0,117.68,0.0,617,4.23,601,98.84,0.0,Standard,Spring,3,6,Sunday,2,1,92.43,108.0,92,11500.0,7636.0
2025-03-02,APP_003,Classic Waterproof Trench Coat,Apparel & Fashion,153.73,149.99,55.0,154.53,0.0,238,4.64,748,111.97,0.0,Budget,Spring,3,6,Sunday,2,1,35.43,38.0,33,5073.09,3258.09
2025-03-02,ELEC_001,Pro Wireless Noise-Cancelling Headphones,Electronics,177.26,199.99,85.0,208.22,10.0,142,4.46,722,130.53,0.0,Standard,Spring,3,6,Sunday,2,1,69.0,63.13,96,17016.96,8856.96
2025-03-02,ELEC_002,Ultra HD 4K Smart TV 55-inch,Electronics,435.93,549.99,280.0,533.31,20.0,111,4.11,642,165.45,0.0,Standard,Spring,3,6,Sunday,2,1,39.0,32.77,50,21796.5,7796.5
2025-03-02,ELEC_003,Smart Fitness Watch Gen-4,Electronics,106.39,129.99,50.0,118.52,15.0,672,4.02,634,105.21,0.0,Standard,Spring,3,6,Sunday,2,1,91.71,90.1,128,13617.92,7217.92
2025-03-02,ELEC_004,Ergonomic Mechanical Keyboard,Electronics,92.29,89.99,35.0,83.97,0.0,345,4.58,598,181.11,0.0,Budget,Spring,3,6,Sunday,2,1,55.71,61.73,52,4799.08,2979.08
2025-03-02,HOME_001,Espresso Machine & Milk Frother,Home & Living,160.89,159.99,65.0,160.75,0.0,163,4.09,699,199.42,0.0,Standard,Spring,3,6,Sunday,2,1,44.57,43.97,37,5952.93,3547.93
2025-03-02,HOME_002,Cordless Handheld Vacuum Cleaner,Home & Living,101.95,99.99,40.0,102.47,0.0,443,4.89,525,135.06,0.0,Standard,Spring,3,6,Sunday,2,1,69.86,67.27,63,6422.85,3902.85
2025-03-02,HOSP_001,Deluxe City Center King Room (Per Night),Hospitality & Stays,214.02,175.0,45.0,173.34,0.0,557,4.66,698,152.65,0.0,Standard,Spring,3,6,Sunday,2,1,121.29,123.07,107,22900.14,18085.14
2025-03-02,HOSP_002,Executive Skyline Suite (Per Night),Hospitality & Stays,385.92,350.0,90.0,347.65,0.0,660,4.33,624,90.19,0.0,Enterprise,Spring,3,6,Sunday,2,1,18.14,21.27,14,5402.88,4142.88
2025-03-02,RIDE_001,Standard Urban Commute Ride (10 km),Rideshare & Mobility,25.27,24.5,8.0,24.0,0.0,576,4.43,708,198.27,0.0,Standard,Spring,3,6,Sunday,2,1,351.43,301.8,222,5609.94,3833.94
2025-03-02,RIDE_002,Premium Black Airport Transfer,Rideshare & Mobility,62.64,65.0,22.0,68.26,0.0,217,4.43,551,105.2,0.0,Standard,Spring,3,6,Sunday,2,1,108.14,108.2,125,7830.0,5080.0
2025-03-03,APP_001,Premium Merino Wool Sweater,Apparel & Fashion,83.54,79.99,28.0,81.52,0.0,133,4.16,679,184.37,0.0,Premium,Spring,3,0,Monday,3,0,75.57,77.7,54,4511.16,2999.16
2025-03-03,APP_002,Breathable Performance Running Shoes,Apparel & Fashion,120.94,119.99,42.0,119.84,0.0,538,4.13,568,168.97,0.0,Premium,Spring,3,0,Monday,3,0,90.0,106.53,79,9554.26,6236.26
2025-03-03,APP_003,Classic Waterproof Trench Coat,Apparel & Fashion,115.86,149.99,55.0,152.76,25.0,172,4.11,594,158.54,0.0,Premium,Spring,3,0,Monday,3,0,41.43,39.07,66,7646.76,4016.76
2025-03-03,ELEC_001,Pro Wireless Noise-Cancelling Headphones,Electronics,209.59,199.99,85.0,182.96,0.0,91,4.44,619,194.91,0.0,Budget,Spring,3,0,Monday,3,0,68.71,62.5,51,10689.09,6354.09
2025-03-03,ELEC_002,Ultra HD 4K Smart TV 55-inch,Electronics,576.17,549.99,280.0,579.67,0.0,86,4.31,593,99.43,0.0,Budget,Spring,3,0,Monday,3,0,36.57,32.6,25,14404.25,7404.25
2025-03-03,ELEC_003,Smart Fitness Watch Gen-4,Electronics,126.31,129.99,50.0,117.61,0.0,577,4.6,694,91.74,0.0,Standard,Spring,3,0,Monday,3,0,95.0,89.87,95,11999.45,7249.45
2025-03-03,ELEC_004,Ergonomic Mechanical Keyboard,Electronics,89.82,89.99,35.0,92.42,0.0,292,4.48,576,147.9,0.0,Budget,Spring,3,0,Monday,3,0,58.14,61.4,53,4760.46,2905.46
2025-03-03,HOME_001,Espresso Machine & Milk Frother,Home & Living,130.0,159.99,65.0,151.04,20.0,86,4.4,692,202.86,0.0,Budget,Spring,3,0,Monday,3,0,48.14,45.43,77,10010.0,5005.0
2025-03-03,HOME_002,Cordless Handheld Vacuum Cleaner,Home & Living,95.54,99.99,40.0,101.19,0.0,376,4.26,698,178.04,0.0,Standard,Spring,3,0,Monday,3,0,63.14,67.5,67,6401.18,3721.18
2025-03-03,HOSP_001,Deluxe City Center King Room (Per Night),Hospitality & Stays,180.96,175.0,45.0,169.53,0.0,486,4.01,585,120.18,0.0,Enterprise,Spring,3,0,Monday,3,0,110.43,121.13,71,12848.16,9653.16
2025-03-03,HOSP_002,Executive Skyline Suite (Per Night),Hospitality & Stays,312.37,350.0,90.0,360.57,10.0,633,4.13,732,138.31,0.0,Standard,Spring,3,0,Monday,3,0,19.0,21.47,27,8433.99,6003.99
2025-03-03,RIDE_001,Standard Urban Commute Ride (10 km),Rideshare & Mobility,19.93,24.5,8.0,24.77,20.0,502,4.55,641,99.38,0.0,Budget,Spring,3,0,Monday,3,0,370.14,309.73,576,11479.68,6871.68
2025-03-03,RIDE_002,Premium Black Airport Transfer,Rideshare & Mobility,65.87,65.0,22.0,60.76,0.0,106,4.02,598,92.05,0.0,Standard,Spring,3,0,Monday,3,0,108.43,106.83,111,7311.57,4869.57
2025-03-04,APP_001,Premium Merino Wool Sweater,Apparel & Fashion,76.09,79.99,28.0,82.22,0.0,608,4.16,618,129.03,0.0,Budget,Spring,3,1,Tuesday,4,0,80.57,79.57,103,7837.27,4953.27
2025-03-04,APP_002,Breathable Performance Running Shoes,Apparel & Fashion,114.33,119.99,42.0,119.56,0.0,404,4.4,642,193.1,0.0,Budget,Spring,3,1,Tuesday,4,0,94.71,107.97,134,15320.22,9692.22
2025-03-04,APP_003,Classic Waterproof Trench Coat,Apparel & Fashion,145.0,149.99,55.0,160.48,0.0,129,4.68,655,114.55,0.0,Budget,Spring,3,1,Tuesday,4,0,44.0,39.37,43,6235.0,3870.0
2025-03-04,ELEC_001,Pro Wireless Noise-Cancelling Headphones,Electronics,197.53,199.99,85.0,203.66,5.0,693,4.43,577,110.57,0.0,Budget,Spring,3,1,Tuesday,4,0,73.43,63.27,74,14617.22,8327.22
2025-03-04,ELEC_002,Ultra HD 4K Smart TV 55-inch,Electronics,565.97,549.99,280.0,558.38,0.0,800,4.13,583,111.84,0.0,Budget,Spring,3,1,Tuesday,4,0,34.29,32.67,28,15847.16,8007.16
2025-03-04,ELEC_003,Smart Fitness Watch Gen-4,Electronics,130.55,129.99,50.0,134.68,0.0,490,4.27,596,114.38,0.0,Standard,Spring,3,1,Tuesday,4,0,96.14,90.07,87,11357.85,7007.85
2025-03-04,ELEC_004,Ergonomic Mechanical Keyboard,Electronics,89.94,89.99,35.0,92.05,0.0,248,4.27,724,167.47,0.0,Premium,Spring,3,1,Tuesday,4,0,55.14,59.63,44,3957.36,2417.36
2025-03-04,HOME_001,Espresso Machine & Milk Frother,Home & Living,162.87,159.99,65.0,153.76,0.0,850,4.41,593,171.9,0.0,Premium,Spring,3,1,Tuesday,4,0,47.14,44.6,35,5700.45,3425.45
2025-03-04,HOME_002,Cordless Handheld Vacuum Cleaner,Home & Living,104.95,99.99,40.0,97.87,0.0,323,4.33,588,149.58,0.0,Budget,Spring,3,1,Tuesday,4,0,60.14,67.17,53,5562.35,3442.35
2025-03-04,HOSP_001,Deluxe City Center King Room (Per Night),Hospitality & Stays,175.21,175.0,45.0,175.69,0.0,381,4.69,640,137.56,0.0,Standard,Spring,3,1,Tuesday,4,0,107.86,120.6,105,18397.05,13672.05
2025-03-04,HOSP_002,Executive Skyline Suite (Per Night),Hospitality & Stays,343.53,350.0,90.0,348.25,0.0,613,4.44,573,150.01,0.0,Premium,Spring,3,1,Tuesday,4,0,19.29,21.67,20,6870.6,5070.6
2025-03-04,RIDE_001,Standard Urban Commute Ride (10 km),Rideshare & Mobility,24.93,24.5,8.0,23.12,0.0,218,4.09,646,171.85,0.0,Standard,Spring,3,1,Tuesday,4,0,356.29,315.27,284,7080.12,4808.12
2025-03-04,RIDE_002,Premium Black Airport Transfer,Rideshare & Mobility,66.9,65.0,22.0,72.06,0.0,706,4.47,671,154.25,0.0,Standard,Spring,3,1,Tuesday,4,0,106.43,106.27,92,6154.8,4130.8
2025-03-05,APP_001,Premium Merino Wool Sweater,Apparel & Fashion,77.21,79.99,28.0,75.16,5.0,535,4.5,679,125.7,0.0,Standard,Spring,3,2,Wednesday,5,0,75.43,78.2,73,5636.33,3592.33
2025-03-05,APP_002,Breathable Performance Running Shoes,Apparel & Fashion,117.28,119.99,42.0,132.66,0.0,280,4.72,634,144.55,0.0,Standard,Spring,3,2,Wednesday,5,0,101.29,108.17,124,14542.72,9334.72
2025-03-05,APP_003,Classic Waterproof Trench Coat,Apparel & Fashion,150.45,149.99,55.0,152.39,0.0,96,4.87,621,151.1,0.0,Premium,Spring,3,2,Wednesday,5,0,41.57,39.23,33,4964.85,3149.85
2025-03-05,ELEC_001,Pro Wireless Noise-Cancelling Headphones,Electronics,150.72,199.99,85.0,194.69,25.0,558,4.48,586,181.44,0.0,Budget,Spring,3,2,Wednesday,5,0,85.0,65.67,135,20347.2,8872.2
2025-03-05,ELEC_002,Ultra HD 4K Smart TV 55-inch,Electronics,537.38,549.99,280.0,528.53,0.0,769,4.07,692,174.21,0.0,Standard,Spring,3,2,Wednesday,5,0,34.57,32.47,31,16658.78,7978.78
2025-03-05,ELEC_003,Smart Fitness Watch Gen-4,Electronics,128.27,129.99,50.0,121.01,0.0,418,4.09,536,193.29,0.0,Standard,Spring,3,2,Wednesday,5,0,93.14,89.1,72,9235.44,5635.44
2025-03-05,ELEC_004,Ergonomic Mechanical Keyboard,Electronics,92.75,89.99,35.0,88.51,0.0,202,4.26,608,177.21,0.0,Standard,Spring,3,2,Wednesday,5,0,54.86,59.07,46,4266.5,2656.5
2025-03-05,HOME_001,Espresso Machine & Milk Frother,Home & Living,153.73,159.99,65.0,165.45,0.0,797,4.56,626,210.52,0.0,Budget,Spring,3,2,Wednesday,5,0,46.57,44.67,53,8147.69,4702.69
2025-03-05,HOME_002,Cordless Handheld Vacuum Cleaner,Home & Living,104.13,99.99,40.0,93.76,0.0,280,4.18,749,115.4,0.0,Premium,Spring,3,2,Wednesday,5,0,55.86,66.33,43,4477.59,2757.59
2025-03-05,HOSP_001,Deluxe City Center King Room (Per Night),Hospitality & Stays,179.15,175.0,45.0,171.51,0.0,273,4.88,621,151.86,0.0,Standard,Spring,3,2,Wednesday,5,0,96.43,120.73,108,19348.2,14488.2
2025-03-05,HOSP_002,Executive Skyline Suite (Per Night),Hospitality & Stays,360.99,350.0,90.0,353.1,0.0,594,4.18,583,217.24,0.0,Budget,Spring,3,2,Wednesday,5,0,19.71,21.63,19,6858.81,5148.81
2025-03-05,RIDE_001,Standard Urban Commute Ride (10 km),Rideshare & Mobility,23.71,24.5,8.0,23.4,0.0,467,4.49,674,154.84,0.0,Budget,Spring,3,2,Wednesday,5,0,364.71,302.27,218,5168.78,3424.78
2025-03-05,RIDE_002,Premium Black Airport Transfer,Rideshare & Mobility,64.6,65.0,22.0,64.61,0.0,611,4.86,540,122.43,0.0,Standard,Spring,3,2,Wednesday,5,0,106.14,105.9,95,6137.0,4047.0
2025-03-06,APP_001,Premium Merino Wool Sweater,Apparel & Fashion,82.46,79.99,28.0,84.0,0.0,454,4.51,582,157.9,0.0,Budget,Spring,3,3,Thursday,6,0,76.71,78.17,81,6679.26,4411.26
2025-03-06,APP_002,Breathable Performance Running Shoes,Apparel & Fashion,99.28,119.99,42.0,118.21,15.0,125,4.05,710,206.12,0.0,Standard,Spring,3,3,Thursday,6,0,107.57,110.03,155,15388.4,8878.4
2025-03-06,APP_003,Classic Waterproof Trench Coat,Apparel & Fashion,152.42,149.99,55.0,139.43,0.0,824,4.45,603,201.42,0.0,Budget,Spring,3,3,Thursday,6,0,40.57,39.47,38,5791.96,3701.96
2025-03-06,ELEC_001,Pro Wireless Noise-Cancelling Headphones,Electronics,193.56,199.99,85.0,187.81,5.0,493,4.46,569,134.84,0.0,Budget,Spring,3,3,Thursday,6,0,78.43,65.33,65,12581.4,7056.4
2025-03-06,ELEC_002,Ultra HD 4K Smart TV 55-inch,Electronics,556.56,549.99,280.0,538.72,0.0,745,4.37,663,76.56,0.0,Standard,Spring,3,3,Thursday,6,0,29.0,32.03,24,13357.44,6637.44
2025-03-06,ELEC_003,Smart Fitness Watch Gen-4,Electronics,105.22,129.99,50.0,127.81,15.0,278,4.81,538,123.71,0.0,Budget,Spring,3,3,Thursday,6,0,94.57,90.7,140,14730.8,7730.8
2025-03-06,ELEC_004,Ergonomic Mechanical Keyboard,Electronics,91.6,89.99,35.0,87.63,0.0,150,4.01,735,46.93,0.0,Budget,Spring,3,3,Thursday,6,0,52.43,58.7,52,4763.2,2943.2
2025-03-06,HOME_001,Espresso Machine & Milk Frother,Home & Living,163.29,159.99,65.0,154.54,0.0,771,4.07,580,134.75,0.0,Standard,Spring,3,3,Thursday,6,0,45.57,43.87,26,4245.54,2555.54
2025-03-06,HOME_002,Cordless Handheld Vacuum Cleaner,Home & Living,100.77,99.99,40.0,95.11,0.0,226,4.15,662,189.49,0.0,Premium,Spring,3,3,Thursday,6,0,56.14,66.17,54,5441.58,3281.58
2025-03-06,HOSP_001,Deluxe City Center King Room (Per Night),Hospitality & Stays,134.8,175.0,45.0,181.05,20.0,564,4.68,563,186.17,0.0,Budget,Spring,3,3,Thursday,6,0,119.29,126.57,273,36800.4,24515.4
2025-03-06,HOSP_002,Executive Skyline Suite (Per Night),Hospitality & Stays,336.28,350.0,90.0,329.6,0.0,571,4.04,704,148.42,0.0,Standard,Spring,3,3,Thursday,6,0,20.14,21.63,23,7734.44,5664.44
2025-03-06,RIDE_001,Standard Urban Commute Ride (10 km),Rideshare & Mobility,25.06,24.5,8.0,24.73,0.0,135,4.45,514,178.49,0.0,Standard,Spring,3,3,Thursday,6,0,354.71,309.9,332,8319.92,5663.92
2025-03-06,RIDE_002,Premium Black Airport Transfer,Rideshare & Mobility,66.99,65.0,22.0,65.99,0.0,504,4.6,663,171.48,0.0,Budget,Spring,3,3,Thursday,6,0,107.14,106.77,107,7167.93,4813.93
2025-03-07,APP_001,Premium Merino Wool Sweater,Apparel & Fashion,80.74,79.99,28.0,74.56,0.0,387,4.19,680,131.67,0.0,Budget,Spring,3,4,Friday,7,0,77.0,78.63,67,5409.58,3533.58
2025-03-07,APP_002,Breathable Performance Running Shoes,Apparel & Fashion,117.02,119.99,42.0,119.52,0.0,686,4.42,641,96.97,0.0,Premium,Spring,3,4,Friday,7,0,107.86,108.97,82,9595.64,6151.64
2025-03-07,APP_003,Classic Waterproof Trench Coat,Apparel & Fashion,150.77,149.99,55.0,139.7,0.0,799,4.53,637,189.37,0.0,Premium,Spring,3,4,Friday,7,0,39.57,39.3,25,3769.25,2394.25
2025-03-07,ELEC_001,Pro Wireless Noise-Cancelling Headphones,Electronics,208.47,199.99,85.0,201.77,0.0,430,4.21,631,157.68,0.0,Standard,Spring,3,4,Friday,7,0,78.0,65.3,63,13133.61,7778.61
2025-03-07,ELEC_002,Ultra HD 4K Smart TV 55-inch,Electronics,560.39,549.99,280.0,539.75,0.0,715,4.74,651,208.78,0.0,Budget,Spring,3,4,Friday,7,0,29.71,31.93,30,16811.7,8411.7
2025-03-07,ELEC_003,Smart Fitness Watch Gen-4,Electronics,118.68,129.99,50.0,132.17,10.0,149,4.31,585,169.52,0.0,Budget,Spring,3,4,Friday,7,0,105.29,92.17,129,15309.72,8859.72
2025-03-07,ELEC_004,Ergonomic Mechanical Keyboard,Electronics,74.26,89.99,35.0,86.59,15.0,83,4.7,588,96.89,0.0,Premium,Spring,3,4,Friday,7,0,52.43,59.2,67,4975.42,2630.42
2025-03-07,HOME_001,Espresso Machine & Milk Frother,Home & Living,162.54,159.99,65.0,151.19,0.0,735,4.04,586,188.21,0.0,Standard,Spring,3,4,Friday,7,0,42.71,43.8,36,5851.44,3511.44
2025-03-07,HOME_002,Cordless Handheld Vacuum Cleaner,Home & Living,97.73,99.99,40.0,109.39,0.0,162,4.68,715,188.5,0.0,Premium,Spring,3,4,Friday,7,0,57.43,66.2,64,6254.72,3694.72
2025-03-07,HOSP_001,Deluxe City Center King Room (Per Night),Hospitality & Stays,179.35,175.0,45.0,166.03,0.0,450,4.3,591,143.65,0.0,Budget,Spring,3,4,Friday,7,0,123.43,126.57,114,20445.9,15315.9
2025-03-07,HOSP_002,Executive Skyline Suite (Per Night),Hospitality & Stays,340.51,350.0,90.0,333.13,0.0,551,4.75,613,240.36,0.0,Premium,Spring,3,4,Friday,7,0,20.43,21.1,20,6810.2,5010.2
2025-03-07,RIDE_001,Standard Urban Commute Ride (10 km),Rideshare & Mobility,23.94,24.5,8.0,24.13,0.0,644,4.48,595,124.84,0.0,Budget,Spring,3,4,Friday,7,0,315.57,302.4,135,3231.9,2151.9
2025-03-07,RIDE_002,Premium Black Airport Transfer,Rideshare & Mobility,63.48,65.0,22.0,64.21,0.0,357,4.41,646,124.62,0.0,Budget,Spring,3,4,Friday,7,0,113.86,109.07,147,9331.56,6097.56
2025-03-08,APP_001,Premium Merino Wool Sweater,Apparel & Fashion,81.8,79.99,28.0,80.92,0.0,297,4.1,604,106.63,0.0,Budget,Spring,3,5,Saturday,8,1,76.0,79.0,90,7362.0,4842.0
2025-03-08,APP_002,Breathable Performance Running Shoes,Apparel & Fashion,116.83,119.99,42.0,128.23,0.0,571,4.49,625,149.56,0.0,Budget,Spring,3,5,Saturday,8,1,111.57,108.87,115,13435.45,8605.45
2025-03-08,APP_003,Classic Waterproof Trench Coat,Apparel & Fashion,156.55,149.99,55.0,139.86,0.0,771,4.19,644,124.0,0.0,Standard,Spring,3,5,Saturday,8,1,38.0,38.73,28,4383.4,2843.4
2025-03-08,ELEC_001,Pro Wireless Noise-Cancelling Headphones,Electronics,204.98,199.99,85.0,203.99,0.0,368,4.03,592,135.67,0.0,Standard,Spring,3,5,Saturday,8,1,78.0,64.97,62,12708.76,7438.76
2025-03-08,ELEC_002,Ultra HD 4K Smart TV 55-inch,Electronics,536.41,549.99,280.0,523.8,0.0,683,4.78,598,131.88,0.0,Standard,Spring,3,5,Saturday,8,1,31.43,31.27,32,17165.12,8205.12
2025-03-08,ELEC_003,Smart Fitness Watch Gen-4,Electronics,129.17,129.99,50.0,124.68,0.0,91,4.24,648,189.26,0.0,Enterprise,Spring,3,5,Saturday,8,1,101.29,91.87,58,7491.86,4591.86
2025-03-08,ELEC_004,Ergonomic Mechanical Keyboard,Electronics,88.29,89.99,35.0,90.21,0.0,546,4.29,622,200.99,0.0,Budget,Spring,3,5,Saturday,8,1,53.14,59.33,58,5120.82,3090.82
2025-03-08,HOME_001,Espresso Machine & Milk Frother,Home & Living,154.8,159.99,65.0,170.18,0.0,703,4.79,588,104.34,0.0,Enterprise,Spring,3,5,Saturday,8,1,42.29,42.93,32,4953.6,2873.6
2025-03-08,HOME_002,Cordless Handheld Vacuum Cleaner,Home & Living,98.66,99.99,40.0,94.83,0.0,109,4.87,653,107.21,0.0,Premium,Spring,3,5,Saturday,8,1,56.71,65.33,53,5228.98,3108.98
2025-03-08,HOSP_001,Deluxe City Center King Room (Per Night),Hospitality & Stays,205.24,175.0,45.0,173.33,0.0,389,4.73,642,185.31,0.0,Enterprise,Spring,3,5,Saturday,8,1,119.86,126.13,61,12519.64,9774.64
2025-03-08,HOSP_002,Executive Skyline Suite (Per Night),Hospitality & Stays,422.92,350.0,90.0,387.62,0.0,529,4.6,662,183.37,0.0,Standard,Spring,3,5,Saturday,8,1,20.71,21.17,22,9304.24,7324.24
2025-03-08,RIDE_001,Standard Urban Commute Ride (10 km),Rideshare & Mobility,24.69,24.5,8.0,25.67,0.0,162,4.27,627,133.71,0.0,Budget,Spring,3,5,Saturday,8,1,321.29,306.83,482,11900.58,8044.58
2025-03-08,RIDE_002,Premium Black Airport Transfer,Rideshare & Mobility,66.63,65.0,22.0,63.18,0.0,219,4.57,698,174.29,0.0,Budget,Spring,3,5,Saturday,8,1,116.43,111.0,138,9194.94,6158.94
2025-03-09,APP_001,Premium Merino Wool Sweater,Apparel & Fashion,81.05,79.99,28.0,76.66,0.0,229,4.5,638,133.67,0.0,Standard,Spring,3,6,Sunday,9,1,76.57,78.97,68,5511.4,3607.4
2025-03-09,APP_002,Breathable Performance Running Shoes,Apparel & Fashion,125.97,119.99,42.0,120.99,0.0,477,4.16,660,177.13,0.0,Standard,Spring,3,6,Sunday,9,1,111.86,109.2,94,11841.18,7893.18
2025-03-09,APP_003,Classic Waterproof Trench Coat,Apparel & Fashion,150.86,149.99,55.0,145.09,0.0,741,4.3,627,98.31,0.0,Standard,Spring,3,6,Sunday,9,1,37.57,38.7,30,4525.8,2875.8
2025-03-09,ELEC_001,Pro Wireless Noise-Cancelling Headphones,Electronics,196.46,199.99,85.0,202.93,5.0,297,4.08,609,87.58,0.0,Budget,Spring,3,6,Sunday,9,1,74.43,65.3,71,13948.66,7913.66
2025-03-09,ELEC_002,Ultra HD 4K Smart TV 55-inch,Electronics,554.13,549.99,280.0,595.84,0.0,653,4.39,710,186.72,0.0,Budget,Spring,3,6,Sunday,9,1,28.57,31.1,30,16623.9,8223.9
2025-03-09,ELEC_003,Smart Fitness Watch Gen-4,Electronics,126.83,129.99,50.0,120.38,0.0,551,4.43,717,178.53,0.0,Standard,Spring,3,6,Sunday,9,1,94.86,91.93,83,10526.89,6376.89
2025-03-09,ELEC_004,Ergonomic Mechanical Keyboard,Electronics,86.22,89.99,35.0,92.28,0.0,478,4.79,603,138.68,0.0,Standard,Spring,3,6,Sunday,9,1,55.43,59.33,68,5862.96,3482.96
2025-03-09,HOME_001,Espresso Machine & Milk Frother,Home & Living,128.47,159.99,65.0,159.29,20.0,613,4.5,618,153.33,0.0,Budget,Spring,3,6,Sunday,9,1,49.86,44.73,90,11562.3,5712.3
2025-03-09,HOME_002,Cordless Handheld Vacuum Cleaner,Home & Living,74.76,99.99,40.0,103.07,25.0,655,4.45,665,112.27,0.0,Budget,Spring,3,6,Sunday,9,1,63.29,67.63,109,8148.84,3788.84
2025-03-09,HOSP_001,Deluxe City Center King Room (Per Night),Hospitality & Stays,208.94,175.0,45.0,166.0,0.0,299,4.19,592,177.2,0.0,Premium,Spring,3,6,Sunday,9,1,117.43,125.93,90,18804.6,14754.6
2025-03-09,HOSP_002,Executive Skyline Suite (Per Night),Hospitality & Stays,384.06,350.0,90.0,342.5,0.0,502,4.72,647,93.53,0.0,Budget,Spring,3,6,Sunday,9,1,22.57,21.5,27,10369.62,7939.62
2025-03-09,RIDE_001,Standard Urban Commute Ride (10 km),Rideshare & Mobility,25.65,24.5,8.0,23.85,0.0,663,4.47,659,127.22,0.0,Premium,Spring,3,6,Sunday,9,1,312.71,306.57,162,4155.3,2859.3
2025-03-09,RIDE_002,Premium Black Airport Transfer,Rideshare & Mobility,62.97,65.0,22.0,71.76,0.0,560,4.09,667,137.83,0.0,Budget,Spring,3,6,Sunday,9,1,118.57,111.53,140,8815.8,5735.8
2025-03-10,APP_001,Premium Merino Wool Sweater,Apparel & Fashion,57.23,79.99,28.0,75.48,25.0,705,4.49,659,203.2,0.0,Standard,Spring,3,0,Monday,10,0,92.43,80.4,165,9442.95,4822.95
2025-03-10,APP_002,Breathable Performance Running Shoes,Apparel & Fashion,118.74,119.99,42.0,113.07,0.0,365,4.43,723,134.3,0.0,Budget,Spring,3,0,Monday,10,0,116.57,110.1,112,13298.88,8594.88
2025-03-10,APP_003,Classic Waterproof Trench Coat,Apparel & Fashion,152.61,149.99,55.0,154.39,0.0,704,4.27,536,199.25,0.0,Budget,Spring,3,0,Monday,10,0,33.43,38.7,37,5646.57,3611.57
2025-03-10,ELEC_001,Pro Wireless Noise-Cancelling Headphones,Electronics,199.58,199.99,85.0,178.22,0.0,230,4.53,616,166.06,0.0,Standard,Spring,3,0,Monday,10,0,76.71,65.13,67,13371.86,7676.86
2025-03-10,ELEC_002,Ultra HD 4K Smart TV 55-inch,Electronics,563.58,549.99,280.0,521.11,0.0,625,4.2,673,192.92,0.0,Budget,Spring,3,0,Monday,10,0,29.0,31.2,28,15780.24,7940.24
2025-03-10,ELEC_003,Smart Fitness Watch Gen-4,Electronics,134.32,129.99,50.0,136.95,0.0,472,4.63,644,110.65,0.0,Budget,Spring,3,0,Monday,10,0,92.57,89.97,79,10611.28,6661.28
2025-03-10,ELEC_004,Ergonomic Mechanical Keyboard,Electronics,90.2,89.99,35.0,95.13,0.0,416,4.44,645,181.76,0.0,Budget,Spring,3,0,Monday,10,0,56.71,59.37,62,5592.4,3422.4
2025-03-10,HOME_001,Espresso Machine & Milk Frother,Home & Living,156.41,159.99,65.0,163.21,0.0,571,4.57,681,117.59,0.0,Premium,Spring,3,0,Monday,10,0,44.86,44.87,42,6569.22,3839.22
2025-03-10,HOME_002,Cordless Handheld Vacuum Cleaner,Home & Living,97.79,99.99,40.0,111.22,0.0,574,4.71,652,136.71,0.0,Budget,Spring,3,0,Monday,10,0,65.29,68.73,81,7920.99,4680.99
2025-03-10,HOSP_001,Deluxe City Center King Room (Per Night),Hospitality & Stays,169.32,175.0,45.0,171.44,0.0,154,4.78,659,165.28,0.0,Standard,Spring,3,0,Monday,10,0,128.0,125.2,145,24551.4,18026.4
2025-03-10,HOSP_002,Executive Skyline Suite (Per Night),Hospitality & Stays,362.71,350.0,90.0,375.22,0.0,480,4.83,670,121.3,0.0,Standard,Spring,3,0,Monday,10,0,21.86,21.47,22,7979.62,5999.62
2025-03-10,RIDE_001,Standard Urban Commute Ride (10 km),Rideshare & Mobility,23.45,24.5,8.0,25.29,0.0,114,4.89,667,147.13,0.0,Budget,Spring,3,0,Monday,10,0,308.86,307.3,549,12874.05,8482.05
2025-03-10,RIDE_002,Premium Black Airport Transfer,Rideshare & Mobility,64.61,65.0,22.0,65.02,0.0,429,4.75,584,110.79,0.0,Budget,Spring,3,0,Monday,10,0,121.43,113.13,131,8463.91,5581.91
2025-03-11,APP_001,Premium Merino Wool Sweater,Apparel & Fashion,77.98,79.99,28.0,84.98,0.0,647,4.75,615,80.63,0.0,Enterprise,Spring,3,1,Tuesday,11,0,86.0,79.37,58,4522.84,2898.84
2025-03-11,APP_002,Breathable Performance Running Shoes,Apparel & Fashion,125.05,119.99,42.0,124.18,0.0,291,4.11,675,131.06,0.0,Premium,Spring,3,1,Tuesday,11,0,108.0,108.9,74,9253.7,6145.7
2025-03-11,APP_003,Classic Waterproof Trench Coat,Apparel & Fashion,145.66,149.99,55.0,150.79,0.0,661,4.67,598,175.1,0.0,Budget,Spring,3,1,Tuesday,11,0,33.43,38.87,43,6263.38,3898.38
2025-03-11,ELEC_001,Pro Wireless Noise-Cancelling Headphones,Electronics,207.98,199.99,85.0,179.92,0.0,179,4.55,691,149.55,0.0,Budget,Spring,3,1,Tuesday,11,0,73.43,65.13,51,10606.98,6271.98
2025-03-11,ELEC_002,Ultra HD 4K Smart TV 55-inch,Electronics,573.58,549.99,280.0,526.7,0.0,599,4.3,700,137.33,0.0,Budget,Spring,3,1,Tuesday,11,0,28.71,31.17,26,14913.08,7633.08
2025-03-11,ELEC_003,Smart Fitness Watch Gen-4,Electronics,134.59,129.99,50.0,130.35,0.0,389,4.13,622,141.22,0.0,Budget,Spring,3,1,Tuesday,11,0,92.0,90.63,83,11170.97,7020.97
2025-03-11,ELEC_004,Ergonomic Mechanical Keyboard,Electronics,87.24,89.99,35.0,91.1,0.0,352,4.35,581,197.84,0.0,Standard,Spring,3,1,Tuesday,11,0,59.57,59.87,64,5583.36,3343.36
2025-03-11,HOME_001,Espresso Machine & Milk Frother,Home & Living,154.67,159.99,65.0,165.47,0.0,528,4.62,752,126.78,0.0,Budget,Spring,3,1,Tuesday,11,0,46.0,44.7,43,6650.81,3855.81
2025-03-11,HOME_002,Cordless Handheld Vacuum Cleaner,Home & Living,103.12,99.99,40.0,106.85,0.0,507,4.56,657,143.29,0.0,Budget,Spring,3,1,Tuesday,11,0,67.29,68.73,67,6909.04,4229.04
2025-03-11,HOSP_001,Deluxe City Center King Room (Per Night),Hospitality & Stays,170.16,175.0,45.0,183.75,0.0,499,4.75,611,175.99,0.0,Standard,Spring,3,1,Tuesday,11,0,131.29,126.3,128,21780.48,16020.48
2025-03-11,HOSP_002,Executive Skyline Suite (Per Night),Hospitality & Stays,329.79,350.0,90.0,360.36,5.0,454,4.6,744,89.38,0.0,Standard,Spring,3,1,Tuesday,11,0,22.71,21.87,26,8574.54,6234.54
2025-03-11,RIDE_001,Standard Urban Commute Ride (10 km),Rideshare & Mobility,23.32,24.5,8.0,22.14,0.0,722,4.65,628,151.79,0.0,Standard,Spring,3,1,Tuesday,11,0,284.57,302.57,114,2658.48,1746.48
2025-03-11,RIDE_002,Premium Black Airport Transfer,Rideshare & Mobility,65.79,65.0,22.0,65.96,0.0,354,4.35,676,40.34,0.0,Enterprise,Spring,3,1,Tuesday,11,0,119.0,110.7,75,4934.25,3284.25
2025-03-12,APP_001,Premium Merino Wool Sweater,Apparel & Fashion,81.1,79.99,28.0,79.03,0.0,569,4.15,628,154.02,0.0,Standard,Spring,3,2,Wednesday,12,0,86.71,79.57,78,6325.8,4141.8
2025-03-12,APP_002,Breathable Performance Running Shoes,Apparel & Fashion,99.51,119.99,42.0,115.78,15.0,148,4.48,694,154.31,0.0,Premium,Spring,3,2,Wednesday,12,0,110.71,110.0,143,14229.93,8223.93
2025-03-12,APP_003,Classic Waterproof Trench Coat,Apparel & Fashion,150.77,149.99,55.0,147.85,0.0,628,4.35,648,89.9,0.0,Standard,Spring,3,2,Wednesday,12,0,33.43,38.4,33,4975.41,3160.41
2025-03-12,ELEC_001,Pro Wireless Noise-Cancelling Headphones,Electronics,207.01,199.99,85.0,193.82,0.0,118,4.08,577,181.9,0.0,Budget,Spring,3,2,Wednesday,12,0,62.86,65.13,61,12627.61,7442.61
2025-03-12,ELEC_002,Ultra HD 4K Smart TV 55-inch,Electronics,532.1,549.99,280.0,520.54,0.0,567,4.27,735,158.76,0.0,Budget,Spring,3,2,Wednesday,12,0,28.86,31.23,32,17027.2,8067.2
2025-03-12,ELEC_003,Smart Fitness Watch Gen-4,Electronics,96.55,129.99,50.0,130.16,25.0,225,4.61,637,170.23,0.0,Standard,Spring,3,2,Wednesday,12,0,105.14,93.07,164,15834.2,7634.2
2025-03-12,ELEC_004,Ergonomic Mechanical Keyboard,Electronics,90.61,89.99,35.0,90.3,0.0,295,4.62,646,188.79,0.0,Standard,Spring,3,2,Wednesday,12,0,61.14,60.5,57,5164.77,3169.77
2025-03-12,HOME_001,Espresso Machine & Milk Frother,Home & Living,159.72,159.99,65.0,178.44,0.0,479,4.29,615,228.71,0.0,Budget,Spring,3,2,Wednesday,12,0,45.43,44.8,49,7826.28,4641.28
2025-03-12,HOME_002,Cordless Handheld Vacuum Cleaner,Home & Living,100.89,99.99,40.0,104.6,0.0,447,4.55,679,162.23,0.0,Standard,Spring,3,2,Wednesday,12,0,69.71,69.0,60,6053.4,3653.4
2025-03-12,HOSP_001,Deluxe City Center King Room (Per Night),Hospitality & Stays,133.03,175.0,45.0,179.38,25.0,261,4.77,625,160.42,0.0,Standard,Spring,3,2,Wednesday,12,0,149.86,130.37,238,31661.14,20951.14
2025-03-12,HOSP_002,Executive Skyline Suite (Per Night),Hospitality & Stays,359.06,350.0,90.0,354.01,0.0,433,4.32,567,156.83,0.0,Budget,Spring,3,2,Wednesday,12,0,23.0,21.87,21,7540.26,5650.26
2025-03-12,RIDE_001,Standard Urban Commute Ride (10 km),Rideshare & Mobility,24.96,24.5,8.0,23.23,0.0,500,4.07,641,178.25,0.0,Enterprise,Spring,3,2,Wednesday,12,0,285.14,297.07,222,5541.12,3765.12
2025-03-12,RIDE_002,Premium Black Airport Transfer,Rideshare & Mobility,63.26,65.0,22.0,68.35,0.0,237,4.09,623,147.6,0.0,Budget,Spring,3,2,Wednesday,12,0,122.14,111.17,117,7401.42,4827.42
2025-03-13,APP_001,Premium Merino Wool Sweater,Apparel & Fashion,68.83,79.99,28.0,86.63,10.0,457,4.77,704,164.54,0.0,Premium,Spring,3,3,Thursday,13,0,91.14,81.0,112,7708.96,4572.96
2025-03-13,APP_002,Breathable Performance Running Shoes,Apparel & Fashion,121.05,119.99,42.0,129.69,0.0,573,4.55,577,175.09,0.0,Budget,Spring,3,3,Thursday,13,0,106.14,111.6,123,14889.15,9723.15
2025-03-13,APP_003,Classic Waterproof Trench Coat,Apparel & Fashion,129.25,149.99,55.0,152.4,15.0,592,4.28,658,191.37,0.0,Enterprise,Spring,3,3,Thursday,13,0,33.14,38.13,36,4653.0,2673.0
2025-03-13,ELEC_001,Pro Wireless Noise-Cancelling Headphones,Electronics,206.41,199.99,85.0,199.9,0.0,591,4.65,664,80.15,0.0,Premium,Spring,3,3,Thursday,13,0,62.0,64.33,59,12178.19,7163.19
2025-03-13,ELEC_002,Ultra HD 4K Smart TV 55-inch,Electronics,550.01,549.99,280.0,555.07,0.0,539,4.06,688,157.85,0.0,Budget,Spring,3,3,Thursday,13,0,29.43,31.17,28,15400.28,7560.28
2025-03-13,ELEC_003,Smart Fitness Watch Gen-4,Electronics,127.87,129.99,50.0,129.22,0.0,146,4.51,646,175.84,0.0,Standard,Spring,3,3,Thursday,13,0,96.43,92.6,79,10101.73,6151.73
2025-03-13,ELEC_004,Ergonomic Mechanical Keyboard,Electronics,77.04,89.99,35.0,85.57,15.0,220,4.23,607,113.07,0.0,Standard,Spring,3,3,Thursday,13,0,64.43,61.1,75,5778.0,3153.0
2025-03-13,HOME_001,Espresso Machine & Milk Frother,Home & Living,155.34,159.99,65.0,171.76,0.0,434,4.13,541,132.81,0.0,Standard,Spring,3,3,Thursday,13,0,48.14,44.57,45,6990.3,4065.3
2025-03-13,HOME_002,Cordless Handheld Vacuum Cleaner,Home & Living,98.18,99.99,40.0,106.25,0.0,382,4.34,743,205.62,0.0,Standard,Spring,3,3,Thursday,13,0,71.29,66.3,65,6381.7,3781.7
2025-03-13,HOSP_001,Deluxe City Center King Room (Per Night),Hospitality & Stays,172.4,175.0,45.0,171.23,0.0,134,4.61,774,155.34,0.0,Budget,Spring,3,3,Thursday,13,0,129.0,128.1,127,21894.8,16179.8
2025-03-13,HOSP_002,Executive Skyline Suite (Per Night),Hospitality & Stays,360.8,350.0,90.0,348.62,0.0,414,4.88,609,126.03,0.0,Standard,Spring,3,3,Thursday,13,0,22.43,21.6,19,6855.2,5145.2
2025-03-13,RIDE_001,Standard Urban Commute Ride (10 km),Rideshare & Mobility,23.5,24.5,8.0,25.36,0.0,683,4.37,602,151.87,0.0,Budget,Spring,3,3,Thursday,13,0,304.43,307.47,467,10974.5,7238.5
2025-03-13,RIDE_002,Premium Black Airport Transfer,Rideshare & Mobility,67.88,65.0,22.0,72.78,0.0,123,4.82,641,111.65,0.0,Budget,Spring,3,3,Thursday,13,0,123.14,111.17,114,7738.32,5230.32
2025-03-14,APP_001,Premium Merino Wool Sweater,Apparel & Fashion,80.11,79.99,28.0,78.54,0.0,398,4.62,650,140.33,0.0,Premium,Spring,3,4,Friday,14,0,90.0,80.73,59,4726.49,3074.49
2025-03-14,APP_002,Breathable Performance Running Shoes,Apparel & Fashion,120.93,119.99,42.0,119.01,0.0,459,4.42,677,178.91,0.0,Budget,Spring,3,4,Friday,14,0,110.71,111.1,114,13786.02,8998.02
2025-03-14,APP_003,Classic Waterproof Trench Coat,Apparel & Fashion,156.9,149.99,55.0,152.03,0.0,559,4.8,649,134.51,0.0,Budget,Spring,3,4,Friday,14,0,34.29,38.3,33,5177.7,3362.7
2025-03-14,ELEC_001,Pro Wireless Noise-Cancelling Headphones,Electronics,200.14,199.99,85.0,194.34,0.0,529,4.22,593,160.39,0.0,Budget,Spring,3,4,Friday,14,0,61.86,64.07,62,12408.68,7138.68
2025-03-14,ELEC_002,Ultra HD 4K Smart TV 55-inch,Electronics,461.62,549.99,280.0,545.24,20.0,498,4.65,682,86.31,0.0,Premium,Spring,3,4,Friday,14,0,31.0,31.27,41,18926.42,7446.42
2025-03-14,ELEC_003,Smart Fitness Watch Gen-4,Electronics,128.89,129.99,50.0,131.05,0.0,645,4.29,590,176.9,0.0,Premium,Spring,3,4,Friday,14,0,88.43,90.17,73,9408.97,5758.97
2025-03-14,ELEC_004,Ergonomic Mechanical Keyboard,Electronics,90.15,89.99,35.0,92.24,0.0,161,4.8,676,181.16,0.0,Standard,Spring,3,4,Friday,14,0,63.29,60.93,59,5318.85,3253.85
2025-03-14,HOME_001,Espresso Machine & Milk Frother,Home & Living,162.08,159.99,65.0,156.56,0.0,386,4.77,587,177.43,0.0,Standard,Spring,3,4,Friday,14,0,49.86,44.57,48,7779.84,4659.84
2025-03-14,HOME_002,Cordless Handheld Vacuum Cleaner,Home & Living,102.38,99.99,40.0,95.03,0.0,324,4.45,643,107.9,0.0,Standard,Spring,3,4,Friday,14,0,70.43,66.43,58,5938.04,3618.04
2025-03-14,HOSP_001,Deluxe City Center King Room (Per Night),Hospitality & Stays,176.38,175.0,45.0,196.53,0.0,517,4.2,574,158.32,0.0,Standard,Spring,3,4,Friday,14,0,129.29,127.87,116,20460.08,15240.08
2025-03-14,HOSP_002,Executive Skyline Suite (Per Night),Hospitality & Stays,346.79,350.0,90.0,339.84,0.0,391,4.7,677,77.23,0.0,Budget,Spring,3,4,Friday,14,0,22.86,21.77,23,7976.17,5906.17
2025-03-14,RIDE_001,Standard Urban Commute Ride (10 km),Rideshare & Mobility,24.57,24.5,8.0,23.21,0.0,261,4.21,563,121.58,0.0,Budget,Spring,3,4,Friday,14,0,345.43,312.2,422,10368.54,6992.54
2025-03-14,RIDE_002,Premium Black Airport Transfer,Rideshare & Mobility,62.03,65.0,22.0,63.81,0.0,508,4.72,710,141.13,0.0,Standard,Spring,3,4,Friday,14,0,119.71,111.9,123,7629.69,4923.69
2025-03-15,APP_001,Premium Merino Wool Sweater,Apparel & Fashion,71.3,79.99,28.0,71.81,15.0,288,4.82,697,127.39,0.0,Budget,Spring,3,5,Saturday,15,1,92.86,82.0,110,7843.0,4763.0
2025-03-15,APP_002,Breathable Performance Running Shoes,Apparel & Fashion,117.22,119.99,42.0,116.67,0.0,340,4.79,584,227.61,0.0,Standard,Spring,3,5,Saturday,15,1,111.29,112.57,119,13949.18,8951.18
2025-03-15,APP_003,Classic Waterproof Trench Coat,Apparel & Fashion,153.39,149.99,55.0,160.04,0.0,527,4.34,661,135.95,0.0,Standard,Spring,3,5,Saturday,15,1,34.86,37.6,32,4908.48,3148.48
2025-03-15,ELEC_001,Pro Wireless Noise-Cancelling Headphones,Electronics,200.64,199.99,85.0,188.6,0.0,468,4.05,659,115.58,0.0,Budget,Spring,3,5,Saturday,15,1,61.71,64.43,61,12239.04,7054.04
2025-03-15,ELEC_002,Ultra HD 4K Smart TV 55-inch,Electronics,564.09,549.99,280.0,585.85,0.0,468,4.07,737,141.07,0.0,Budget,Spring,3,5,Saturday,15,1,30.71,31.23,30,16922.7,8522.7
2025-03-15,ELEC_003,Smart Fitness Watch Gen-4,Electronics,126.6,129.99,50.0,137.67,0.0,556,4.71,666,143.69,0.0,Standard,Spring,3,5,Saturday,15,1,92.86,90.77,89,11267.4,6817.4
2025-03-15,ELEC_004,Ergonomic Mechanical Keyboard,Electronics,86.76,89.99,35.0,83.09,0.0,113,4.78,647,142.1,0.0,Premium,Spring,3,5,Saturday,15,1,61.86,60.7,48,4164.48,2484.48
2025-03-15,HOME_001,Espresso Machine & Milk Frother,Home & Living,141.23,159.99,65.0,161.8,10.0,313,4.16,561,141.07,0.0,Budget,Spring,3,5,Saturday,15,1,55.71,46.0,73,10309.79,5564.79
2025-03-15,HOME_002,Cordless Handheld Vacuum Cleaner,Home & Living,99.42,99.99,40.0,98.15,0.0,256,4.53,590,69.62,0.0,Budget,Spring,3,5,Saturday,15,1,72.57,67.13,68,6760.56,4040.56
2025-03-15,HOSP_001,Deluxe City Center King Room (Per Night),Hospitality & Stays,197.44,175.0,45.0,168.3,0.0,439,4.29,631,125.13,0.0,Enterprise,Spring,3,5,Saturday,15,1,131.71,126.37,78,15400.32,11890.32
2025-03-15,HOSP_002,Executive Skyline Suite (Per Night),Hospitality & Stays,392.29,350.0,90.0,374.36,0.0,368,4.28,667,99.21,0.0,Standard,Spring,3,5,Saturday,15,1,23.0,21.77,23,9022.67,6952.67
2025-03-15,RIDE_001,Standard Urban Commute Ride (10 km),Rideshare & Mobility,23.88,24.5,8.0,25.79,5.0,443,4.1,608,151.03,0.0,Budget,Spring,3,5,Saturday,15,1,313.86,312.77,261,6232.68,4144.68
2025-03-15,RIDE_002,Premium Black Airport Transfer,Rideshare & Mobility,63.64,65.0,22.0,67.32,0.0,405,4.16,644,96.38,0.0,Standard,Spring,3,5,Saturday,15,1,114.71,111.3,103,6554.92,4288.92
2025-03-16,APP_001,Premium Merino Wool Sweater,Apparel & Fashion,77.95,79.99,28.0,77.95,0.0,225,4.56,592,196.08,0.0,Premium,Spring,3,6,Sunday,16,1,92.14,81.47,63,4910.85,3146.85
2025-03-16,APP_002,Breathable Performance Running Shoes,Apparel & Fashion,118.02,119.99,42.0,116.62,5.0,213,4.68,671,257.52,0.0,Budget,Spring,3,6,Sunday,16,1,116.0,112.87,127,14988.54,9654.54
2025-03-16,APP_003,Classic Waterproof Trench Coat,Apparel & Fashion,143.57,149.99,55.0,146.93,0.0,486,4.19,622,163.66,0.0,Budget,Spring,3,6,Sunday,16,1,36.43,36.83,41,5886.37,3631.37
2025-03-16,ELEC_001,Pro Wireless Noise-Cancelling Headphones,Electronics,205.19,199.99,85.0,193.97,0.0,411,4.54,686,51.13,0.0,Budget,Spring,3,6,Sunday,16,1,59.71,65.03,57,11695.83,6850.83
2025-03-16,ELEC_002,Ultra HD 4K Smart TV 55-inch,Electronics,572.14,549.99,280.0,534.47,0.0,448,4.75,644,146.66,0.0,Budget,Spring,3,6,Sunday,16,1,29.29,31.17,20,11442.8,5842.8
2025-03-16,ELEC_003,Smart Fitness Watch Gen-4,Electronics,131.45,129.99,50.0,140.87,0.0,455,4.53,670,233.52,0.0,Budget,Spring,3,6,Sunday,16,1,95.43,91.63,101,13276.45,8226.45
2025-03-16,ELEC_004,Ergonomic Mechanical Keyboard,Electronics,90.19,89.99,35.0,86.6,0.0,512,4.17,530,128.26,0.0,Standard,Spring,3,6,Sunday,16,1,59.71,60.83,53,4780.07,2925.07
2025-03-16,HOME_001,Espresso Machine & Milk Frother,Home & Living,167.92,159.99,65.0,181.46,0.0,279,4.38,695,117.79,0.0,Premium,Spring,3,6,Sunday,16,1,47.71,45.47,34,5709.28,3499.28
2025-03-16,HOME_002,Cordless Handheld Vacuum Cleaner,Home & Living,103.19,99.99,40.0,96.11,0.0,196,4.65,615,95.11,0.0,Standard,Spring,3,6,Sunday,16,1,65.57,66.9,60,6191.4,3791.4
2025-03-16,HOSP_001,Deluxe City Center King Room (Per Night),Hospitality & Stays,220.05,175.0,45.0,171.1,0.0,369,4.63,648,165.69,0.0,Premium,Spring,3,6,Sunday,16,1,128.86,126.2,70,15403.5,12253.5
2025-03-16,HOSP_002,Executive Skyline Suite (Per Night),Hospitality & Stays,388.96,350.0,90.0,358.31,15.0,345,4.32,619,172.23,0.0,Standard,Spring,3,6,Sunday,16,1,22.43,21.8,23,8946.08,6876.08
2025-03-16,RIDE_001,Standard Urban Commute Ride (10 km),Rideshare & Mobility,24.06,24.5,8.0,24.4,0.0,462,4.25,608,116.61,0.0,Standard,Spring,3,6,Sunday,16,1,351.86,315.33,428,10297.68,6873.68
2025-03-16,RIDE_002,Premium Black Airport Transfer,Rideshare & Mobility,59.36,65.0,22.0,67.86,5.0,248,4.75,609,160.93,0.0,Standard,Spring,3,6,Sunday,16,1,117.14,111.47,157,9319.52,5865.52
2025-03-17,APP_001,Premium Merino Wool Sweater,Apparel & Fashion,78.64,79.99,28.0,85.21,0.0,146,4.01,685,146.64,0.0,Standard,Spring,3,0,Monday,17,0,79.86,81.57,79,6212.56,4000.56
2025-03-17,APP_002,Breathable Performance Running Shoes,Apparel & Fashion,119.58,119.99,42.0,122.62,0.0,96,4.87,676,163.03,0.0,Standard,Spring,3,0,Monday,17,0,116.71,114.27,117,13990.86,9076.86
2025-03-17,APP_003,Classic Waterproof Trench Coat,Apparel & Fashion,155.5,149.99,55.0,152.0,0.0,452,4.54,699,156.4,0.0,Standard,Spring,3,0,Monday,17,0,36.0,36.73,34,5287.0,3417.0
2025-03-17,ELEC_001,Pro Wireless Noise-Cancelling Headphones,Electronics,177.24,199.99,85.0,201.69,15.0,333,4.65,654,171.28,0.0,Premium,Spring,3,0,Monday,17,0,61.29,66.0,78,13824.72,7194.72
2025-03-17,ELEC_002,Ultra HD 4K Smart TV 55-inch,Electronics,538.92,549.99,280.0,557.91,0.0,414,4.8,689,103.91,0.0,Budget,Spring,3,0,Monday,17,0,30.14,31.4,34,18323.28,8803.28
2025-03-17,ELEC_003,Smart Fitness Watch Gen-4,Electronics,132.61,129.99,50.0,130.0,0.0,386,4.71,572,106.05,0.0,Standard,Spring,3,0,Monday,17,0,94.0,91.57,69,9150.09,5700.09
2025-03-17,ELEC_004,Ergonomic Mechanical Keyboard,Electronics,92.97,89.99,35.0,84.86,0.0,472,4.01,660,213.68,0.0,Premium,Spring,3,0,Monday,17,0,56.57,59.5,40,3718.8,2318.8
2025-03-17,HOME_001,Espresso Machine & Milk Frother,Home & Living,167.2,159.99,65.0,149.45,0.0,241,4.88,588,139.71,0.0,Budget,Spring,3,0,Monday,17,0,47.14,45.27,38,6353.6,3883.6
2025-03-17,HOME_002,Cordless Handheld Vacuum Cleaner,Home & Living,95.79,99.99,40.0,97.37,0.0,137,4.45,656,200.16,0.0,Premium,Spring,3,0,Monday,17,0,62.43,67.0,59,5651.61,3291.61
2025-03-17,HOSP_001,Deluxe City Center King Room (Per Night),Hospitality & Stays,170.49,175.0,45.0,183.16,0.0,226,4.78,658,187.49,0.0,Budget,Spring,3,0,Monday,17,0,128.57,126.93,143,24380.07,17945.07
2025-03-17,HOSP_002,Executive Skyline Suite (Per Night),Hospitality & Stays,344.38,350.0,90.0,361.79,0.0,320,4.2,598,135.54,0.0,Budget,Spring,3,0,Monday,17,0,22.86,22.0,25,8609.5,6359.5
2025-03-17,RIDE_001,Standard Urban Commute Ride (10 km),Rideshare & Mobility,25.48,24.5,8.0,23.37,0.0,185,4.63,668,161.85,0.0,Premium,Spring,3,0,Monday,17,0,313.0,317.53,277,7057.96,4841.96
2025-03-17,RIDE_002,Premium Black Airport Transfer,Rideshare & Mobility,64.24,65.0,22.0,61.47,0.0,156,4.89,776,155.56,0.0,Premium,Spring,3,0,Monday,17,0,111.57,110.37,92,5910.08,3886.08
2025-03-18,APP_001,Premium Merino Wool Sweater,Apparel & Fashion,71.12,79.99,28.0,83.6,10.0,572,4.77,628,128.67,0.0,Premium,Spring,3,1,Tuesday,18,0,84.29,81.63,89,6329.68,3837.68
2025-03-18,APP_002,Breathable Performance Running Shoes,Apparel & Fashion,117.67,119.99,42.0,127.28,0.0,764,4.37,747,79.92,0.0,Budget,Spring,3,1,Tuesday,18,0,119.86,113.93,96,11296.32,7264.32
2025-03-18,APP_003,Classic Waterproof Trench Coat,Apparel & Fashion,144.99,149.99,55.0,156.02,0.0,424,4.52,643,155.51,0.0,Enterprise,Spring,3,1,Tuesday,18,0,33.86,36.43,28,4059.72,2519.72
2025-03-18,ELEC_001,Pro Wireless Noise-Cancelling Headphones,Electronics,202.67,199.99,85.0,195.57,0.0,280,4.82,674,182.81,0.0,Standard,Spring,3,1,Tuesday,18,0,61.57,65.9,53,10741.51,6236.51
2025-03-18,ELEC_002,Ultra HD 4K Smart TV 55-inch,Electronics,559.13,549.99,280.0,586.62,0.0,389,4.89,663,128.39,0.0,Standard,Spring,3,1,Tuesday,18,0,30.0,30.7,25,13978.25,6978.25
2025-03-18,ELEC_003,Smart Fitness Watch Gen-4,Electronics,126.94,129.99,50.0,130.88,5.0,307,4.23,653,171.24,0.0,Premium,Spring,3,1,Tuesday,18,0,93.43,91.53,79,10028.26,6078.26
2025-03-18,ELEC_004,Ergonomic Mechanical Keyboard,Electronics,93.81,89.99,35.0,90.62,0.0,425,4.7,680,219.77,0.0,Premium,Spring,3,1,Tuesday,18,0,54.14,58.37,47,4409.07,2764.07
2025-03-18,HOME_001,Espresso Machine & Milk Frother,Home & Living,152.13,159.99,65.0,159.46,0.0,199,4.7,745,155.26,0.0,Premium,Spring,3,1,Tuesday,18,0,47.0,45.43,42,6389.46,3659.46
2025-03-18,HOME_002,Cordless Handheld Vacuum Cleaner,Home & Living,95.88,99.99,40.0,100.52,0.0,555,4.44,685,145.83,0.0,Budget,Spring,3,1,Tuesday,18,0,64.71,67.13,83,7958.04,4638.04
2025-03-18,HOSP_001,Deluxe City Center King Room (Per Night),Hospitality & Stays,170.52,175.0,45.0,199.38,0.0,97,4.73,701,148.75,0.0,Standard,Spring,3,1,Tuesday,18,0,128.71,125.27,129,21997.08,16192.08
2025-03-18,HOSP_002,Executive Skyline Suite (Per Night),Hospitality & Stays,337.58,350.0,90.0,352.01,0.0,299,4.09,609,225.43,0.0,Budget,Spring,3,1,Tuesday,18,0,22.14,22.0,21,7089.18,5199.18
2025-03-18,RIDE_001,Standard Urban Commute Ride (10 km),Rideshare & Mobility,24.41,24.5,8.0,23.19,0.0,629,4.38,625,171.03,0.0,Premium,Spring,3,1,Tuesday,18,0,323.14,310.5,185,4515.85,3035.85
2025-03-18,RIDE_002,Premium Black Airport Transfer,Rideshare & Mobility,65.31,65.0,22.0,72.19,0.0,569,4.66,602,201.17,0.0,Budget,Spring,3,1,Tuesday,18,0,116.29,110.2,108,7053.48,4677.48
2025-03-19,APP_001,Premium Merino Wool Sweater,Apparel & Fashion,79.4,79.99,28.0,76.1,0.0,483,4.46,579,109.52,0.0,Standard,Spring,3,2,Wednesday,19,0,85.86,82.3,89,7066.6,4574.6
2025-03-19,APP_002,Breathable Performance Running Shoes,Apparel & Fashion,124.61,119.99,42.0,115.47,0.0,661,4.68,656,167.65,0.0,Budget,Spring,3,2,Wednesday,19,0,114.14,110.53,103,12834.83,8508.83
2025-03-19,APP_003,Classic Waterproof Trench Coat,Apparel & Fashion,145.98,149.99,55.0,145.24,0.0,384,4.35,589,95.27,0.0,Budget,Spring,3,2,Wednesday,19,0,34.86,36.47,40,5839.2,3639.2
2025-03-19,ELEC_001,Pro Wireless Noise-Cancelling Headphones,Electronics,202.47,199.99,85.0,217.71,0.0,223,4.49,634,229.92,0.0,Standard,Spring,3,2,Wednesday,19,0,61.0,66.33,57,11540.79,6695.79
2025-03-19,ELEC_002,Ultra HD 4K Smart TV 55-inch,Electronics,443.63,549.99,280.0,528.11,20.0,343,4.73,644,101.72,0.0,Standard,Spring,3,2,Wednesday,19,0,32.0,31.27,46,20406.98,7526.98
2025-03-19,ELEC_003,Smart Fitness Watch Gen-4,Electronics,131.69,129.99,50.0,141.26,0.0,231,4.4,605,151.4,0.0,Standard,Spring,3,2,Wednesday,19,0,80.86,91.63,76,10008.44,6208.44
2025-03-19,ELEC_004,Ergonomic Mechanical Keyboard,Electronics,85.85,89.99,35.0,86.04,0.0,363,4.35,724,103.29,0.0,Budget,Spring,3,2,Wednesday,19,0,54.86,58.47,62,5322.7,3152.7
2025-03-19,HOME_001,Espresso Machine & Milk Frother,Home & Living,152.93,159.99,65.0,156.78,0.0,156,4.17,653,155.82,0.0,Standard,Spring,3,2,Wednesday,19,0,46.14,45.97,43,6575.99,3780.99
2025-03-19,HOME_002,Cordless Handheld Vacuum Cleaner,Home & Living,99.17,99.99,40.0,96.83,0.0,486,4.78,570,124.3,0.0,Standard,Spring,3,2,Wednesday,19,0,66.0,67.4,69,6842.73,4082.73
2025-03-19,HOSP_001,Deluxe City Center King Room (Per Night),Hospitality & Stays,179.24,175.0,45.0,175.42,0.0,452,4.21,605,173.24,0.0,Enterprise,Spring,3,2,Wednesday,19,0,104.14,124.1,66,11829.84,8859.84
2025-03-19,HOSP_002,Executive Skyline Suite (Per Night),Hospitality & Stays,364.54,350.0,90.0,338.4,0.0,284,4.04,567,177.51,0.0,Premium,Spring,3,2,Wednesday,19,0,21.29,21.77,15,5468.1,4118.1
2025-03-19,RIDE_001,Standard Urban Commute Ride (10 km),Rideshare & Mobility,23.46,24.5,8.0,24.75,0.0,321,4.54,662,43.87,0.0,Premium,Spring,3,2,Wednesday,19,0,335.43,315.83,308,7225.68,4761.68
2025-03-19,RIDE_002,Premium Black Airport Transfer,Rideshare & Mobility,66.5,65.0,22.0,66.29,0.0,472,4.88,700,82.0,0.0,Standard,Spring,3,2,Wednesday,19,0,113.43,109.87,97,6450.5,4316.5
2025-03-20,APP_001,Premium Merino Wool Sweater,Apparel & Fashion,77.04,79.99,28.0,78.12,5.0,400,4.53,741,176.4,0.0,Budget,Spring,3,3,Thursday,20,0,81.71,81.77,83,6394.32,4070.32
2025-03-20,APP_002,Breathable Performance Running Shoes,Apparel & Fashion,120.46,119.99,42.0,119.83,0.0,547,4.72,646,137.1,0.0,Standard,Spring,3,3,Thursday,20,0,112.86,111.37,114,13732.44,8944.44
2025-03-20,APP_003,Classic Waterproof Trench Coat,Apparel & Fashion,145.79,149.99,55.0,152.83,0.0,347,4.46,622,175.76,0.0,Standard,Spring,3,3,Thursday,20,0,35.0,36.1,37,5394.23,3359.23
2025-03-20,ELEC_001,Pro Wireless Noise-Cancelling Headphones,Electronics,170.72,199.99,85.0,206.86,15.0,134,4.39,539,198.59,0.0,Standard,Spring,3,3,Thursday,20,0,65.29,67.47,89,15194.08,7629.08
2025-03-20,ELEC_002,Ultra HD 4K Smart TV 55-inch,Electronics,529.82,549.99,280.0,583.15,0.0,313,4.57,713,158.66,0.0,Standard,Spring,3,3,Thursday,20,0,32.29,31.53,30,15894.6,7494.6
2025-03-20,ELEC_003,Smart Fitness Watch Gen-4,Electronics,124.96,129.99,50.0,133.91,0.0,150,4.65,695,189.03,0.0,Premium,Spring,3,3,Thursday,20,0,81.14,91.3,81,10121.76,6071.76
2025-03-20,ELEC_004,Ergonomic Mechanical Keyboard,Electronics,94.38,89.99,35.0,91.66,0.0,307,4.31,611,175.77,0.0,Budget,Spring,3,3,Thursday,20,0,52.14,58.9,56,5285.28,3325.28
2025-03-20,HOME_001,Espresso Machine & Milk Frother,Home & Living,165.67,159.99,65.0,158.07,0.0,126,4.32,678,115.95,0.0,Premium,Spring,3,3,Thursday,20,0,44.0,45.43,30,4970.1,3020.1
2025-03-20,HOME_002,Cordless Handheld Vacuum Cleaner,Home & Living,96.81,99.99,40.0,96.76,0.0,434,4.84,650,215.63,0.0,Premium,Spring,3,3,Thursday,20,0,64.14,66.97,52,5034.12,2954.12
2025-03-20,HOSP_001,Deluxe City Center King Room (Per Night),Hospitality & Stays,175.48,175.0,45.0,178.94,0.0,319,4.32,695,233.9,0.0,Budget,Spring,3,3,Thursday,20,0,105.0,124.03,133,23338.84,17353.84
2025-03-20,HOSP_002,Executive Skyline Suite (Per Night),Hospitality & Stays,342.9,350.0,90.0,330.85,0.0,269,4.14,702,175.7,0.0,Premium,Spring,3,3,Thursday,20,0,20.71,21.43,15,5143.5,3793.5
2025-03-20,RIDE_001,Standard Urban Commute Ride (10 km),Rideshare & Mobility,19.9,24.5,8.0,24.47,20.0,688,4.75,680,154.59,0.0,Standard,Spring,3,3,Thursday,20,0,314.57,316.77,321,6387.9,3819.9
2025-03-20,RIDE_002,Premium Black Airport Transfer,Rideshare & Mobility,65.57,65.0,22.0,61.73,0.0,383,4.55,688,116.26,0.0,Standard,Spring,3,3,Thursday,20,0,109.86,109.23,89,5835.73,3877.73
2025-03-21,APP_001,Premium Merino Wool Sweater,Apparel & Fashion,79.77,79.99,28.0,80.91,0.0,334,4.76,689,162.82,0.0,Standard,Spring,3,4,Friday,21,0,82.71,81.2,66,5264.82,3416.82
2025-03-21,APP_002,Breathable Performance Running Shoes,Apparel & Fashion,120.46,119.99,42.0,116.6,0.0,448,4.18,667,96.87,0.0,Standard,Spring,3,4,Friday,21,0,110.71,111.33,99,11925.54,7767.54
2025-03-21,APP_003,Classic Waterproof Trench Coat,Apparel & Fashion,110.99,149.99,55.0,146.63,25.0,260,4.66,689,134.32,0.0,Budget,Spring,3,4,Friday,21,0,42.71,37.97,87,9656.13,4871.13
2025-03-21,ELEC_001,Pro Wireless Noise-Cancelling Headphones,Electronics,209.94,199.99,85.0,217.05,0.0,660,4.68,656,188.8,0.0,Budget,Spring,3,4,Friday,21,0,66.29,67.5,69,14485.86,8620.86
2025-03-21,ELEC_002,Ultra HD 4K Smart TV 55-inch,Electronics,549.99,549.99,280.0,578.47,0.0,280,4.66,698,102.73,0.0,Budget,Spring,3,4,Friday,21,0,31.14,31.83,33,18149.67,8909.67
2025-03-21,ELEC_003,Smart Fitness Watch Gen-4,Electronics,125.42,129.99,50.0,129.28,0.0,564,4.67,639,216.13,0.0,Premium,Spring,3,4,Friday,21,0,82.43,90.9,82,10284.44,6184.44
2025-03-21,ELEC_004,Ergonomic Mechanical Keyboard,Electronics,69.61,89.99,35.0,94.32,25.0,229,4.03,699,154.72,0.0,Standard,Spring,3,4,Friday,21,0,54.86,59.87,78,5429.58,2699.58
2025-03-21,HOME_001,Espresso Machine & Milk Frother,Home & Living,156.89,159.99,65.0,174.34,0.0,82,4.19,642,142.86,0.0,Standard,Spring,3,4,Friday,21,0,43.43,45.47,44,6903.16,4043.16
2025-03-21,HOME_002,Cordless Handheld Vacuum Cleaner,Home & Living,100.09,99.99,40.0,100.84,0.0,377,4.52,592,161.76,0.0,Standard,Spring,3,4,Friday,21,0,64.0,64.5,57,5705.13,3425.13
2025-03-21,HOSP_001,Deluxe City Center King Room (Per Night),Hospitality & Stays,168.85,175.0,45.0,172.15,0.0,199,4.14,638,174.01,0.0,Standard,Spring,3,4,Friday,21,0,105.57,124.9,120,20262.0,14862.0
2025-03-21,HOSP_002,Executive Skyline Suite (Per Night),Hospitality & Stays,355.06,350.0,90.0,325.36,0.0,252,4.68,594,184.78,0.0,Standard,Spring,3,4,Friday,21,0,19.86,21.3,17,6036.02,4506.02
2025-03-21,RIDE_001,Standard Urban Commute Ride (10 km),Rideshare & Mobility,24.37,24.5,8.0,24.79,0.0,304,4.88,637,164.2,0.0,Premium,Spring,3,4,Friday,21,0,309.14,318.7,384,9358.08,6286.08
2025-03-21,RIDE_002,Premium Black Airport Transfer,Rideshare & Mobility,64.01,65.0,22.0,59.26,0.0,259,4.44,705,150.76,0.0,Standard,Spring,3,4,Friday,21,0,110.0,110.57,124,7937.24,5209.24
2025-03-22,APP_001,Premium Merino Wool Sweater,Apparel & Fashion,83.29,79.99,28.0,77.24,0.0,255,4.87,686,84.23,0.0,Standard,Spring,3,5,Saturday,22,1,78.29,81.37,79,6579.91,4367.91
2025-03-22,APP_002,Breathable Performance Running Shoes,Apparel & Fashion,87.17,119.99,42.0,118.92,25.0,282,4.66,730,39.46,0.0,Premium,Spring,3,5,Saturday,22,1,117.43,112.53,166,14470.22,7498.22
2025-03-22,APP_003,Classic Waterproof Trench Coat,Apparel & Fashion,150.09,149.99,55.0,152.21,0.0,227,4.29,664,134.7,0.0,Budget,Spring,3,5,Saturday,22,1,42.86,37.6,33,4952.97,3137.97
2025-03-22,ELEC_001,Pro Wireless Noise-Cancelling Headphones,Electronics,196.83,199.99,85.0,215.09,0.0,606,4.74,680,139.21,0.0,Premium,Spring,3,5,Saturday,22,1,65.29,67.23,54,10628.82,6038.82
2025-03-22,ELEC_002,Ultra HD 4K Smart TV 55-inch,Electronics,569.24,549.99,280.0,537.35,0.0,258,4.18,573,147.84,0.0,Standard,Spring,3,5,Saturday,22,1,30.0,31.53,22,12523.28,6363.28
2025-03-22,ELEC_003,Smart Fitness Watch Gen-4,Electronics,126.03,129.99,50.0,123.5,5.0,495,4.44,741,97.58,0.0,Premium,Spring,3,5,Saturday,22,1,79.57,90.57,69,8696.07,5246.07
2025-03-22,ELEC_004,Ergonomic Mechanical Keyboard,Electronics,85.9,89.99,35.0,91.85,0.0,160,4.27,648,52.95,0.0,Budget,Spring,3,5,Saturday,22,1,57.86,58.03,69,5927.1,3512.1
2025-03-22,HOME_001,Espresso Machine & Milk Frother,Home & Living,160.18,159.99,65.0,160.65,0.0,478,4.68,599,116.71,0.0,Standard,Spring,3,5,Saturday,22,1,38.43,45.5,38,6086.84,3616.84
2025-03-22,HOME_002,Cordless Handheld Vacuum Cleaner,Home & Living,99.75,99.99,40.0,104.56,0.0,317,4.42,662,90.9,0.0,Premium,Spring,3,5,Saturday,22,1,62.86,64.77,60,5985.0,3585.0
2025-03-22,HOSP_001,Deluxe City Center King Room (Per Night),Hospitality & Stays,186.05,175.0,45.0,169.27,0.0,642,4.82,670,93.17,0.0,Standard,Spring,3,5,Saturday,22,1,114.57,123.97,141,26233.05,19888.05
2025-03-22,HOSP_002,Executive Skyline Suite (Per Night),Hospitality & Stays,412.8,350.0,90.0,336.04,0.0,235,4.52,685,56.06,0.0,Standard,Spring,3,5,Saturday,22,1,19.0,21.1,17,7017.6,5487.6
2025-03-22,RIDE_001,Standard Urban Commute Ride (10 km),Rideshare & Mobility,25.72,24.5,8.0,26.22,0.0,646,4.25,694,85.89,0.0,Budget,Spring,3,5,Saturday,22,1,315.29,324.1,304,7818.88,5386.88
2025-03-22,RIDE_002,Premium Black Airport Transfer,Rideshare & Mobility,66.58,65.0,22.0,67.14,0.0,122,4.37,615,126.1,0.0,Budget,Spring,3,5,Saturday,22,1,114.86,111.53,137,9121.46,6107.46
2025-03-23,APP_001,Premium Merino Wool Sweater,Apparel & Fashion,82.78,79.99,28.0,79.04,0.0,172,4.68,615,83.25,0.0,Budget,Spring,3,6,Sunday,23,1,81.14,81.23,83,6870.74,4546.74
2025-03-23,APP_002,Breathable Performance Running Shoes,Apparel & Fashion,110.6,119.99,42.0,124.28,10.0,163,4.63,642,167.22,0.0,Standard,Spring,3,6,Sunday,23,1,116.29,112.5,119,13161.4,8163.4
2025-03-23,APP_003,Classic Waterproof Trench Coat,Apparel & Fashion,156.54,149.99,55.0,151.83,0.0,202,4.56,638,162.85,0.0,Premium,Spring,3,6,Sunday,23,1,40.57,37.43,25,3913.5,2538.5
2025-03-23,ELEC_001,Pro Wireless Noise-Cancelling Headphones,Electronics,204.39,199.99,85.0,195.72,0.0,531,4.58,634,166.54,0.0,Budget,Spring,3,6,Sunday,23,1,67.86,67.2,75,15329.25,8954.25
2025-03-23,ELEC_002,Ultra HD 4K Smart TV 55-inch,Electronics,471.49,549.99,280.0,526.52,15.0,226,4.49,666,176.29,0.0,Premium,Spring,3,6,Sunday,23,1,31.71,31.77,32,15087.68,6127.68
2025-03-23,ELEC_003,Smart Fitness Watch Gen-4,Electronics,124.11,129.99,50.0,122.93,0.0,386,4.77,767,130.99,0.0,Budget,Spring,3,6,Sunday,23,1,80.71,91.3,109,13527.99,8077.99
2025-03-23,ELEC_004,Ergonomic Mechanical Keyboard,Electronics,88.46,89.99,35.0,90.92,0.0,98,4.34,650,208.89,0.0,Standard,Spring,3,6,Sunday,23,1,59.14,58.43,62,5484.52,3314.52
2025-03-23,HOME_001,Espresso Machine & Milk Frother,Home & Living,163.77,159.99,65.0,147.02,0.0,446,4.7,659,108.24,0.0,Premium,Spring,3,6,Sunday,23,1,38.14,44.77,32,5240.64,3160.64
2025-03-23,HOME_002,Cordless Handheld Vacuum Cleaner,Home & Living,97.59,99.99,40.0,95.0,0.0,262,4.08,608,170.44,0.0,Premium,Spring,3,6,Sunday,23,1,62.14,65.07,55,5367.45,3167.45
2025-03-23,HOSP_001,Deluxe City Center King Room (Per Night),Hospitality & Stays,159.74,175.0,45.0,180.69,20.0,446,4.64,704,108.71,0.0,Premium,Spring,3,6,Sunday,23,1,132.57,125.87,196,31309.04,22489.04
2025-03-23,HOSP_002,Executive Skyline Suite (Per Night),Hospitality & Stays,430.93,350.0,90.0,357.21,0.0,216,4.35,680,220.59,0.0,Standard,Spring,3,6,Sunday,23,1,18.43,20.57,19,8187.67,6477.67
2025-03-23,RIDE_001,Standard Urban Commute Ride (10 km),Rideshare & Mobility,24.6,24.5,8.0,25.76,0.0,176,4.11,571,202.91,0.0,Budget,Spring,3,6,Sunday,23,1,321.29,329.83,470,11562.0,7802.0
2025-03-23,RIDE_002,Premium Black Airport Transfer,Rideshare & Mobility,49.4,65.0,22.0,65.67,20.0,529,4.6,690,157.62,0.0,Standard,Spring,3,6,Sunday,23,1,109.86,111.53,122,6026.8,3342.8
2025-03-24,APP_001,Premium Merino Wool Sweater,Apparel & Fashion,79.41,79.99,28.0,85.29,0.0,89,4.35,607,167.26,0.0,Standard,Spring,3,0,Monday,24,0,81.71,81.27,83,6591.03,4267.03
2025-03-24,APP_002,Breathable Performance Running Shoes,Apparel & Fashion,125.18,119.99,42.0,118.88,0.0,521,4.3,664,146.51,0.0,Budget,Spring,3,0,Monday,24,0,114.43,110.47,104,13018.72,8650.72
2025-03-24,APP_003,Classic Waterproof Trench Coat,Apparel & Fashion,156.36,149.99,55.0,156.6,0.0,166,4.16,718,138.66,0.0,Budget,Spring,3,0,Monday,24,0,40.86,37.47,36,5628.96,3648.96
2025-03-24,ELEC_001,Pro Wireless Noise-Cancelling Headphones,Electronics,201.66,199.99,85.0,189.41,0.0,466,4.36,638,176.17,0.0,Budget,Spring,3,0,Monday,24,0,66.0,67.4,65,13107.9,7582.9
2025-03-24,ELEC_002,Ultra HD 4K Smart TV 55-inch,Electronics,536.37,549.99,280.0,549.92,0.0,200,4.28,634,183.45,0.0,Premium,Spring,3,0,Monday,24,0,30.57,32.0,26,13945.62,6665.62
2025-03-24,ELEC_003,Smart Fitness Watch Gen-4,Electronics,117.93,129.99,50.0,124.15,10.0,283,4.81,717,196.11,0.0,Budget,Spring,3,0,Monday,24,0,85.57,91.8,103,12146.79,6996.79
2025-03-24,ELEC_004,Ergonomic Mechanical Keyboard,Electronics,91.31,89.99,35.0,90.58,0.0,556,4.86,708,135.63,0.0,Budget,Spring,3,0,Monday,24,0,60.71,58.0,51,4656.81,2871.81
2025-03-24,HOME_001,Espresso Machine & Milk Frother,Home & Living,125.23,159.99,65.0,159.27,20.0,361,4.25,668,164.73,0.0,Budget,Spring,3,0,Monday,24,0,44.86,46.5,85,10644.55,5119.55
2025-03-24,HOME_002,Cordless Handheld Vacuum Cleaner,Home & Living,100.33,99.99,40.0,89.61,0.0,212,4.02,651,153.38,0.0,Premium,Spring,3,0,Monday,24,0,60.86,64.53,50,5016.5,3016.5
2025-03-24,HOSP_001,Deluxe City Center King Room (Per Night),Hospitality & Stays,175.86,175.0,45.0,176.13,0.0,332,4.41,630,160.5,0.0,Standard,Spring,3,0,Monday,24,0,128.43,125.07,114,20048.04,14918.04
2025-03-24,HOSP_002,Executive Skyline Suite (Per Night),Hospitality & Stays,284.8,350.0,90.0,355.1,20.0,189,4.23,606,168.34,0.0,Premium,Spring,3,0,Monday,24,0,18.71,20.7,27,7689.6,5259.6
2025-03-24,RIDE_001,Standard Urban Commute Ride (10 km),Rideshare & Mobility,24.88,24.5,8.0,24.11,0.0,403,4.09,517,156.12,0.0,Premium,Spring,3,0,Monday,24,0,306.86,332.2,176,4378.88,2970.88
2025-03-24,RIDE_002,Premium Black Airport Transfer,Rideshare & Mobility,65.12,65.0,22.0,63.62,0.0,423,4.84,674,92.37,0.0,Budget,Spring,3,0,Monday,24,0,111.86,112.3,106,6902.72,4570.72
2025-03-25,APP_001,Premium Merino Wool Sweater,Apparel & Fashion,73.26,79.99,28.0,76.78,5.0,641,4.2,570,126.29,0.0,Standard,Spring,3,1,Tuesday,25,0,81.71,82.27,89,6520.14,4028.14
2025-03-25,APP_002,Breathable Performance Running Shoes,Apparel & Fashion,123.87,119.99,42.0,123.11,0.0,423,4.67,615,163.97,0.0,Standard,Spring,3,1,Tuesday,25,0,114.71,108.6,98,12139.26,8023.26
2025-03-25,APP_003,Classic Waterproof Trench Coat,Apparel & Fashion,152.86,149.99,55.0,146.06,0.0,139,4.6,702,128.12,0.0,Premium,Spring,3,1,Tuesday,25,0,40.71,37.1,27,4127.22,2642.22
2025-03-25,ELEC_001,Pro Wireless Noise-Cancelling Headphones,Electronics,190.35,199.99,85.0,201.8,0.0,389,4.78,798,154.38,0.0,Standard,Spring,3,1,Tuesday,25,0,69.43,67.97,77,14656.95,8111.95
2025-03-25,ELEC_002,Ultra HD 4K Smart TV 55-inch,Electronics,557.74,549.99,280.0,593.71,0.0,174,4.42,694,173.95,0.0,Standard,Spring,3,1,Tuesday,25,0,30.71,31.73,26,14501.24,7221.24
2025-03-25,ELEC_003,Smart Fitness Watch Gen-4,Electronics,127.56,129.99,50.0,120.25,0.0,188,4.16,723,141.43,0.0,Budget,Spring,3,1,Tuesday,25,0,87.86,91.23,95,12118.2,7368.2
2025-03-25,ELEC_004,Ergonomic Mechanical Keyboard,Electronics,87.94,89.99,35.0,92.45,0.0,490,4.79,704,123.76,0.0,Standard,Spring,3,1,Tuesday,25,0,63.43,57.57,66,5804.04,3494.04
2025-03-25,HOME_001,Espresso Machine & Milk Frother,Home & Living,159.5,159.99,65.0,162.09,0.0,324,4.45,715,117.3,0.0,Standard,Spring,3,1,Tuesday,25,0,44.14,46.13,37,5901.5,3496.5
2025-03-25,HOME_002,Cordless Handheld Vacuum Cleaner,Home & Living,102.89,99.99,40.0,95.76,0.0,153,4.39,728,130.15,0.0,Standard,Spring,3,1,Tuesday,25,0,57.43,64.5,59,6070.51,3710.51
2025-03-25,HOSP_001,Deluxe City Center King Room (Per Night),Hospitality & Stays,154.06,175.0,45.0,166.77,10.0,138,4.79,697,154.13,0.0,Budget,Spring,3,1,Tuesday,25,0,137.71,126.97,194,29887.64,21157.64
2025-03-25,HOSP_002,Executive Skyline Suite (Per Night),Hospitality & Stays,344.28,350.0,90.0,348.9,0.0,165,4.44,623,144.38,0.0,Budget,Spring,3,1,Tuesday,25,0,19.14,20.73,24,8262.72,6102.72
2025-03-25,RIDE_001,Standard Urban Commute Ride (10 km),Rideshare & Mobility,23.69,24.5,8.0,23.09,0.0,173,4.66,631,131.95,0.0,Enterprise,Spring,3,1,Tuesday,25,0,313.29,325.57,230,5448.7,3608.7
2025-03-25,RIDE_002,Premium Black Airport Transfer,Rideshare & Mobility,50.39,65.0,22.0,61.1,20.0,266,4.06,694,190.5,0.0,Budget,Spring,3,1,Tuesday,25,0,118.86,114.63,157,7911.23,4457.23
2025-03-26,APP_001,Premium Merino Wool Sweater,Apparel & Fashion,77.07,79.99,28.0,79.61,0.0,567,4.76,639,177.68,0.0,Premium,Spring,3,2,Wednesday,26,0,79.57,82.33,74,5703.18,3631.18
2025-03-26,APP_002,Breathable Performance Running Shoes,Apparel & Fashion,97.87,119.99,42.0,118.05,15.0,280,4.22,704,169.82,0.0,Premium,Spring,3,2,Wednesday,26,0,120.43,110.17,143,13995.41,7989.41
2025-03-26,APP_003,Classic Waterproof Trench Coat,Apparel & Fashion,149.72,149.99,55.0,146.79,0.0,105,4.18,612,157.44,0.0,Budget,Spring,3,2,Wednesday,26,0,39.86,37.43,34,5090.48,3220.48
2025-03-26,ELEC_001,Pro Wireless Noise-Cancelling Headphones,Electronics,157.98,199.99,85.0,202.16,20.0,273,4.06,690,136.83,0.0,Budget,Spring,3,2,Wednesday,26,0,77.86,70.07,116,18325.68,8465.68
2025-03-26,ELEC_002,Ultra HD 4K Smart TV 55-inch,Electronics,547.32,549.99,280.0,569.41,5.0,144,4.75,655,175.07,0.0,Standard,Spring,3,2,Wednesday,26,0,28.43,31.33,30,16419.6,8019.6
2025-03-26,ELEC_003,Smart Fitness Watch Gen-4,Electronics,136.12,129.99,50.0,117.59,0.0,104,4.39,640,157.98,0.0,Budget,Spring,3,2,Wednesday,26,0,89.0,91.63,84,11434.08,7234.08
2025-03-26,ELEC_004,Ergonomic Mechanical Keyboard,Electronics,88.12,89.99,35.0,90.73,0.0,423,4.59,656,102.5,0.0,Budget,Spring,3,2,Wednesday,26,0,64.14,58.6,67,5904.04,3559.04
2025-03-26,HOME_001,Espresso Machine & Milk Frother,Home & Living,132.03,159.99,65.0,161.02,20.0,264,4.05,696,103.94,0.0,Standard,Spring,3,2,Wednesday,26,0,46.57,46.4,60,7921.8,4021.8
2025-03-26,HOME_002,Cordless Handheld Vacuum Cleaner,Home & Living,93.89,99.99,40.0,96.42,5.0,762,4.81,691,116.29,0.0,Budget,Spring,3,2,Wednesday,26,0,59.29,63.43,82,7698.98,4418.98
2025-03-26,HOSP_001,Deluxe City Center King Room (Per Night),Hospitality & Stays,167.2,175.0,45.0,180.6,5.0,434,4.68,605,121.19,0.0,Budget,Spring,3,2,Wednesday,26,0,147.29,126.5,133,22237.6,16252.6
2025-03-26,HOSP_002,Executive Skyline Suite (Per Night),Hospitality & Stays,340.15,350.0,90.0,339.24,5.0,138,4.63,609,139.72,0.0,Budget,Spring,3,2,Wednesday,26,0,20.86,20.93,27,9184.05,6754.05
2025-03-26,RIDE_001,Standard Urban Commute Ride (10 km),Rideshare & Mobility,22.33,24.5,8.0,24.65,5.0,714,4.54,682,167.64,0.0,Standard,Spring,3,2,Wednesday,26,0,294.0,316.5,173,3863.09,2479.09
2025-03-26,RIDE_002,Premium Black Airport Transfer,Rideshare & Mobility,61.75,65.0,22.0,59.36,0.0,168,4.25,684,170.12,0.0,Premium,Spring,3,2,Wednesday,26,0,119.0,114.27,98,6051.5,3895.5
2025-03-27,APP_001,Premium Merino Wool Sweater,Apparel & Fashion,76.92,79.99,28.0,84.59,0.0,474,4.37,734,181.03,0.0,Budget,Spring,3,3,Thursday,27,0,81.0,83.17,93,7153.56,4549.56
2025-03-27,APP_002,Breathable Performance Running Shoes,Apparel & Fashion,121.98,119.99,42.0,130.7,0.0,179,4.24,709,215.83,0.0,Budget,Spring,3,3,Thursday,27,0,118.57,110.17,101,12319.98,8077.98
2025-03-27,APP_003,Classic Waterproof Trench Coat,Apparel & Fashion,133.57,149.99,55.0,158.06,10.0,713,4.14,685,127.94,0.0,Standard,Spring,3,3,Thursday,27,0,41.43,38.2,48,6411.36,3771.36
2025-03-27,ELEC_001,Pro Wireless Noise-Cancelling Headphones,Electronics,196.22,199.99,85.0,204.18,0.0,202,4.2,650,86.66,0.0,Standard,Spring,3,3,Thursday,27,0,75.29,71.07,71,13931.62,7896.62
2025-03-27,ELEC_002,Ultra HD 4K Smart TV 55-inch,Electronics,565.94,549.99,280.0,523.08,0.0,122,4.29,597,76.92,0.0,Premium,Spring,3,3,Thursday,27,0,27.29,30.6,22,12450.68,6290.68
2025-03-27,ELEC_003,Smart Fitness Watch Gen-4,Electronics,135.06,129.99,50.0,130.89,0.0,441,4.4,767,159.98,0.0,Standard,Spring,3,3,Thursday,27,0,88.71,91.63,79,10669.74,6719.74
2025-03-27,ELEC_004,Ergonomic Mechanical Keyboard,Electronics,93.84,89.99,35.0,98.35,0.0,362,4.48,581,135.0,0.0,Standard,Spring,3,3,Thursday,27,0,64.86,58.47,61,5724.24,3589.24
2025-03-27,HOME_001,Espresso Machine & Milk Frother,Home & Living,164.21,159.99,65.0,149.34,0.0,228,4.62,603,113.13,0.0,Standard,Spring,3,3,Thursday,27,0,47.43,46.2,36,5911.56,3571.56
2025-03-27,HOME_002,Cordless Handheld Vacuum Cleaner,Home & Living,95.85,99.99,40.0,103.31,0.0,700,4.43,654,148.6,0.0,Premium,Spring,3,3,Thursday,27,0,60.71,63.03,62,5942.7,3462.7
2025-03-27,HOSP_001,Deluxe City Center King Room (Per Night),Hospitality & Stays,168.72,175.0,45.0,174.05,5.0,342,4.72,676,99.48,0.0,Enterprise,Spring,3,3,Thursday,27,0,141.43,125.47,92,15522.24,11382.24
2025-03-27,HOSP_002,Executive Skyline Suite (Per Night),Hospitality & Stays,334.97,350.0,90.0,387.16,0.0,116,4.06,644,189.78,0.0,Standard,Spring,3,3,Thursday,27,0,21.86,21.07,22,7369.34,5389.34
2025-03-27,RIDE_001,Standard Urban Commute Ride (10 km),Rideshare & Mobility,25.16,24.5,8.0,21.81,0.0,406,4.57,658,133.69,0.0,Standard,Spring,3,3,Thursday,27,0,292.14,314.07,308,7749.28,5285.28
2025-03-27,RIDE_002,Premium Black Airport Transfer,Rideshare & Mobility,61.18,65.0,22.0,65.36,5.0,643,4.39,609,216.73,0.0,Premium,Spring,3,3,Thursday,27,0,120.14,113.97,97,5934.46,3800.46
2025-03-28,APP_001,Premium Merino Wool Sweater,Apparel & Fashion,77.44,79.99,28.0,77.5,0.0,362,4.87,587,179.04,0.0,Budget,Spring,3,4,Friday,28,0,87.57,83.27,112,8673.28,5537.28
2025-03-28,APP_002,Breathable Performance Running Shoes,Apparel & Fashion,120.62,119.99,42.0,126.86,0.0,99,4.18,669,127.42,0.0,Enterprise,Spring,3,4,Friday,28,0,115.86,110.23,80,9649.6,6289.6
2025-03-28,APP_003,Classic Waterproof Trench Coat,Apparel & Fashion,154.78,149.99,55.0,139.42,0.0,678,4.77,694,158.64,0.0,Budget,Spring,3,4,Friday,28,0,34.0,37.7,35,5417.3,3492.3
2025-03-28,ELEC_001,Pro Wireless Noise-Cancelling Headphones,Electronics,192.28,199.99,85.0,206.15,0.0,157,4.37,640,87.77,0.0,Premium,Spring,3,4,Friday,28,0,71.86,70.77,45,8652.6,4827.6
2025-03-28,ELEC_002,Ultra HD 4K Smart TV 55-inch,Electronics,474.88,549.99,280.0,527.82,15.0,83,4.9,668,67.4,0.0,Standard,Spring,3,4,Friday,28,0,28.14,30.93,39,18520.32,7600.32
2025-03-28,ELEC_003,Smart Fitness Watch Gen-4,Electronics,134.97,129.99,50.0,136.54,0.0,383,4.83,675,187.8,0.0,Enterprise,Spring,3,4,Friday,28,0,85.29,90.47,58,7828.26,4928.26
2025-03-28,ELEC_004,Ergonomic Mechanical Keyboard,Electronics,85.65,89.99,35.0,87.6,0.0,295,4.65,611,136.27,0.0,Standard,Spring,3,4,Friday,28,0,63.29,59.1,67,5738.55,3393.55
2025-03-28,HOME_001,Espresso Machine & Milk Frother,Home & Living,166.94,159.99,65.0,164.56,0.0,190,4.86,744,178.92,0.0,Standard,Spring,3,4,Friday,28,0,46.57,45.57,38,6343.72,3873.72
2025-03-28,HOME_002,Cordless Handheld Vacuum Cleaner,Home & Living,96.37,99.99,40.0,99.67,0.0,636,4.14,685,139.75,0.0,Budget,Spring,3,4,Friday,28,0,61.71,62.73,64,6167.68,3607.68
2025-03-28,HOSP_001,Deluxe City Center King Room (Per Night),Hospitality & Stays,182.37,175.0,45.0,170.33,0.0,214,4.8,610,132.69,0.0,Budget,Spring,3,4,Friday,28,0,142.57,123.47,128,23343.36,17583.36
2025-03-28,HOSP_002,Executive Skyline Suite (Per Night),Hospitality & Stays,348.35,350.0,90.0,347.61,0.0,95,4.83,605,187.77,0.0,Budget,Spring,3,4,Friday,28,0,22.43,21.23,21,7315.35,5425.35
2025-03-28,RIDE_001,Standard Urban Commute Ride (10 km),Rideshare & Mobility,25.6,24.5,8.0,23.3,0.0,94,4.48,641,113.36,0.0,Standard,Spring,3,4,Friday,28,0,281.86,319.17,312,7987.2,5491.2
2025-03-28,RIDE_002,Premium Black Airport Transfer,Rideshare & Mobility,60.95,65.0,22.0,63.37,5.0,510,4.72,663,202.28,0.0,Budget,Spring,3,4,Friday,28,0,121.43,115.17,133,8106.35,5180.35
2025-03-29,APP_001,Premium Merino Wool Sweater,Apparel & Fashion,78.8,79.99,28.0,84.99,0.0,278,4.02,671,137.84,0.0,Standard,Spring,3,5,Saturday,29,1,88.29,83.67,84,6619.2,4267.2
2025-03-29,APP_002,Breathable Performance Running Shoes,Apparel & Fashion,123.64,119.99,42.0,118.5,0.0,759,4.82,643,121.28,0.0,Budget,Spring,3,5,Saturday,29,1,106.29,109.83,99,12240.36,8082.36
2025-03-29,APP_003,Classic Waterproof Trench Coat,Apparel & Fashion,148.06,149.99,55.0,161.42,0.0,634,4.75,676,111.74,0.0,Budget,Spring,3,5,Saturday,29,1,35.57,37.67,44,6514.64,4094.64
2025-03-29,ELEC_001,Pro Wireless Noise-Cancelling Headphones,Electronics,194.95,199.99,85.0,195.56,0.0,88,4.52,678,191.55,0.0,Budget,Spring,3,5,Saturday,29,1,74.0,69.37,69,13451.55,7586.55
2025-03-29,ELEC_002,Ultra HD 4K Smart TV 55-inch,Electronics,546.8,549.99,280.0,500.66,0.0,631,4.58,606,156.9,0.0,Enterprise,Spring,3,5,Saturday,29,1,27.86,29.5,20,10936.0,5336.0
2025-03-29,ELEC_003,Smart Fitness Watch Gen-4,Electronics,133.32,129.99,50.0,129.12,0.0,311,4.58,652,148.19,0.0,Standard,Spring,3,5,Saturday,29,1,85.71,88.53,72,9599.04,5999.04
2025-03-29,ELEC_004,Ergonomic Mechanical Keyboard,Electronics,88.41,89.99,35.0,91.86,0.0,230,4.61,700,101.84,0.0,Budget,Spring,3,5,Saturday,29,1,62.71,58.97,65,5746.65,3471.65
2025-03-29,HOME_001,Espresso Machine & Milk Frother,Home & Living,160.26,159.99,65.0,173.81,0.0,137,4.85,626,139.4,0.0,Standard,Spring,3,5,Saturday,29,1,48.71,46.23,53,8493.78,5048.78
2025-03-29,HOME_002,Cordless Handheld Vacuum Cleaner,Home & Living,103.26,99.99,40.0,96.32,0.0,579,4.54,659,137.21,0.0,Standard,Spring,3,5,Saturday,29,1,61.29,62.9,57,5885.82,3605.82
2025-03-29,HOSP_001,Deluxe City Center King Room (Per Night),Hospitality & Stays,210.29,175.0,45.0,167.67,0.0,111,4.67,759,206.54,0.0,Standard,Spring,3,5,Saturday,29,1,137.14,123.13,103,21659.87,17024.87
2025-03-29,HOSP_002,Executive Skyline Suite (Per Night),Hospitality & Stays,394.62,350.0,90.0,375.54,0.0,568,4.09,641,230.91,0.0,Budget,Spring,3,5,Saturday,29,1,23.71,21.43,26,10260.12,7920.12
2025-03-29,RIDE_001,Standard Urban Commute Ride (10 km),Rideshare & Mobility,24.12,24.5,8.0,25.17,0.0,458,4.64,568,116.24,0.0,Enterprise,Spring,3,5,Saturday,29,1,251.86,308.9,94,2267.28,1515.28
2025-03-29,RIDE_002,Premium Black Airport Transfer,Rideshare & Mobility,66.75,65.0,22.0,62.59,0.0,398,4.37,646,167.33,0.0,Standard,Spring,3,5,Saturday,29,1,117.86,115.57,112,7476.0,5012.0
2025-03-30,APP_001,Premium Merino Wool Sweater,Apparel & Fashion,78.59,79.99,28.0,76.64,0.0,189,4.05,696,97.26,0.0,Budget,Spring,3,6,Sunday,30,1,89.14,84.47,89,6994.51,4502.51
2025-03-30,APP_002,Breathable Performance Running Shoes,Apparel & Fashion,119.1,119.99,42.0,122.27,0.0,670,4.37,634,117.27,0.0,Premium,Spring,3,6,Sunday,30,1,102.0,110.13,89,10599.9,6861.9
2025-03-30,APP_003,Classic Waterproof Trench Coat,Apparel & Fashion,142.13,149.99,55.0,142.6,5.0,606,4.78,702,131.71,0.0,Enterprise,Spring,3,6,Sunday,30,1,36.0,37.53,28,3979.64,2439.64
2025-03-30,ELEC_001,Pro Wireless Noise-Cancelling Headphones,Electronics,209.5,199.99,85.0,193.27,0.0,792,4.41,643,194.29,0.0,Standard,Spring,3,6,Sunday,30,1,71.14,69.0,55,11522.5,6847.5
2025-03-30,ELEC_002,Ultra HD 4K Smart TV 55-inch,Electronics,528.61,549.99,280.0,534.32,0.0,601,4.78,637,116.46,0.0,Standard,Spring,3,6,Sunday,30,1,27.57,29.67,30,15858.3,7458.3
2025-03-30,ELEC_003,Smart Fitness Watch Gen-4,Electronics,133.99,129.99,50.0,131.08,0.0,230,4.17,723,163.05,0.0,Budget,Spring,3,6,Sunday,30,1,81.71,89.43,81,10853.19,6803.19
2025-03-30,ELEC_004,Ergonomic Mechanical Keyboard,Electronics,92.39,89.99,35.0,91.33,0.0,173,4.85,707,177.17,0.0,Budget,Spring,3,6,Sunday,30,1,62.0,58.63,57,5266.23,3271.23
2025-03-30,HOME_001,Espresso Machine & Milk Frother,Home & Living,163.24,159.99,65.0,148.69,0.0,85,4.75,768,125.39,0.0,Budget,Spring,3,6,Sunday,30,1,51.57,46.1,52,8488.48,5108.48
2025-03-30,HOME_002,Cordless Handheld Vacuum Cleaner,Home & Living,100.68,99.99,40.0,99.42,0.0,530,4.05,655,143.32,0.0,Premium,Spring,3,6,Sunday,30,1,60.43,62.7,49,4933.32,2973.32
2025-03-30,HOSP_001,Deluxe City Center King Room (Per Night),Hospitality & Stays,163.0,175.0,45.0,173.95,20.0,708,4.8,669,154.46,0.0,Standard,Spring,3,6,Sunday,30,1,125.0,124.0,111,18093.0,13098.0
2025-03-30,HOSP_002,Executive Skyline Suite (Per Night),Hospitality & Stays,448.83,350.0,90.0,331.23,0.0,553,4.53,661,89.55,0.0,Standard,Spring,3,6,Sunday,30,1,23.14,21.33,15,6732.45,5382.45
2025-03-30,RIDE_001,Standard Urban Commute Ride (10 km),Rideshare & Mobility,23.42,24.5,8.0,24.65,0.0,781,4.22,678,155.34,0.0,Standard,Spring,3,6,Sunday,30,1,250.14,310.53,458,10726.36,7062.36
2025-03-30,RIDE_002,Premium Black Airport Transfer,Rideshare & Mobility,64.33,65.0,22.0,64.34,0.0,291,4.49,697,89.65,0.0,Premium,Spring,3,6,Sunday,30,1,115.71,115.8,107,6883.31,4529.31
2025-03-31,APP_001,Premium Merino Wool Sweater,Apparel & Fashion,80.09,79.99,28.0,83.26,0.0,99,4.22,769,133.62,0.0,Budget,Spring,3,0,Monday,31,0,90.14,84.23,90,7208.1,4688.1
2025-03-31,APP_002,Breathable Performance Running Shoes,Apparel & Fashion,122.0,119.99,42.0,129.04,0.0,555,4.58,703,163.47,0.0,Standard,Spring,3,0,Monday,31,0,103.57,111.0,115,14030.0,9200.0
2025-03-31,APP_003,Classic Waterproof Trench Coat,Apparel & Fashion,151.09,149.99,55.0,145.23,0.0,568,4.08,795,157.44,0.0,Budget,Spring,3,0,Monday,31,0,36.29,37.5,38,5741.42,3651.42
2025-03-31,ELEC_001,Pro Wireless Noise-Cancelling Headphones,Electronics,165.06,199.99,85.0,225.72,15.0,675,4.81,680,127.05,0.0,Budget,Spring,3,0,Monday,31,0,78.57,70.83,117,19312.02,9367.02
2025-03-31,ELEC_002,Ultra HD 4K Smart TV 55-inch,Electronics,534.31,549.99,280.0,552.97,0.0,570,4.04,657,119.23,0.0,Budget,Spring,3,0,Monday,31,0,28.29,30.03,31,16563.61,7883.61
2025-03-31,ELEC_003,Smart Fitness Watch Gen-4,Electronics,127.38,129.99,50.0,133.0,0.0,142,4.28,713,146.41,0.0,Standard,Spring,3,0,Monday,31,0,79.57,89.5,88,11209.44,6809.44
2025-03-31,ELEC_004,Ergonomic Mechanical Keyboard,Electronics,93.25,89.99,35.0,88.35,0.0,122,4.77,779,152.53,0.0,Standard,Spring,3,0,Monday,31,0,62.0,58.57,51,4755.75,2970.75
2025-03-31,HOME_001,Espresso Machine & Milk Frother,Home & Living,166.3,159.99,65.0,164.36,0.0,723,4.73,686,167.88,0.0,Standard,Spring,3,0,Monday,31,0,44.86,46.2,38,6319.4,3849.4
2025-03-31,HOME_002,Cordless Handheld Vacuum Cleaner,Home & Living,90.63,99.99,40.0,100.26,10.0,463,4.62,666,147.32,0.0,Premium,Spring,3,0,Monday,31,0,62.86,63.0,67,6072.21,3392.21
2025-03-31,HOSP_001,Deluxe City Center King Room (Per Night),Hospitality & Stays,174.5,175.0,45.0,167.76,0.0,606,4.54,813,117.32,0.0,Premium,Spring,3,0,Monday,31,0,123.29,124.53,102,17799.0,13209.0
2025-03-31,HOSP_002,Executive Skyline Suite (Per Night),Hospitality & Stays,344.01,350.0,90.0,376.24,0.0,533,4.19,686,97.65,0.0,Budget,Spring,3,0,Monday,31,0,22.14,21.33,20,6880.2,5080.2
2025-03-31,RIDE_001,Standard Urban Commute Ride (10 km),Rideshare & Mobility,24.83,24.5,8.0,24.01,0.0,417,4.75,659,141.25,0.0,Premium,Spring,3,0,Monday,31,0,277.0,307.93,364,9038.12,6126.12
2025-03-31,RIDE_002,Premium Black Airport Transfer,Rideshare & Mobility,66.94,65.0,22.0,64.23,0.0,196,4.23,677,142.94,0.0,Premium,Spring,3,0,Monday,31,0,114.14,114.97,95,6359.3,4269.3
2025-04-01,APP_001,Premium Merino Wool Sweater,Apparel & Fashion,83.59,79.99,28.0,76.96,0.0,819,4.64,609,239.93,0.0,Standard,Spring,4,1,Tuesday,1,0,87.14,84.37,68,5684.12,3780.12
2025-04-01,APP_002,Breathable Performance Running Shoes,Apparel & Fashion,119.6,119.99,42.0,120.94,0.0,450,4.61,660,63.19,0.0,Budget,Spring,4,1,Tuesday,1,0,104.57,111.43,105,12558.0,8148.0
2025-04-01,APP_003,Classic Waterproof Trench Coat,Apparel & Fashion,116.64,149.99,55.0,141.95,20.0,502,4.71,689,169.22,0.0,Standard,Spring,4,1,Tuesday,1,0,41.86,38.6,66,7698.24,4068.24
2025-04-01,ELEC_001,Pro Wireless Noise-Cancelling Headphones,Electronics,169.2,199.99,85.0,225.69,15.0,585,4.47,624,66.86,0.0,Standard,Spring,4,1,Tuesday,1,0,80.43,70.63,90,15228.0,7578.0
2025-04-01,ELEC_002,Ultra HD 4K Smart TV 55-inch,Electronics,559.8,549.99,280.0,526.46,0.0,549,4.53,628,139.21,0.0,Premium,Spring,4,1,Tuesday,1,0,27.57,29.07,21,11755.8,5875.8
2025-04-01,ELEC_003,Smart Fitness Watch Gen-4,Electronics,125.76,129.99,50.0,128.06,0.0,713,4.29,738,179.98,0.0,Standard,Spring,4,1,Tuesday,1,0,78.71,88.2,89,11192.64,6742.64
2025-04-01,ELEC_004,Ergonomic Mechanical Keyboard,Electronics,93.98,89.99,35.0,95.35,0.0,729,4.16,664,200.25,0.0,Budget,Spring,4,1,Tuesday,1,0,61.57,58.93,63,5920.74,3715.74
2025-04-01,HOME_001,Espresso Machine & Milk Frother,Home & Living,167.87,159.99,65.0,173.16,0.0,686,4.26,739,146.64,0.0,Budget,Spring,4,1,Tuesday,1,0,44.86,46.2,37,6211.19,3806.19
2025-04-01,HOME_002,Cordless Handheld Vacuum Cleaner,Home & Living,103.62,99.99,40.0,105.36,0.0,405,4.12,676,94.52,0.0,Budget,Spring,4,1,Tuesday,1,0,62.71,62.83,58,6009.96,3689.96
2025-04-01,HOSP_001,Deluxe City Center King Room (Per Night),Hospitality & Stays,174.79,175.0,45.0,175.4,0.0,485,4.51,571,143.29,0.0,Budget,Spring,4,1,Tuesday,1,0,112.86,125.0,121,21149.59,15704.59
2025-04-01,HOSP_002,Executive Skyline Suite (Per Night),Hospitality & Stays,323.07,350.0,90.0,334.25,10.0,511,4.28,705,150.56,0.0,Standard,Spring,4,1,Tuesday,1,0,21.86,21.6,22,7107.54,5127.54
2025-04-01,RIDE_001,Standard Urban Commute Ride (10 km),Rideshare & Mobility,23.53,24.5,8.0,22.39,0.0,662,4.24,803,150.7,0.0,Premium,Spring,4,1,Tuesday,1,0,293.29,312.0,344,8094.32,5342.32
2025-04-01,RIDE_002,Premium Black Airport Transfer,Rideshare & Mobility,61.93,65.0,22.0,67.58,0.0,90,4.06,695,106.46,0.0,Standard,Spring,4,1,Tuesday,1,0,106.86,114.33,106,6564.58,4232.58
2025-04-02,APP_001,Premium Merino Wool Sweater,Apparel & Fashion,81.57,79.99,28.0,80.88,0.0,740,4.43,607,169.59,0.0,Standard,Spring,4,2,Wednesday,2,0,87.86,85.2,79,6444.03,4232.03
2025-04-02,APP_002,Breathable Performance Running Shoes,Apparel & Fashion,120.88,119.99,42.0,114.89,0.0,368,4.12,668,176.39,0.0,Standard,Spring,4,2,Wednesday,2,0,95.86,111.53,82,9912.16,6468.16
2025-04-02,APP_003,Classic Waterproof Trench Coat,Apparel & Fashion,155.56,149.99,55.0,163.76,0.0,475,4.49,727,192.31,0.0,Standard,Spring,4,2,Wednesday,2,0,40.86,37.3,27,4200.12,2715.12
2025-04-02,ELEC_001,Pro Wireless Noise-Cancelling Headphones,Electronics,208.91,199.99,85.0,196.56,0.0,536,4.34,663,183.33,0.0,Standard,Spring,4,2,Wednesday,2,0,70.86,70.57,49,10236.59,6071.59
2025-04-02,ELEC_002,Ultra HD 4K Smart TV 55-inch,Electronics,556.28,549.99,280.0,579.19,0.0,526,4.47,690,136.85,0.0,Standard,Spring,4,2,Wednesday,2,0,26.57,29.0,23,12794.44,6354.44
2025-04-02,ELEC_003,Smart Fitness Watch Gen-4,Electronics,129.76,129.99,50.0,130.31,0.0,617,4.08,718,180.47,0.0,Budget,Spring,4,2,Wednesday,2,0,80.43,88.23,96,12456.96,7656.96
2025-04-02,ELEC_004,Ergonomic Mechanical Keyboard,Electronics,87.52,89.99,35.0,80.12,0.0,669,4.06,680,101.75,0.0,Standard,Spring,4,2,Wednesday,2,0,60.57,59.17,60,5251.2,3151.2
2025-04-02,HOME_001,Espresso Machine & Milk Frother,Home & Living,162.0,159.99,65.0,159.11,0.0,644,4.07,720,181.52,0.0,Standard,Spring,4,2,Wednesday,2,0,42.29,45.03,42,6804.0,4074.0
2025-04-02,HOME_002,Cordless Handheld Vacuum Cleaner,Home & Living,104.66,99.99,40.0,97.76,0.0,352,4.63,668,133.65,0.0,Premium,Spring,4,2,Wednesday,2,0,58.57,62.37,53,5546.98,3426.98
2025-04-02,HOSP_001,Deluxe City Center King Room (Per Night),Hospitality & Stays,167.98,175.0,45.0,163.93,5.0,344,4.87,703,123.62,0.0,Budget,Spring,4,2,Wednesday,2,0,114.0,127.33,141,23685.18,17340.18
2025-04-02,HOSP_002,Executive Skyline Suite (Per Night),Hospitality & Stays,345.38,350.0,90.0,349.62,0.0,487,4.24,778,144.21,0.0,Budget,Spring,4,2,Wednesday,2,0,21.43,21.5,24,8289.12,6129.12
2025-04-02,RIDE_001,Standard Urban Commute Ride (10 km),Rideshare & Mobility,25.69,24.5,8.0,23.2,0.0,385,4.28,613,262.55,0.0,Premium,Spring,4,2,Wednesday,2,0,308.14,302.03,277,7116.13,4900.13
2025-04-02,RIDE_002,Premium Black Airport Transfer,Rideshare & Mobility,64.25,65.0,22.0,64.87,0.0,698,4.57,686,125.27,0.0,Premium,Spring,4,2,Wednesday,2,0,104.14,113.27,79,5075.75,3337.75
2025-04-03,APP_001,Premium Merino Wool Sweater,Apparel & Fashion,80.28,79.99,28.0,81.71,0.0,665,4.12,709,103.68,0.0,Standard,Spring,4,3,Thursday,3,0,85.29,84.27,75,6021.0,3921.0
2025-04-03,APP_002,Breathable Performance Running Shoes,Apparel & Fashion,88.91,119.99,42.0,120.85,25.0,164,4.56,646,136.61,0.0,Standard,Spring,4,3,Thursday,3,0,110.57,113.87,204,18137.64,9569.64
2025-04-03,APP_003,Classic Waterproof Trench Coat,Apparel & Fashion,150.92,149.99,55.0,142.44,0.0,434,4.83,752,124.3,0.0,Budget,Spring,4,3,Thursday,3,0,39.86,37.23,41,6187.72,3932.72
2025-04-03,ELEC_001,Pro Wireless Noise-Cancelling Headphones,Electronics,165.42,199.99,85.0,209.35,15.0,428,4.6,747,129.02,0.0,Standard,Spring,4,3,Thursday,3,0,76.14,71.7,108,17865.36,8685.36
2025-04-03,ELEC_002,Ultra HD 4K Smart TV 55-inch,Electronics,572.86,549.99,280.0,532.84,0.0,503,4.32,633,111.39,0.0,Standard,Spring,4,3,Thursday,3,0,26.71,28.83,23,13175.78,6735.78
2025-04-03,ELEC_003,Smart Fitness Watch Gen-4,Electronics,119.06,129.99,50.0,135.63,5.0,509,4.79,659,109.5,0.0,Standard,Spring,4,3,Thursday,3,0,84.57,88.93,108,12858.48,7458.48
2025-04-03,ELEC_004,Ergonomic Mechanical Keyboard,Electronics,90.83,89.99,35.0,87.18,0.0,616,4.34,627,111.08,0.0,Budget,Spring,4,3,Thursday,3,0,59.43,59.47,53,4813.99,2958.99
2025-04-03,HOME_001,Espresso Machine & Milk Frother,Home & Living,166.78,159.99,65.0,160.76,0.0,606,4.6,711,134.04,0.0,Standard,Spring,4,3,Thursday,3,0,42.57,45.13,38,6337.64,3867.64
2025-04-03,HOME_002,Cordless Handheld Vacuum Cleaner,Home & Living,101.74,99.99,40.0,97.44,0.0,294,4.54,615,158.86,0.0,Standard,Spring,4,3,Thursday,3,0,58.0,62.53,58,5900.92,3580.92
2025-04-03,HOSP_001,Deluxe City Center King Room (Per Night),Hospitality & Stays,163.67,175.0,45.0,168.34,5.0,172,4.27,624,172.53,0.0,Budget,Spring,4,3,Thursday,3,0,125.43,129.57,172,28151.24,20411.24
2025-04-03,HOSP_002,Executive Skyline Suite (Per Night),Hospitality & Stays,359.76,350.0,90.0,353.96,0.0,462,4.73,673,158.06,0.0,Budget,Spring,4,3,Thursday,3,0,21.86,21.67,25,8994.0,6744.0
2025-04-03,RIDE_001,Standard Urban Commute Ride (10 km),Rideshare & Mobility,23.52,24.5,8.0,27.5,0.0,632,4.87,704,136.2,0.0,Standard,Spring,4,3,Thursday,3,0,319.14,305.4,385,9055.2,5975.2
2025-04-03,RIDE_002,Premium Black Airport Transfer,Rideshare & Mobility,67.77,65.0,22.0,68.74,0.0,601,4.04,557,97.65,0.0,Standard,Spring,4,3,Thursday,3,0,104.14,113.43,97,6573.69,4439.69
2025-04-04,APP_001,Premium Merino Wool Sweater,Apparel & Fashion,82.99,79.99,28.0,75.25,0.0,591,4.1,766,128.57,0.0,Budget,Spring,4,4,Friday,4,0,79.86,84.3,74,6141.26,4069.26
2025-04-04,APP_002,Breathable Performance Running Shoes,Apparel & Fashion,105.96,119.99,42.0,120.12,15.0,682,4.82,624,205.0,0.0,Standard,Spring,4,4,Friday,4,0,119.57,114.5,143,15152.28,9146.28
2025-04-04,APP_003,Classic Waterproof Trench Coat,Apparel & Fashion,116.56,149.99,55.0,158.18,25.0,363,4.71,689,107.02,0.0,Budget,Spring,4,4,Friday,4,0,45.0,38.5,71,8275.76,4370.76
2025-04-04,ELEC_001,Pro Wireless Noise-Cancelling Headphones,Electronics,204.44,199.99,85.0,196.48,0.0,363,4.77,674,135.56,0.0,Standard,Spring,4,4,Friday,4,0,79.0,69.37,65,13288.6,7763.6
2025-04-04,ELEC_002,Ultra HD 4K Smart TV 55-inch,Electronics,566.58,549.99,280.0,522.95,0.0,479,4.42,605,165.95,0.0,Standard,Spring,4,4,Friday,4,0,24.57,28.6,24,13597.92,6877.92
2025-04-04,ELEC_003,Smart Fitness Watch Gen-4,Electronics,111.16,129.99,50.0,135.87,15.0,362,4.63,635,126.04,0.0,Budget,Spring,4,4,Friday,4,0,97.29,91.43,147,16340.52,8990.52
2025-04-04,ELEC_004,Ergonomic Mechanical Keyboard,Electronics,90.61,89.99,35.0,85.3,0.0,567,4.34,655,104.68,0.0,Standard,Spring,4,4,Friday,4,0,56.86,59.57,49,4439.89,2724.89
2025-04-04,HOME_001,Espresso Machine & Milk Frother,Home & Living,160.3,159.99,65.0,159.72,0.0,556,4.66,712,154.27,0.0,Budget,Spring,4,4,Friday,4,0,44.29,45.03,50,8015.0,4765.0
2025-04-04,HOME_002,Cordless Handheld Vacuum Cleaner,Home & Living,84.66,99.99,40.0,96.15,15.0,203,4.45,687,115.23,0.0,Standard,Spring,4,4,Friday,4,0,61.86,64.13,91,7704.06,4064.06
2025-04-04,HOSP_001,Deluxe City Center King Room (Per Night),Hospitality & Stays,182.65,175.0,45.0,176.64,0.0,843,4.09,726,127.35,0.0,Standard,Spring,4,4,Friday,4,0,123.29,129.73,113,20639.45,15554.45
2025-04-04,HOSP_002,Executive Skyline Suite (Per Night),Hospitality & Stays,352.03,350.0,90.0,354.14,0.0,439,4.45,629,133.78,0.0,Budget,Spring,4,4,Friday,4,0,22.14,21.8,23,8096.69,6026.69
2025-04-04,RIDE_001,Standard Urban Commute Ride (10 km),Rideshare & Mobility,24.86,24.5,8.0,26.97,0.0,191,4.23,692,93.79,0.0,Budget,Spring,4,4,Friday,4,0,337.57,312.83,441,10963.26,7435.26
2025-04-04,RIDE_002,Premium Black Airport Transfer,Rideshare & Mobility,50.86,65.0,22.0,62.58,25.0,403,4.48,783,153.87,0.0,Budget,Spring,4,4,Friday,4,0,113.43,116.87,198,10070.28,5714.28
2025-04-05,APP_001,Premium Merino Wool Sweater,Apparel & Fashion,82.97,79.99,28.0,82.27,0.0,515,4.47,654,158.2,0.0,Budget,Spring,4,5,Saturday,5,1,78.71,84.13,76,6305.72,4177.72
2025-04-05,APP_002,Breathable Performance Running Shoes,Apparel & Fashion,96.16,119.99,42.0,130.94,20.0,490,4.18,741,198.6,0.0,Standard,Spring,4,5,Saturday,5,1,132.86,115.73,192,18462.72,10398.72
2025-04-05,APP_003,Classic Waterproof Trench Coat,Apparel & Fashion,146.18,149.99,55.0,149.87,5.0,332,4.6,670,123.28,0.0,Premium,Spring,4,5,Saturday,5,1,43.14,38.27,31,4531.58,2826.58
2025-04-05,ELEC_001,Pro Wireless Noise-Cancelling Headphones,Electronics,190.25,199.99,85.0,193.42,0.0,302,4.08,641,163.05,0.0,Standard,Spring,4,5,Saturday,5,1,77.86,69.23,61,11605.25,6420.25
2025-04-05,ELEC_002,Ultra HD 4K Smart TV 55-inch,Electronics,403.43,549.99,280.0,573.11,25.0,415,4.12,670,229.66,0.0,Standard,Spring,4,5,Saturday,5,1,30.86,29.93,64,25819.52,7899.52
2025-04-05,ELEC_003,Smart Fitness Watch Gen-4,Electronics,96.19,129.99,50.0,127.69,25.0,252,4.21,687,119.37,0.0,Enterprise,Spring,4,5,Saturday,5,1,102.71,90.43,110,10580.9,5080.9
2025-04-05,ELEC_004,Ergonomic Mechanical Keyboard,Electronics,93.0,89.99,35.0,91.07,0.0,513,4.32,715,156.71,0.0,Budget,Spring,4,5,Saturday,5,1,55.29,59.63,54,5022.0,3132.0
2025-04-05,HOME_001,Espresso Machine & Milk Frother,Home & Living,153.49,159.99,65.0,153.19,0.0,519,4.53,708,187.13,0.0,Premium,Spring,4,5,Saturday,5,1,42.0,45.4,37,5679.13,3274.13
2025-04-05,HOME_002,Cordless Handheld Vacuum Cleaner,Home & Living,100.05,99.99,40.0,104.0,0.0,151,4.3,616,212.57,0.0,Premium,Spring,4,5,Saturday,5,1,61.14,64.07,52,5202.6,3122.6
2025-04-05,HOSP_001,Deluxe City Center King Room (Per Night),Hospitality & Stays,207.07,175.0,45.0,169.33,0.0,739,4.25,604,224.87,0.0,Standard,Spring,4,5,Saturday,5,1,123.43,124.1,104,21535.28,16855.28
2025-04-05,HOSP_002,Executive Skyline Suite (Per Night),Hospitality & Stays,425.31,350.0,90.0,335.03,0.0,420,4.75,718,221.29,0.0,Budget,Spring,4,5,Saturday,5,1,21.14,21.67,19,8080.89,6370.89
2025-04-05,RIDE_001,Standard Urban Commute Ride (10 km),Rideshare & Mobility,20.66,24.5,8.0,25.78,15.0,422,4.1,700,131.77,0.0,Budget,Spring,4,5,Saturday,5,1,351.43,308.13,191,3946.06,2418.06
2025-04-05,RIDE_002,Premium Black Airport Transfer,Rideshare & Mobility,64.38,65.0,22.0,61.55,0.0,286,4.72,591,143.49,0.0,Budget,Spring,4,5,Saturday,5,1,114.14,117.2,117,7532.46,4958.46
2025-04-06,APP_001,Premium Merino Wool Sweater,Apparel & Fashion,78.96,79.99,28.0,84.85,0.0,434,4.75,654,170.89,0.0,Standard,Spring,4,6,Sunday,6,1,77.57,84.6,81,6395.76,4127.76
2025-04-06,APP_002,Breathable Performance Running Shoes,Apparel & Fashion,119.22,119.99,42.0,124.12,0.0,380,4.13,732,138.96,0.0,Budget,Spring,4,6,Sunday,6,1,135.86,116.67,110,13114.2,8494.2
2025-04-06,APP_003,Classic Waterproof Trench Coat,Apparel & Fashion,148.86,149.99,55.0,158.75,0.0,303,4.53,714,210.76,0.0,Enterprise,Spring,4,6,Sunday,6,1,43.29,38.4,29,4316.94,2721.94
2025-04-06,ELEC_001,Pro Wireless Noise-Cancelling Headphones,Electronics,201.8,199.99,85.0,187.58,0.0,237,4.24,649,98.78,0.0,Standard,Spring,4,6,Sunday,6,1,79.29,69.3,65,13117.0,7592.0
2025-04-06,ELEC_002,Ultra HD 4K Smart TV 55-inch,Electronics,543.57,549.99,280.0,553.61,0.0,391,4.19,660,125.71,0.0,Premium,Spring,4,6,Sunday,6,1,30.0,29.73,24,13045.68,6325.68
2025-04-06,ELEC_003,Smart Fitness Watch Gen-4,Electronics,135.59,129.99,50.0,131.71,0.0,169,4.0,687,165.94,0.0,Budget,Spring,4,6,Sunday,6,1,103.0,88.9,83,11253.97,7103.97
2025-04-06,ELEC_004,Ergonomic Mechanical Keyboard,Electronics,88.21,89.99,35.0,97.2,0.0,459,4.46,713,196.18,0.0,Premium,Spring,4,6,Sunday,6,1,54.86,59.2,54,4763.34,2873.34
2025-04-06,HOME_001,Espresso Machine & Milk Frother,Home & Living,129.24,159.99,65.0,159.26,20.0,453,4.53,655,147.14,0.0,Standard,Spring,4,6,Sunday,6,1,44.0,46.4,66,8529.84,4239.84
2025-04-06,HOME_002,Cordless Handheld Vacuum Cleaner,Home & Living,96.42,99.99,40.0,112.23,0.0,105,4.15,699,94.4,0.0,Enterprise,Spring,4,6,Sunday,6,1,60.71,63.47,46,4435.32,2595.32
2025-04-06,HOSP_001,Deluxe City Center King Room (Per Night),Hospitality & Stays,215.05,175.0,45.0,162.37,0.0,618,4.86,704,174.43,0.0,Budget,Spring,4,6,Sunday,6,1,124.86,124.33,121,26021.05,20576.05
2025-04-06,HOSP_002,Executive Skyline Suite (Per Night),Hospitality & Stays,388.43,350.0,90.0,375.46,0.0,397,4.72,654,182.1,0.0,Standard,Spring,4,6,Sunday,6,1,22.29,21.77,23,8933.89,6863.89
2025-04-06,RIDE_001,Standard Urban Commute Ride (10 km),Rideshare & Mobility,20.46,24.5,8.0,26.12,15.0,447,4.01,629,62.41,0.0,Premium,Spring,4,6,Sunday,6,1,346.29,317.7,422,8634.12,5258.12
2025-04-06,RIDE_002,Premium Black Airport Transfer,Rideshare & Mobility,63.86,65.0,22.0,61.73,0.0,189,4.07,690,148.74,0.0,Standard,Spring,4,6,Sunday,6,1,112.71,115.53,97,6194.42,4060.42
2025-04-07,APP_001,Premium Merino Wool Sweater,Apparel & Fashion,75.03,79.99,28.0,77.57,10.0,335,4.16,644,224.16,0.0,Standard,Spring,4,0,Monday,7,0,78.86,84.9,99,7427.97,4655.97
2025-04-07,APP_002,Breathable Performance Running Shoes,Apparel & Fashion,120.47,119.99,42.0,119.91,0.0,270,4.64,755,117.16,0.0,Budget,Spring,4,0,Monday,7,0,135.14,116.5,110,13251.7,8631.7
2025-04-07,APP_003,Classic Waterproof Trench Coat,Apparel & Fashion,140.61,149.99,55.0,153.27,10.0,261,4.14,634,147.56,0.0,Standard,Spring,4,0,Monday,7,0,43.86,38.87,42,5905.62,3595.62
2025-04-07,ELEC_001,Pro Wireless Noise-Cancelling Headphones,Electronics,205.26,199.99,85.0,182.46,0.0,187,4.13,664,148.49,0.0,Premium,Spring,4,0,Monday,7,0,69.71,68.9,50,10263.0,6013.0
2025-04-07,ELEC_002,Ultra HD 4K Smart TV 55-inch,Electronics,566.48,549.99,280.0,558.95,0.0,367,4.5,752,167.77,0.0,Premium,Spring,4,0,Monday,7,0,29.0,29.47,24,13595.52,6875.52
2025-04-07,ELEC_003,Smart Fitness Watch Gen-4,Electronics,130.54,129.99,50.0,128.93,0.0,503,4.47,648,178.25,0.0,Budget,Spring,4,0,Monday,7,0,103.71,90.07,93,12140.22,7490.22
2025-04-07,ELEC_004,Ergonomic Mechanical Keyboard,Electronics,71.16,89.99,35.0,82.77,20.0,357,4.13,671,188.76,0.0,Budget,Spring,4,0,Monday,7,0,62.14,60.67,102,7258.32,3688.32
2025-04-07,HOME_001,Espresso Machine & Milk Frother,Home & Living,126.75,159.99,65.0,164.91,20.0,391,4.62,672,131.57,0.0,Premium,Spring,4,0,Monday,7,0,47.43,47.4,62,7858.5,3828.5
2025-04-07,HOME_002,Cordless Handheld Vacuum Cleaner,Home & Living,103.74,99.99,40.0,104.92,0.0,582,4.22,824,79.45,0.0,Premium,Spring,4,0,Monday,7,0,58.0,63.3,48,4979.52,3059.52
2025-04-07,HOSP_001,Deluxe City Center King Room (Per Night),Hospitality & Stays,177.4,175.0,45.0,173.85,0.0,470,4.48,662,121.55,0.0,Budget,Spring,4,0,Monday,7,0,131.43,127.23,148,26255.2,19595.2
2025-04-07,HOSP_002,Executive Skyline Suite (Per Night),Hospitality & Stays,363.62,350.0,90.0,342.63,0.0,374,4.74,686,105.88,0.0,Standard,Spring,4,0,Monday,7,0,22.71,21.8,23,8363.26,6293.26
2025-04-07,RIDE_001,Standard Urban Commute Ride (10 km),Rideshare & Mobility,24.99,24.5,8.0,25.92,0.0,85,4.34,703,79.07,0.0,Standard,Spring,4,0,Monday,7,0,346.0,313.7,362,9046.38,6150.38
2025-04-07,RIDE_002,Premium Black Airport Transfer,Rideshare & Mobility,66.42,65.0,22.0,61.83,0.0,100,4.52,639,139.33,0.0,Premium,Spring,4,0,Monday,7,0,111.86,113.9,89,5911.38,3953.38
2025-04-08,APP_001,Premium Merino Wool Sweater,Apparel & Fashion,78.03,79.99,28.0,85.38,0.0,246,4.36,634,199.3,0.0,Standard,Spring,4,1,Tuesday,8,0,81.86,85.6,89,6944.67,4452.67
2025-04-08,APP_002,Breathable Performance Running Shoes,Apparel & Fashion,116.34,119.99,42.0,125.24,0.0,145,4.83,688,164.61,0.0,Standard,Spring,4,1,Tuesday,8,0,138.0,117.53,125,14542.5,9292.5
2025-04-08,APP_003,Classic Waterproof Trench Coat,Apparel & Fashion,149.12,149.99,55.0,152.66,0.0,220,4.43,640,199.49,0.0,Standard,Spring,4,1,Tuesday,8,0,40.29,39.23,41,6113.92,3858.92
2025-04-08,ELEC_001,Pro Wireless Noise-Cancelling Headphones,Electronics,190.78,199.99,85.0,196.63,5.0,130,4.57,761,125.09,0.0,Premium,Spring,4,1,Tuesday,8,0,65.0,68.43,57,10874.46,6029.46
2025-04-08,ELEC_002,Ultra HD 4K Smart TV 55-inch,Electronics,552.25,549.99,280.0,508.15,0.0,343,4.54,781,172.95,0.0,Standard,Spring,4,1,Tuesday,8,0,29.43,29.27,24,13254.0,6534.0
2025-04-08,ELEC_003,Smart Fitness Watch Gen-4,Electronics,125.23,129.99,50.0,122.34,0.0,406,4.73,707,126.16,0.0,Budget,Spring,4,1,Tuesday,8,0,104.86,90.53,97,12147.31,7297.31
2025-04-08,ELEC_004,Ergonomic Mechanical Keyboard,Electronics,91.5,89.99,35.0,87.74,0.0,305,4.39,727,121.23,0.0,Standard,Spring,4,1,Tuesday,8,0,60.57,60.13,52,4758.0,2938.0
2025-04-08,HOME_001,Espresso Machine & Milk Frother,Home & Living,155.73,159.99,65.0,162.83,0.0,344,4.87,686,169.61,0.0,Standard,Spring,4,1,Tuesday,8,0,48.86,45.97,47,7319.31,4264.31
2025-04-08,HOME_002,Cordless Handheld Vacuum Cleaner,Home & Living,102.47,99.99,40.0,100.55,0.0,515,4.18,738,151.83,0.0,Budget,Spring,4,1,Tuesday,8,0,59.29,61.9,67,6865.49,4185.49
2025-04-08,HOSP_001,Deluxe City Center King Room (Per Night),Hospitality & Stays,168.15,175.0,45.0,173.53,0.0,335,4.06,713,213.62,0.0,Budget,Spring,4,1,Tuesday,8,0,133.43,128.73,135,22700.25,16625.25
2025-04-08,HOSP_002,Executive Skyline Suite (Per Night),Hospitality & Stays,361.85,350.0,90.0,387.58,0.0,354,4.63,668,188.72,0.0,Standard,Spring,4,1,Tuesday,8,0,22.43,21.57,20,7237.0,5437.0
2025-04-08,RIDE_001,Standard Urban Commute Ride (10 km),Rideshare & Mobility,25.03,24.5,8.0,25.43,0.0,779,4.82,722,159.02,0.0,Standard,Spring,4,1,Tuesday,8,0,309.0,311.13,85,2127.55,1447.55
2025-04-08,RIDE_002,Premium Black Airport Transfer,Rideshare & Mobility,66.16,65.0,22.0,65.26,0.0,474,4.08,673,122.57,0.0,Premium,Spring,4,1,Tuesday,8,0,109.0,112.1,86,5689.76,3797.76
2025-04-09,APP_001,Premium Merino Wool Sweater,Apparel & Fashion,82.33,79.99,28.0,77.11,0.0,179,4.36,690,204.33,0.0,Budget,Spring,4,2,Wednesday,9,0,80.14,82.33,67,5516.11,3640.11
2025-04-09,APP_002,Breathable Performance Running Shoes,Apparel & Fashion,109.51,119.99,42.0,124.96,10.0,711,4.87,739,146.16,0.0,Standard,Spring,4,2,Wednesday,9,0,146.43,118.5,141,15440.91,9518.91
2025-04-09,APP_003,Classic Waterproof Trench Coat,Apparel & Fashion,147.29,149.99,55.0,152.51,0.0,184,4.71,734,161.0,0.0,Standard,Spring,4,2,Wednesday,9,0,41.57,39.2,36,5302.44,3322.44
2025-04-09,ELEC_001,Pro Wireless Noise-Cancelling Headphones,Electronics,142.77,199.99,85.0,200.17,25.0,416,4.82,713,157.83,0.0,Budget,Spring,4,2,Wednesday,9,0,76.57,70.53,130,18560.1,7510.1
2025-04-09,ELEC_002,Ultra HD 4K Smart TV 55-inch,Electronics,534.96,549.99,280.0,588.5,0.0,310,4.6,723,145.54,0.0,Budget,Spring,4,2,Wednesday,9,0,30.86,29.43,33,17653.68,8413.68
2025-04-09,ELEC_003,Smart Fitness Watch Gen-4,Electronics,130.24,129.99,50.0,138.55,0.0,318,4.51,684,159.78,0.0,Standard,Spring,4,2,Wednesday,9,0,103.71,90.83,88,11461.12,7061.12
2025-04-09,ELEC_004,Ergonomic Mechanical Keyboard,Electronics,89.3,89.99,35.0,90.93,0.0,248,4.63,702,205.68,0.0,Standard,Spring,4,2,Wednesday,9,0,60.14,59.97,57,5090.1,3095.1
2025-04-09,HOME_001,Espresso Machine & Milk Frother,Home & Living,160.28,159.99,65.0,162.58,0.0,294,4.66,747,144.06,0.0,Budget,Spring,4,2,Wednesday,9,0,50.0,46.23,50,8014.0,4764.0
2025-04-09,HOME_002,Cordless Handheld Vacuum Cleaner,Home & Living,101.98,99.99,40.0,107.82,0.0,445,4.79,616,175.96,0.0,Standard,Spring,4,2,Wednesday,9,0,61.71,61.53,70,7138.6,4338.6
2025-04-09,HOSP_001,Deluxe City Center King Room (Per Night),Hospitality & Stays,182.11,175.0,45.0,160.15,0.0,223,4.77,719,85.88,0.0,Budget,Spring,4,2,Wednesday,9,0,129.29,127.63,112,20396.32,15356.32
2025-04-09,HOSP_002,Executive Skyline Suite (Per Night),Hospitality & Stays,355.45,350.0,90.0,363.16,0.0,338,4.13,716,139.31,0.0,Premium,Spring,4,2,Wednesday,9,0,21.29,21.37,16,5687.2,4247.2
2025-04-09,RIDE_001,Standard Urban Commute Ride (10 km),Rideshare & Mobility,23.67,24.5,8.0,24.26,0.0,280,4.52,687,165.29,0.0,Budget,Spring,4,2,Wednesday,9,0,340.71,309.47,499,11811.33,7819.33
2025-04-09,RIDE_002,Premium Black Airport Transfer,Rideshare & Mobility,66.83,65.0,22.0,64.62,0.0,361,4.6,590,209.47,0.0,Budget,Spring,4,2,Wednesday,9,0,113.86,111.5,113,7551.79,5065.79
2025-04-10,APP_001,Premium Merino Wool Sweater,Apparel & Fashion,70.93,79.99,28.0,76.71,15.0,581,4.87,721,168.38,0.0,Budget,Spring,4,3,Thursday,10,0,88.43,84.83,133,9433.69,5709.69
2025-04-10,APP_002,Breathable Performance Running Shoes,Apparel & Fashion,99.98,119.99,42.0,122.85,20.0,548,4.25,708,210.49,0.0,Budget,Spring,4,3,Thursday,10,0,140.57,121.47,163,16296.74,9450.74
2025-04-10,APP_003,Classic Waterproof Trench Coat,Apparel & Fashion,156.08,149.99,55.0,136.96,0.0,155,4.84,718,165.87,0.0,Standard,Spring,4,3,Thursday,10,0,39.86,38.73,29,4526.32,2931.32
2025-04-10,ELEC_001,Pro Wireless Noise-Cancelling Headphones,Electronics,192.12,199.99,85.0,199.3,0.0,354,4.13,569,114.05,0.0,Standard,Spring,4,3,Thursday,10,0,70.0,70.9,62,11911.44,6641.44
2025-04-10,ELEC_002,Ultra HD 4K Smart TV 55-inch,Electronics,525.3,549.99,280.0,535.77,0.0,276,4.36,670,32.82,0.0,Standard,Spring,4,3,Thursday,10,0,32.43,29.7,34,17860.2,8340.2
2025-04-10,ELEC_003,Smart Fitness Watch Gen-4,Electronics,96.44,129.99,50.0,128.07,25.0,115,4.64,699,196.87,0.0,Budget,Spring,4,3,Thursday,10,0,117.29,94.83,203,19577.32,9427.32
2025-04-10,ELEC_004,Ergonomic Mechanical Keyboard,Electronics,67.69,89.99,35.0,91.24,25.0,140,4.79,655,79.27,0.0,Budget,Spring,4,3,Thursday,10,0,68.0,61.43,108,7310.52,3530.52
2025-04-10,HOME_001,Espresso Machine & Milk Frother,Home & Living,154.96,159.99,65.0,159.61,0.0,241,4.1,751,84.47,0.0,Budget,Spring,4,3,Thursday,10,0,52.14,46.57,53,8212.88,4767.88
2025-04-10,HOME_002,Cordless Handheld Vacuum Cleaner,Home & Living,104.33,99.99,40.0,98.49,0.0,390,4.82,616,163.2,0.0,Standard,Spring,4,3,Thursday,10,0,61.29,61.13,55,5738.15,3538.15
2025-04-10,HOSP_001,Deluxe City Center King Room (Per Night),Hospitality & Stays,172.69,175.0,45.0,170.66,0.0,139,4.32,756,164.87,0.0,Enterprise,Spring,4,3,Thursday,10,0,116.71,126.17,84,14505.96,10725.96
2025-04-10,HOSP_002,Executive Skyline Suite (Per Night),Hospitality & Stays,288.57,350.0,90.0,357.4,20.0,303,4.25,773,140.38,0.0,Budget,Spring,4,3,Thursday,10,0,22.71,21.67,35,10099.95,6949.95
2025-04-10,RIDE_001,Standard Urban Commute Ride (10 km),Rideshare & Mobility,19.38,24.5,8.0,22.91,20.0,521,4.36,649,110.93,0.0,Budget,Spring,4,3,Thursday,10,0,325.71,315.0,280,5426.4,3186.4
2025-04-10,RIDE_002,Premium Black Airport Transfer,Rideshare & Mobility,51.38,65.0,22.0,69.81,20.0,218,4.43,623,116.67,0.0,Premium,Spring,4,3,Thursday,10,0,120.43,113.77,143,7347.34,4201.34
2025-04-11,APP_001,Premium Merino Wool Sweater,Apparel & Fashion,74.81,79.99,28.0,74.53,10.0,475,4.53,705,137.42,0.0,Budget,Spring,4,4,Friday,11,0,93.0,85.77,106,7929.86,4961.86
2025-04-11,APP_002,Breathable Performance Running Shoes,Apparel & Fashion,102.66,119.99,42.0,116.31,15.0,399,4.4,683,145.9,0.0,Budget,Spring,4,4,Friday,11,0,141.43,121.67,149,15296.34,9038.34
2025-04-11,APP_003,Classic Waterproof Trench Coat,Apparel & Fashion,156.2,149.99,55.0,142.8,0.0,123,4.24,735,135.62,0.0,Budget,Spring,4,4,Friday,11,0,34.29,38.7,32,4998.4,3238.4
2025-04-11,ELEC_001,Pro Wireless Noise-Cancelling Headphones,Electronics,201.46,199.99,85.0,207.11,0.0,292,4.75,633,206.16,0.0,Standard,Spring,4,4,Friday,11,0,69.57,70.93,62,12490.52,7220.52
2025-04-11,ELEC_002,Ultra HD 4K Smart TV 55-inch,Electronics,525.9,549.99,280.0,544.55,0.0,246,4.06,709,217.83,0.0,Premium,Spring,4,4,Friday,11,0,33.29,29.63,30,15777.0,7377.0
2025-04-11,ELEC_003,Smart Fitness Watch Gen-4,Electronics,130.04,129.99,50.0,124.64,0.0,635,4.64,687,117.91,0.0,Budget,Spring,4,4,Friday,11,0,107.86,92.07,81,10533.24,6483.24
2025-04-11,ELEC_004,Ergonomic Mechanical Keyboard,Electronics,87.17,89.99,35.0,89.64,0.0,83,4.7,704,63.74,0.0,Standard,Spring,4,4,Friday,11,0,69.14,61.43,57,4968.69,2973.69
2025-04-11,HOME_001,Espresso Machine & Milk Frother,Home & Living,157.74,159.99,65.0,154.48,0.0,189,4.89,723,171.13,0.0,Budget,Spring,4,4,Friday,11,0,52.43,46.67,52,8202.48,4822.48
2025-04-11,HOME_002,Cordless Handheld Vacuum Cleaner,Home & Living,100.17,99.99,40.0,99.82,0.0,334,4.06,721,108.56,0.0,Standard,Spring,4,4,Friday,11,0,56.29,61.0,56,5609.52,3369.52
2025-04-11,HOSP_001,Deluxe City Center King Room (Per Night),Hospitality & Stays,179.48,175.0,45.0,183.8,0.0,663,4.77,740,244.75,0.0,Standard,Spring,4,4,Friday,11,0,117.14,122.1,116,20819.68,15599.68
2025-04-11,HOSP_002,Executive Skyline Suite (Per Night),Hospitality & Stays,360.39,350.0,90.0,355.13,0.0,283,4.48,685,205.66,0.0,Standard,Spring,4,4,Friday,11,0,22.29,21.63,20,7207.8,5407.8
2025-04-11,RIDE_001,Standard Urban Commute Ride (10 km),Rideshare & Mobility,25.28,24.5,8.0,20.88,0.0,243,4.1,649,86.47,0.0,Standard,Spring,4,4,Friday,11,0,302.43,316.87,278,7027.84,4803.84
2025-04-11,RIDE_002,Premium Black Airport Transfer,Rideshare & Mobility,62.8,65.0,22.0,62.63,0.0,117,4.72,731,99.4,0.0,Premium,Spring,4,4,Friday,11,0,106.57,113.23,101,6342.8,4120.8
2025-04-12,APP_001,Premium Merino Wool Sweater,Apparel & Fashion,76.84,79.99,28.0,74.1,0.0,397,4.89,587,120.45,0.0,Standard,Spring,4,5,Saturday,12,1,93.29,84.63,78,5993.52,3809.52
2025-04-12,APP_002,Breathable Performance Running Shoes,Apparel & Fashion,115.65,119.99,42.0,133.34,0.0,277,4.87,676,231.8,0.0,Standard,Spring,4,5,Saturday,12,1,131.43,121.63,122,14109.3,8985.3
2025-04-12,APP_003,Classic Waterproof Trench Coat,Apparel & Fashion,151.81,149.99,55.0,159.44,0.0,90,4.43,708,153.63,0.0,Budget,Spring,4,5,Saturday,12,1,34.57,38.6,33,5009.73,3194.73
2025-04-12,ELEC_001,Pro Wireless Noise-Cancelling Headphones,Electronics,151.54,199.99,85.0,203.71,25.0,177,4.22,696,89.04,0.0,Standard,Spring,4,5,Saturday,12,1,77.29,72.8,115,17427.1,7652.1
2025-04-12,ELEC_002,Ultra HD 4K Smart TV 55-inch,Electronics,479.41,549.99,280.0,565.03,10.0,210,4.49,705,133.53,0.0,Premium,Spring,4,5,Saturday,12,1,29.29,29.9,36,17258.76,7178.76
2025-04-12,ELEC_003,Smart Fitness Watch Gen-4,Electronics,130.23,129.99,50.0,137.07,0.0,565,4.41,673,64.44,0.0,Premium,Spring,4,5,Saturday,12,1,102.14,91.77,70,9116.1,5616.1
2025-04-12,ELEC_004,Ergonomic Mechanical Keyboard,Electronics,93.56,89.99,35.0,90.78,0.0,673,4.81,759,163.55,0.0,Budget,Spring,4,5,Saturday,12,1,69.71,60.87,58,5426.48,3396.48
2025-04-12,HOME_001,Espresso Machine & Milk Frother,Home & Living,156.58,159.99,65.0,145.09,0.0,150,4.72,646,116.92,0.0,Standard,Spring,4,5,Saturday,12,1,52.71,46.47,39,6106.62,3571.62
2025-04-12,HOME_002,Cordless Handheld Vacuum Cleaner,Home & Living,99.94,99.99,40.0,101.95,0.0,278,4.6,693,115.32,0.0,Premium,Spring,4,5,Saturday,12,1,56.86,60.7,56,5596.64,3356.64
2025-04-12,HOSP_001,Deluxe City Center King Room (Per Night),Hospitality & Stays,221.04,175.0,45.0,169.84,0.0,566,4.45,743,130.2,0.0,Budget,Spring,4,5,Saturday,12,1,116.14,121.1,97,21440.88,17075.88
2025-04-12,HOSP_002,Executive Skyline Suite (Per Night),Hospitality & Stays,387.2,350.0,90.0,374.58,0.0,257,4.39,749,115.93,0.0,Budget,Spring,4,5,Saturday,12,1,23.29,21.87,26,10067.2,7727.2
2025-04-12,RIDE_001,Standard Urban Commute Ride (10 km),Rideshare & Mobility,21.43,24.5,8.0,24.06,10.0,630,4.25,725,143.9,0.0,Premium,Spring,4,5,Saturday,12,1,309.86,309.4,243,5207.49,3263.49
2025-04-12,RIDE_002,Premium Black Airport Transfer,Rideshare & Mobility,67.61,65.0,22.0,65.04,0.0,763,4.54,729,129.46,0.0,Premium,Spring,4,5,Saturday,12,1,101.86,112.23,84,5679.24,3831.24
2025-04-13,APP_001,Premium Merino Wool Sweater,Apparel & Fashion,80.12,79.99,28.0,70.48,0.0,318,4.55,777,189.09,0.0,Budget,Spring,4,6,Sunday,13,1,93.0,85.3,79,6329.48,4117.48
2025-04-13,APP_002,Breathable Performance Running Shoes,Apparel & Fashion,116.32,119.99,42.0,122.99,0.0,177,4.33,679,154.06,0.0,Standard,Spring,4,6,Sunday,13,1,130.0,121.17,100,11632.0,7432.0
2025-04-13,APP_003,Classic Waterproof Trench Coat,Apparel & Fashion,145.16,149.99,55.0,143.67,0.0,490,4.9,719,130.02,0.0,Standard,Spring,4,6,Sunday,13,1,36.29,38.87,41,5951.56,3696.56
2025-04-13,ELEC_001,Pro Wireless Noise-Cancelling Headphones,Electronics,199.51,199.99,85.0,190.23,0.0,108,4.6,756,153.81,0.0,Budget,Spring,4,6,Sunday,13,1,77.86,73.03,69,13766.19,7901.19
2025-04-13,ELEC_002,Ultra HD 4K Smart TV 55-inch,Electronics,461.29,549.99,280.0,536.57,20.0,155,4.72,745,181.4,0.0,Budget,Spring,4,6,Sunday,13,1,33.71,30.37,55,25370.95,9970.95
2025-04-13,ELEC_003,Smart Fitness Watch Gen-4,Electronics,126.34,129.99,50.0,130.4,0.0,460,4.39,685,201.62,0.0,Budget,Spring,4,6,Sunday,13,1,105.29,92.83,105,13265.7,8015.7
2025-04-13,ELEC_004,Ergonomic Mechanical Keyboard,Electronics,90.4,89.99,35.0,88.06,0.0,621,4.3,699,172.38,0.0,Budget,Spring,4,6,Sunday,13,1,69.43,60.63,52,4700.8,2880.8
2025-04-13,HOME_001,Espresso Machine & Milk Frother,Home & Living,159.49,159.99,65.0,158.42,0.0,103,4.12,726,103.2,0.0,Budget,Spring,4,6,Sunday,13,1,50.0,46.43,47,7496.03,4441.03
2025-04-13,HOME_002,Cordless Handheld Vacuum Cleaner,Home & Living,104.45,99.99,40.0,101.3,0.0,211,4.87,733,170.8,0.0,Budget,Spring,4,6,Sunday,13,1,59.86,61.0,67,6998.15,4318.15
2025-04-13,HOSP_001,Deluxe City Center King Room (Per Night),Hospitality & Stays,220.91,175.0,45.0,175.52,0.0,478,4.66,694,110.2,0.0,Standard,Spring,4,6,Sunday,13,1,111.43,120.17,88,19440.08,15480.08
2025-04-13,HOSP_002,Executive Skyline Suite (Per Night),Hospitality & Stays,407.66,350.0,90.0,358.73,0.0,237,4.56,737,204.7,0.0,Standard,Spring,4,6,Sunday,13,1,22.86,21.77,20,8153.2,6353.2
2025-04-13,RIDE_001,Standard Urban Commute Ride (10 km),Rideshare & Mobility,23.34,24.5,8.0,24.0,0.0,228,4.87,692,201.45,0.0,Premium,Spring,4,6,Sunday,13,1,307.0,308.73,402,9382.68,6166.68
2025-04-13,RIDE_002,Premium Black Airport Transfer,Rideshare & Mobility,62.97,65.0,22.0,63.11,0.0,645,4.01,658,168.09,0.0,Standard,Spring,4,6,Sunday,13,1,104.86,112.07,118,7430.46,4834.46
2025-04-14,APP_001,Premium Merino Wool Sweater,Apparel & Fashion,79.66,79.99,28.0,82.86,0.0,265,4.88,698,210.38,0.0,Premium,Spring,4,0,Monday,14,0,86.43,83.4,53,4221.98,2737.98
2025-04-14,APP_002,Breathable Performance Running Shoes,Apparel & Fashion,110.89,119.99,42.0,116.28,5.0,653,4.02,739,112.8,0.0,Standard,Spring,4,0,Monday,14,0,130.71,121.03,115,12752.35,7922.35
2025-04-14,APP_003,Classic Waterproof Trench Coat,Apparel & Fashion,142.77,149.99,55.0,145.51,0.0,453,4.12,772,117.09,0.0,Standard,Spring,4,0,Monday,14,0,35.57,39.03,37,5282.49,3247.49
2025-04-14,ELEC_001,Pro Wireless Noise-Cancelling Headphones,Electronics,201.93,199.99,85.0,194.23,0.0,458,4.3,712,135.91,0.0,Budget,Spring,4,0,Monday,14,0,80.14,73.2,66,13327.38,7717.38
2025-04-14,ELEC_002,Ultra HD 4K Smart TV 55-inch,Electronics,525.07,549.99,280.0,554.36,0.0,124,4.84,687,139.5,0.0,Standard,Spring,4,0,Monday,14,0,34.71,30.4,31,16277.17,7597.17
2025-04-14,ELEC_003,Smart Fitness Watch Gen-4,Electronics,102.23,129.99,50.0,124.97,25.0,302,4.28,662,178.98,0.0,Budget,Spring,4,0,Monday,14,0,114.57,95.13,158,16152.34,8252.34
2025-04-14,ELEC_004,Ergonomic Mechanical Keyboard,Electronics,90.29,89.99,35.0,94.95,0.0,551,4.68,634,179.29,0.0,Budget,Spring,4,0,Monday,14,0,64.86,61.37,70,6320.3,3870.3
2025-04-14,HOME_001,Espresso Machine & Milk Frother,Home & Living,166.77,159.99,65.0,154.4,0.0,590,4.07,707,190.86,0.0,Premium,Spring,4,0,Monday,14,0,45.14,44.93,28,4669.56,2849.56
2025-04-14,HOME_002,Cordless Handheld Vacuum Cleaner,Home & Living,99.04,99.99,40.0,97.36,0.0,159,4.31,741,182.79,0.0,Premium,Spring,4,0,Monday,14,0,60.43,60.47,52,5150.08,3070.08
2025-04-14,HOSP_001,Deluxe City Center King Room (Per Night),Hospitality & Stays,182.31,175.0,45.0,193.01,0.0,358,4.36,749,140.5,0.0,Budget,Spring,4,0,Monday,14,0,107.43,121.57,120,21877.2,16477.2
2025-04-14,HOSP_002,Executive Skyline Suite (Per Night),Hospitality & Stays,335.25,350.0,90.0,351.95,0.0,212,4.53,767,236.68,0.0,Standard,Spring,4,0,Monday,14,0,23.14,21.83,25,8381.25,6131.25
2025-04-14,RIDE_001,Standard Urban Commute Ride (10 km),Rideshare & Mobility,23.87,24.5,8.0,25.67,0.0,510,4.89,663,124.48,0.0,Standard,Spring,4,0,Monday,14,0,287.86,307.63,228,5442.36,3618.36
2025-04-14,RIDE_002,Premium Black Airport Transfer,Rideshare & Mobility,64.05,65.0,22.0,68.59,0.0,527,4.42,625,155.85,0.0,Standard,Spring,4,0,Monday,14,0,109.0,112.57,118,7557.9,4961.9
2025-04-15,APP_001,Premium Merino Wool Sweater,Apparel & Fashion,70.96,79.99,28.0,76.44,15.0,158,4.86,753,153.55,0.0,Standard,Spring,4,1,Tuesday,15,0,89.0,84.87,107,7592.72,4596.72
2025-04-15,APP_002,Breathable Performance Running Shoes,Apparel & Fashion,103.83,119.99,42.0,121.56,15.0,504,4.33,720,133.86,0.0,Budget,Spring,4,1,Tuesday,15,0,134.14,121.77,149,15470.67,9212.67
2025-04-15,APP_003,Classic Waterproof Trench Coat,Apparel & Fashion,149.27,149.99,55.0,144.37,0.0,415,4.65,742,133.14,0.0,Budget,Spring,4,1,Tuesday,15,0,35.14,38.93,38,5672.26,3582.26
2025-04-15,ELEC_001,Pro Wireless Noise-Cancelling Headphones,Electronics,199.18,199.99,85.0,216.54,0.0,406,4.07,672,137.69,0.0,Premium,Spring,4,1,Tuesday,15,0,79.43,73.03,52,10357.36,5937.36
2025-04-15,ELEC_002,Ultra HD 4K Smart TV 55-inch,Electronics,558.4,549.99,280.0,581.55,0.0,93,4.52,671,171.16,0.0,Budget,Spring,4,1,Tuesday,15,0,35.71,30.77,31,17310.4,8630.4
2025-04-15,ELEC_003,Smart Fitness Watch Gen-4,Electronics,126.79,129.99,50.0,120.36,0.0,210,4.85,689,155.74,0.0,Standard,Spring,4,1,Tuesday,15,0,113.86,94.83,92,11664.68,7064.68
2025-04-15,ELEC_004,Ergonomic Mechanical Keyboard,Electronics,74.27,89.99,35.0,89.15,20.0,497,4.69,761,114.81,0.0,Enterprise,Spring,4,1,Tuesday,15,0,65.14,61.4,54,4010.58,2120.58
2025-04-15,HOME_001,Espresso Machine & Milk Frother,Home & Living,137.29,159.99,65.0,163.5,15.0,526,4.23,707,197.49,0.0,Budget,Spring,4,1,Tuesday,15,0,47.57,45.93,64,8786.56,4626.56
2025-04-15,HOME_002,Cordless Handheld Vacuum Cleaner,Home & Living,98.97,99.99,40.0,110.38,0.0,90,4.5,722,179.21,0.0,Standard,Spring,4,1,Tuesday,15,0,60.71,60.77,69,6828.93,4068.93
2025-04-15,HOSP_001,Deluxe City Center King Room (Per Night),Hospitality & Stays,176.18,175.0,45.0,182.59,0.0,258,4.16,691,193.16,0.0,Premium,Spring,4,1,Tuesday,15,0,102.43,122.57,100,17618.0,13118.0
2025-04-15,HOSP_002,Executive Skyline Suite (Per Night),Hospitality & Stays,316.07,350.0,90.0,360.31,10.0,190,4.47,682,107.28,0.0,Standard,Spring,4,1,Tuesday,15,0,23.43,21.8,22,6953.54,4973.54
2025-04-15,RIDE_001,Standard Urban Commute Ride (10 km),Rideshare & Mobility,19.51,24.5,8.0,23.81,20.0,686,4.81,654,29.85,0.0,Premium,Spring,4,1,Tuesday,15,0,348.57,310.37,510,9950.1,5870.1
2025-04-15,RIDE_002,Premium Black Airport Transfer,Rideshare & Mobility,65.47,65.0,22.0,58.78,0.0,452,4.38,625,151.24,0.0,Premium,Spring,4,1,Tuesday,15,0,107.43,109.83,75,4910.25,3260.25
2025-04-16,APP_001,Premium Merino Wool Sweater,Apparel & Fashion,83.11,79.99,28.0,78.77,0.0,89,4.47,661,73.71,0.0,Standard,Spring,4,2,Wednesday,16,0,89.29,84.53,69,5734.59,3802.59
2025-04-16,APP_002,Breathable Performance Running Shoes,Apparel & Fashion,92.61,119.99,42.0,118.8,20.0,280,4.28,704,80.33,0.0,Budget,Spring,4,2,Wednesday,16,0,146.0,125.33,224,20744.64,11336.64
2025-04-16,APP_003,Classic Waterproof Trench Coat,Apparel & Fashion,145.21,149.99,55.0,153.33,0.0,371,4.65,708,137.05,0.0,Standard,Spring,4,2,Wednesday,16,0,36.29,39.27,44,6389.24,3969.24
2025-04-16,ELEC_001,Pro Wireless Noise-Cancelling Headphones,Electronics,173.94,199.99,85.0,202.16,15.0,321,4.73,807,201.45,0.0,Premium,Spring,4,2,Wednesday,16,0,73.0,73.27,85,14784.9,7559.9
2025-04-16,ELEC_002,Ultra HD 4K Smart TV 55-inch,Electronics,509.72,549.99,280.0,514.63,10.0,572,4.61,708,93.84,0.0,Premium,Spring,4,2,Wednesday,16,0,35.86,30.77,34,17330.48,7810.48
2025-04-16,ELEC_003,Smart Fitness Watch Gen-4,Electronics,129.36,129.99,50.0,121.45,0.0,125,4.77,621,143.52,0.0,Standard,Spring,4,2,Wednesday,16,0,113.43,95.37,85,10995.6,6745.6
2025-04-16,ELEC_004,Ergonomic Mechanical Keyboard,Electronics,90.78,89.99,35.0,86.67,0.0,437,4.29,612,217.33,0.0,Budget,Spring,4,2,Wednesday,16,0,65.57,62.07,60,5446.8,3346.8
2025-04-16,HOME_001,Espresso Machine & Milk Frother,Home & Living,167.56,159.99,65.0,160.29,0.0,483,4.44,800,211.17,0.0,Budget,Spring,4,2,Wednesday,16,0,46.57,46.1,43,7205.08,4410.08
2025-04-16,HOME_002,Cordless Handheld Vacuum Cleaner,Home & Living,101.49,99.99,40.0,99.62,0.0,711,4.47,705,190.64,0.0,Premium,Spring,4,2,Wednesday,16,0,56.86,60.23,43,4364.07,2644.07
2025-04-16,HOSP_001,Deluxe City Center King Room (Per Night),Hospitality & Stays,133.5,175.0,45.0,182.87,20.0,629,4.54,648,99.42,0.0,Premium,Spring,4,2,Wednesday,16,0,117.29,125.0,216,28836.0,19116.0
2025-04-16,HOSP_002,Executive Skyline Suite (Per Night),Hospitality & Stays,338.88,350.0,90.0,343.14,0.0,165,4.66,659,130.52,0.0,Budget,Spring,4,2,Wednesday,16,0,24.71,21.8,25,8472.0,6222.0
2025-04-16,RIDE_001,Standard Urban Commute Ride (10 km),Rideshare & Mobility,24.5,24.5,8.0,25.42,0.0,363,4.23,583,120.15,0.0,Premium,Spring,4,2,Wednesday,16,0,323.43,311.9,323,7913.5,5329.5
2025-04-16,RIDE_002,Premium Black Airport Transfer,Rideshare & Mobility,63.28,65.0,22.0,63.79,0.0,352,4.03,685,86.63,0.0,Budget,Spring,4,2,Wednesday,16,0,105.57,110.1,100,6328.0,4128.0
2025-04-17,APP_001,Premium Merino Wool Sweater,Apparel & Fashion,62.23,79.99,28.0,77.12,20.0,468,4.88,790,181.36,0.0,Budget,Spring,4,3,Thursday,17,0,83.0,84.53,89,5538.47,3046.47
2025-04-17,APP_002,Breathable Performance Running Shoes,Apparel & Fashion,115.17,119.99,42.0,118.28,0.0,158,4.5,684,139.54,0.0,Budget,Spring,4,3,Thursday,17,0,140.14,126.2,122,14050.74,8926.74
2025-04-17,APP_003,Classic Waterproof Trench Coat,Apparel & Fashion,154.28,149.99,55.0,151.3,0.0,344,4.21,713,166.13,0.0,Premium,Spring,4,3,Thursday,17,0,36.0,39.23,27,4165.56,2680.56
2025-04-17,ELEC_001,Pro Wireless Noise-Cancelling Headphones,Electronics,209.74,199.99,85.0,199.29,0.0,257,4.85,628,182.74,0.0,Budget,Spring,4,3,Thursday,17,0,73.29,73.63,64,13423.36,7983.36
2025-04-17,ELEC_002,Ultra HD 4K Smart TV 55-inch,Electronics,540.36,549.99,280.0,590.32,0.0,541,4.62,775,242.28,0.0,Standard,Spring,4,3,Thursday,17,0,35.43,30.97,31,16751.16,8071.16
2025-04-17,ELEC_003,Smart Fitness Watch Gen-4,Electronics,125.55,129.99,50.0,121.26,0.0,637,4.41,692,213.66,0.0,Standard,Spring,4,3,Thursday,17,0,97.71,95.83,93,11676.15,7026.15
2025-04-17,ELEC_004,Ergonomic Mechanical Keyboard,Electronics,84.72,89.99,35.0,89.88,5.0,361,4.31,698,184.36,0.0,Budget,Spring,4,3,Thursday,17,0,61.0,63.03,76,6438.72,3778.72
2025-04-17,HOME_001,Espresso Machine & Milk Frother,Home & Living,123.4,159.99,65.0,162.67,20.0,414,4.58,768,193.81,0.0,Standard,Spring,4,3,Thursday,17,0,48.86,47.0,69,8514.6,4029.6
2025-04-17,HOME_002,Cordless Handheld Vacuum Cleaner,Home & Living,92.04,99.99,40.0,93.76,10.0,638,4.29,708,179.69,0.0,Premium,Spring,4,3,Thursday,17,0,59.43,59.9,73,6718.92,3798.92
2025-04-17,HOSP_001,Deluxe City Center King Room (Per Night),Hospitality & Stays,142.12,175.0,45.0,182.65,20.0,484,4.15,695,162.96,0.0,Premium,Spring,4,3,Thursday,17,0,126.0,125.53,145,20607.4,14082.4
2025-04-17,HOSP_002,Executive Skyline Suite (Per Night),Hospitality & Stays,355.87,350.0,90.0,373.64,0.0,142,4.6,660,122.91,0.0,Budget,Spring,4,3,Thursday,17,0,23.0,21.87,23,8185.01,6115.01
2025-04-17,RIDE_001,Standard Urban Commute Ride (10 km),Rideshare & Mobility,19.66,24.5,8.0,24.3,20.0,755,4.69,690,234.16,0.0,Budget,Spring,4,3,Thursday,17,0,335.29,317.83,363,7136.58,4232.58
2025-04-17,RIDE_002,Premium Black Airport Transfer,Rideshare & Mobility,60.73,65.0,22.0,67.01,5.0,249,4.57,756,156.93,0.0,Standard,Spring,4,3,Thursday,17,0,99.86,109.93,103,6255.19,3989.19
2025-04-18,APP_001,Premium Merino Wool Sweater,Apparel & Fashion,81.37,79.99,28.0,72.95,0.0,407,4.87,738,146.1,0.0,Standard,Spring,4,4,Friday,18,0,76.57,83.6,61,4963.57,3255.57
2025-04-18,APP_002,Breathable Performance Running Shoes,Apparel & Fashion,123.96,119.99,42.0,121.17,0.0,83,4.09,689,132.39,0.0,Premium,Spring,4,4,Friday,18,0,129.57,125.27,75,9297.0,6147.0
2025-04-18,APP_003,Classic Waterproof Trench Coat,Apparel & Fashion,122.61,149.99,55.0,157.39,20.0,282,4.51,637,227.03,0.0,Standard,Spring,4,4,Friday,18,0,40.29,39.97,62,7601.82,4191.82
2025-04-18,ELEC_001,Pro Wireless Noise-Cancelling Headphones,Electronics,209.41,199.99,85.0,189.18,0.0,210,4.85,766,195.16,0.0,Premium,Spring,4,4,Friday,18,0,71.14,73.3,47,9842.27,5847.27
2025-04-18,ELEC_002,Ultra HD 4K Smart TV 55-inch,Electronics,450.15,549.99,280.0,545.31,20.0,498,4.38,715,198.04,0.0,Premium,Spring,4,4,Friday,18,0,37.29,30.87,43,19356.45,7316.45
2025-04-18,ELEC_003,Smart Fitness Watch Gen-4,Electronics,125.2,129.99,50.0,120.55,0.0,560,4.61,689,131.77,0.0,Premium,Spring,4,4,Friday,18,0,97.14,95.87,77,9640.4,5790.4
2025-04-18,ELEC_004,Ergonomic Mechanical Keyboard,Electronics,89.75,89.99,35.0,91.17,0.0,293,4.72,707,114.22,0.0,Budget,Spring,4,4,Friday,18,0,62.57,63.23,68,6103.0,3723.0
2025-04-18,HOME_001,Espresso Machine & Milk Frother,Home & Living,165.57,159.99,65.0,150.27,0.0,383,4.78,724,86.34,0.0,Premium,Spring,4,4,Friday,18,0,45.86,46.6,31,5132.67,3117.67
2025-04-18,HOME_002,Cordless Handheld Vacuum Cleaner,Home & Living,97.61,99.99,40.0,102.1,0.0,581,4.32,646,160.01,0.0,Standard,Spring,4,4,Friday,18,0,59.57,59.5,57,5563.77,3283.77
2025-04-18,HOSP_001,Deluxe City Center King Room (Per Night),Hospitality & Stays,182.75,175.0,45.0,186.8,0.0,371,4.02,654,225.88,0.0,Budget,Spring,4,4,Friday,18,0,125.57,127.1,113,20650.75,15565.75
2025-04-18,HOSP_002,Executive Skyline Suite (Per Night),Hospitality & Stays,344.49,350.0,90.0,370.96,0.0,122,4.47,663,183.87,0.0,Standard,Spring,4,4,Friday,18,0,23.0,22.03,20,6889.8,5089.8
2025-04-18,RIDE_001,Standard Urban Commute Ride (10 km),Rideshare & Mobility,24.85,24.5,8.0,25.49,0.0,308,4.15,785,109.08,0.0,Standard,Spring,4,4,Friday,18,0,359.43,322.47,447,11107.95,7531.95
2025-04-18,RIDE_002,Premium Black Airport Transfer,Rideshare & Mobility,61.81,65.0,22.0,59.56,0.0,126,4.64,672,226.11,0.0,Standard,Spring,4,4,Friday,18,0,103.0,110.8,123,7602.63,4896.63
2025-04-19,APP_001,Premium Merino Wool Sweater,Apparel & Fashion,79.56,79.99,28.0,82.0,0.0,324,4.33,643,150.67,0.0,Budget,Spring,4,5,Saturday,19,1,77.29,83.6,83,6603.48,4279.48
2025-04-19,APP_002,Breathable Performance Running Shoes,Apparel & Fashion,114.95,119.99,42.0,115.29,0.0,675,4.85,632,207.87,0.0,Standard,Spring,4,5,Saturday,19,1,124.0,124.23,83,9540.85,6054.85
2025-04-19,APP_003,Classic Waterproof Trench Coat,Apparel & Fashion,155.34,149.99,55.0,149.59,0.0,251,4.37,694,151.75,0.0,Standard,Spring,4,5,Saturday,19,1,40.0,39.77,31,4815.54,3110.54
2025-04-19,ELEC_001,Pro Wireless Noise-Cancelling Headphones,Electronics,171.02,199.99,85.0,209.37,15.0,107,4.43,690,153.19,0.0,Standard,Spring,4,5,Saturday,19,1,69.43,73.77,103,17615.06,8860.06
2025-04-19,ELEC_002,Ultra HD 4K Smart TV 55-inch,Electronics,552.66,549.99,280.0,528.11,0.0,469,4.36,737,156.29,0.0,Budget,Spring,4,5,Saturday,19,1,36.29,30.83,29,16027.14,7907.14
2025-04-19,ELEC_003,Smart Fitness Watch Gen-4,Electronics,134.36,129.99,50.0,132.07,0.0,488,4.46,674,158.33,0.0,Standard,Spring,4,5,Saturday,19,1,97.43,95.57,72,9673.92,6073.92
2025-04-19,ELEC_004,Ergonomic Mechanical Keyboard,Electronics,91.47,89.99,35.0,90.77,0.0,245,4.12,706,199.85,0.0,Premium,Spring,4,5,Saturday,19,1,61.14,62.97,48,4390.56,2710.56
2025-04-19,HOME_001,Espresso Machine & Milk Frother,Home & Living,163.54,159.99,65.0,172.33,0.0,343,4.14,678,127.07,0.0,Standard,Spring,4,5,Saturday,19,1,46.0,46.93,40,6541.6,3941.6
2025-04-19,HOME_002,Cordless Handheld Vacuum Cleaner,Home & Living,104.3,99.99,40.0,101.72,0.0,517,4.78,738,144.58,0.0,Budget,Spring,4,5,Saturday,19,1,60.71,59.9,64,6675.2,4115.2
2025-04-19,HOSP_001,Deluxe City Center King Room (Per Night),Hospitality & Stays,202.58,175.0,45.0,171.57,0.0,259,4.07,726,134.23,0.0,Budget,Spring,4,5,Saturday,19,1,127.71,126.4,112,22688.96,17648.96
2025-04-19,HOSP_002,Executive Skyline Suite (Per Night),Hospitality & Stays,373.74,350.0,90.0,397.32,0.0,100,4.39,679,137.25,0.0,Premium,Spring,4,5,Saturday,19,1,22.43,22.27,22,8222.28,6242.28
2025-04-19,RIDE_001,Standard Urban Commute Ride (10 km),Rideshare & Mobility,24.17,24.5,8.0,24.23,0.0,653,4.09,748,239.43,0.0,Standard,Spring,4,5,Saturday,19,1,368.71,322.03,308,7444.36,4980.36
2025-04-19,RIDE_002,Premium Black Airport Transfer,Rideshare & Mobility,63.16,65.0,22.0,68.13,0.0,402,4.5,712,100.8,0.0,Standard,Spring,4,5,Saturday,19,1,109.0,112.03,126,7958.16,5186.16
2025-04-20,APP_001,Premium Merino Wool Sweater,Apparel & Fashion,74.8,79.99,28.0,77.07,10.0,231,4.27,642,146.6,0.0,Standard,Spring,4,6,Sunday,20,1,79.29,84.5,93,6956.4,4352.4
2025-04-20,APP_002,Breathable Performance Running Shoes,Apparel & Fashion,123.26,119.99,42.0,118.13,0.0,585,4.2,701,152.91,0.0,Standard,Spring,4,6,Sunday,20,1,122.57,123.93,90,11093.4,7313.4
2025-04-20,APP_003,Classic Waterproof Trench Coat,Apparel & Fashion,151.14,149.99,55.0,148.4,0.0,213,4.32,624,104.63,0.0,Budget,Spring,4,6,Sunday,20,1,39.57,38.13,38,5743.32,3653.32
2025-04-20,ELEC_001,Pro Wireless Noise-Cancelling Headphones,Electronics,200.76,199.99,85.0,214.43,0.0,540,4.6,622,155.81,0.0,Standard,Spring,4,6,Sunday,20,1,70.14,73.93,74,14856.24,8566.24
2025-04-20,ELEC_002,Ultra HD 4K Smart TV 55-inch,Electronics,450.12,549.99,280.0,523.43,20.0,422,4.51,799,108.38,0.0,Standard,Spring,4,6,Sunday,20,1,35.14,31.3,47,21155.64,7995.64
2025-04-20,ELEC_003,Smart Fitness Watch Gen-4,Electronics,127.26,129.99,50.0,135.17,0.0,393,4.01,734,74.8,0.0,Standard,Spring,4,6,Sunday,20,1,96.0,96.0,95,12089.7,7339.7
2025-04-20,ELEC_004,Ergonomic Mechanical Keyboard,Electronics,86.11,89.99,35.0,85.53,0.0,198,4.74,737,185.08,0.0,Premium,Spring,4,6,Sunday,20,1,60.43,61.93,47,4047.17,2402.17
2025-04-20,HOME_001,Espresso Machine & Milk Frother,Home & Living,148.27,159.99,65.0,160.85,10.0,289,4.19,756,95.14,0.0,Budget,Spring,4,6,Sunday,20,1,47.0,47.27,54,8006.58,4496.58
2025-04-20,HOME_002,Cordless Handheld Vacuum Cleaner,Home & Living,79.75,99.99,40.0,98.84,20.0,408,4.75,790,160.43,0.0,Standard,Spring,4,6,Sunday,20,1,66.71,61.63,109,8692.75,4332.75
2025-04-20,HOSP_001,Deluxe City Center King Room (Per Night),Hospitality & Stays,217.84,175.0,45.0,177.51,0.0,162,4.12,740,141.29,0.0,Budget,Spring,4,6,Sunday,20,1,129.0,125.63,97,21130.48,16765.48
2025-04-20,HOSP_002,Executive Skyline Suite (Per Night),Hospitality & Stays,434.49,350.0,90.0,359.29,0.0,87,4.13,810,219.65,0.0,Enterprise,Spring,4,6,Sunday,20,1,21.43,22.13,13,5648.37,4478.37
2025-04-20,RIDE_001,Standard Urban Commute Ride (10 km),Rideshare & Mobility,24.21,24.5,8.0,23.32,0.0,358,4.76,756,161.88,0.0,Enterprise,Spring,4,6,Sunday,20,1,353.43,319.07,295,7141.95,4781.95
2025-04-20,RIDE_002,Premium Black Airport Transfer,Rideshare & Mobility,61.79,65.0,22.0,67.07,0.0,271,4.78,725,150.6,0.0,Budget,Spring,4,6,Sunday,20,1,110.86,112.27,131,8094.49,5212.49
2025-04-21,APP_001,Premium Merino Wool Sweater,Apparel & Fashion,80.09,79.99,28.0,77.57,0.0,157,4.84,641,167.67,0.0,Premium,Spring,4,0,Monday,21,0,82.29,84.33,74,5926.66,3854.66
2025-04-21,APP_002,Breathable Performance Running Shoes,Apparel & Fashion,115.64,119.99,42.0,124.88,0.0,492,4.46,676,142.45,0.0,Premium,Spring,4,0,Monday,21,0,119.43,121.5,93,10754.52,6848.52
2025-04-21,APP_003,Classic Waterproof Trench Coat,Apparel & Fashion,150.65,149.99,55.0,149.57,0.0,172,4.81,724,151.64,0.0,Standard,Spring,4,0,Monday,21,0,40.14,38.4,41,6176.65,3921.65
2025-04-21,ELEC_001,Pro Wireless Noise-Cancelling Headphones,Electronics,205.97,199.99,85.0,200.81,0.0,483,4.9,773,198.93,0.0,Standard,Spring,4,0,Monday,21,0,68.86,74.03,57,11740.29,6895.29
2025-04-21,ELEC_002,Ultra HD 4K Smart TV 55-inch,Electronics,561.03,549.99,280.0,512.64,0.0,393,4.53,669,142.88,0.0,Budget,Spring,4,0,Monday,21,0,34.86,31.53,29,16269.87,8149.87
2025-04-21,ELEC_003,Smart Fitness Watch Gen-4,Electronics,127.36,129.99,50.0,128.15,0.0,291,4.54,655,179.1,0.0,Budget,Spring,4,0,Monday,21,0,88.0,97.1,102,12990.72,7890.72
2025-04-21,ELEC_004,Ergonomic Mechanical Keyboard,Electronics,86.91,89.99,35.0,90.16,0.0,146,4.53,613,163.03,0.0,Premium,Spring,4,0,Monday,21,0,57.86,61.37,52,4519.32,2699.32
2025-04-21,HOME_001,Espresso Machine & Milk Frother,Home & Living,163.53,159.99,65.0,165.46,0.0,247,4.2,657,137.49,0.0,Budget,Spring,4,0,Monday,21,0,49.0,47.4,42,6868.26,4138.26
2025-04-21,HOME_002,Cordless Handheld Vacuum Cleaner,Home & Living,101.34,99.99,40.0,103.54,0.0,354,4.54,724,122.83,0.0,Premium,Spring,4,0,Monday,21,0,67.0,61.43,54,5472.36,3312.36
2025-04-21,HOSP_001,Deluxe City Center King Room (Per Night),Hospitality & Stays,139.88,175.0,45.0,185.82,20.0,522,4.9,694,116.84,0.0,Standard,Spring,4,0,Monday,21,0,135.0,126.33,162,22660.56,15370.56
2025-04-21,HOSP_002,Executive Skyline Suite (Per Night),Hospitality & Stays,335.24,350.0,90.0,371.42,0.0,485,4.5,690,172.43,0.0,Standard,Spring,4,0,Monday,21,0,21.0,22.3,22,7375.28,5395.28
2025-04-21,RIDE_001,Standard Urban Commute Ride (10 km),Rideshare & Mobility,20.73,24.5,8.0,25.84,15.0,686,4.53,713,168.38,0.0,Budget,Spring,4,0,Monday,21,0,372.0,320.87,358,7421.34,4557.34
2025-04-21,RIDE_002,Premium Black Airport Transfer,Rideshare & Mobility,65.83,65.0,22.0,68.39,0.0,184,4.74,663,182.49,0.0,Premium,Spring,4,0,Monday,21,0,106.43,110.6,87,5727.21,3813.21
2025-04-22,APP_001,Premium Merino Wool Sweater,Apparel & Fashion,79.15,79.99,28.0,84.79,0.0,764,4.61,789,137.08,0.0,Budget,Spring,4,1,Tuesday,22,0,80.57,84.73,95,7519.25,4859.25
2025-04-22,APP_002,Breathable Performance Running Shoes,Apparel & Fashion,89.55,119.99,42.0,111.4,25.0,294,4.33,741,199.94,0.0,Standard,Spring,4,1,Tuesday,22,0,126.43,124.13,198,17730.9,9414.9
2025-04-22,APP_003,Classic Waterproof Trench Coat,Apparel & Fashion,152.17,149.99,55.0,142.69,0.0,139,4.33,752,96.22,0.0,Standard,Spring,4,1,Tuesday,22,0,39.43,38.67,33,5021.61,3206.61
2025-04-22,ELEC_001,Pro Wireless Noise-Cancelling Headphones,Electronics,209.67,199.99,85.0,222.98,0.0,432,4.69,703,82.73,0.0,Standard,Spring,4,1,Tuesday,22,0,68.71,73.23,51,10693.17,6358.17
2025-04-22,ELEC_002,Ultra HD 4K Smart TV 55-inch,Electronics,534.84,549.99,280.0,519.56,0.0,363,4.06,750,128.53,0.0,Standard,Spring,4,1,Tuesday,22,0,34.71,31.47,30,16045.2,7645.2
2025-04-22,ELEC_003,Smart Fitness Watch Gen-4,Electronics,101.12,129.99,50.0,136.28,20.0,131,4.35,736,211.13,0.0,Budget,Spring,4,1,Tuesday,22,0,97.71,98.8,160,16179.2,8179.2
2025-04-22,ELEC_004,Ergonomic Mechanical Keyboard,Electronics,89.93,89.99,35.0,98.15,0.0,89,4.1,726,197.38,0.0,Standard,Spring,4,1,Tuesday,22,0,58.29,61.2,57,5126.01,3131.01
2025-04-22,HOME_001,Espresso Machine & Milk Frother,Home & Living,120.48,159.99,65.0,165.58,25.0,146,4.89,790,160.06,0.0,Budget,Spring,4,1,Tuesday,22,0,54.29,49.7,101,12168.48,5603.48
2025-04-22,HOME_002,Cordless Handheld Vacuum Cleaner,Home & Living,97.07,99.99,40.0,100.6,0.0,301,4.04,702,133.05,0.0,Premium,Spring,4,1,Tuesday,22,0,64.71,61.37,53,5144.71,3024.71
2025-04-22,HOSP_001,Deluxe City Center King Room (Per Night),Hospitality & Stays,173.51,175.0,45.0,169.2,0.0,428,4.02,692,193.97,0.0,Premium,Spring,4,1,Tuesday,22,0,134.14,122.93,94,16309.94,12079.94
2025-04-22,HOSP_002,Executive Skyline Suite (Per Night),Hospitality & Stays,349.08,350.0,90.0,319.94,0.0,463,4.44,693,115.0,0.0,Standard,Spring,4,1,Tuesday,22,0,21.0,22.4,22,7679.76,5699.76
2025-04-22,RIDE_001,Standard Urban Commute Ride (10 km),Rideshare & Mobility,22.28,24.5,8.0,25.13,10.0,217,4.45,753,87.45,0.0,Standard,Spring,4,1,Tuesday,22,0,366.14,320.83,469,10449.32,6697.32
2025-04-22,RIDE_002,Premium Black Airport Transfer,Rideshare & Mobility,64.4,65.0,22.0,66.08,0.0,82,4.39,811,203.05,0.0,Budget,Spring,4,1,Tuesday,22,0,110.29,109.93,102,6568.8,4324.8
2025-04-23,APP_001,Premium Merino Wool Sweater,Apparel & Fashion,78.83,79.99,28.0,80.65,0.0,673,4.8,707,238.8,0.0,Budget,Spring,4,2,Wednesday,23,0,83.71,85.0,91,7173.53,4625.53
2025-04-23,APP_002,Breathable Performance Running Shoes,Apparel & Fashion,116.24,119.99,42.0,122.67,0.0,173,4.15,691,141.07,0.0,Standard,Spring,4,2,Wednesday,23,0,111.71,124.7,121,14065.04,8983.04
2025-04-23,APP_003,Classic Waterproof Trench Coat,Apparel & Fashion,154.61,149.99,55.0,149.67,0.0,101,4.23,717,221.55,0.0,Standard,Spring,4,2,Wednesday,23,0,38.57,38.73,38,5875.18,3785.18
2025-04-23,ELEC_001,Pro Wireless Noise-Cancelling Headphones,Electronics,195.73,199.99,85.0,195.79,0.0,375,4.27,709,72.65,0.0,Standard,Spring,4,2,Wednesday,23,0,64.71,72.97,57,11156.61,6311.61
2025-04-23,ELEC_002,Ultra HD 4K Smart TV 55-inch,Electronics,563.45,549.99,280.0,551.28,0.0,338,4.37,718,152.44,0.0,Budget,Spring,4,2,Wednesday,23,0,33.43,31.43,25,14086.25,7086.25
2025-04-23,ELEC_003,Smart Fitness Watch Gen-4,Electronics,133.0,129.99,50.0,148.18,0.0,681,4.35,751,148.89,0.0,Standard,Spring,4,2,Wednesday,23,0,98.43,98.37,90,11970.0,7470.0
2025-04-23,ELEC_004,Ergonomic Mechanical Keyboard,Electronics,89.13,89.99,35.0,86.27,0.0,565,4.59,753,143.81,0.0,Standard,Spring,4,2,Wednesday,23,0,57.57,61.33,55,4902.15,2977.15
2025-04-23,HOME_001,Espresso Machine & Milk Frother,Home & Living,158.95,159.99,65.0,154.7,0.0,116,4.55,748,141.81,0.0,Premium,Spring,4,2,Wednesday,23,0,52.43,47.87,30,4768.5,2818.5
2025-04-23,HOME_002,Cordless Handheld Vacuum Cleaner,Home & Living,104.95,99.99,40.0,103.06,0.0,233,4.23,707,128.37,0.0,Budget,Spring,4,2,Wednesday,23,0,68.29,61.97,68,7136.6,4416.6
2025-04-23,HOSP_001,Deluxe City Center King Room (Per Night),Hospitality & Stays,170.09,175.0,45.0,145.82,0.0,307,4.47,691,149.42,0.0,Budget,Spring,4,2,Wednesday,23,0,120.57,123.17,121,20580.89,15135.89
2025-04-23,HOSP_002,Executive Skyline Suite (Per Night),Hospitality & Stays,311.64,350.0,90.0,363.51,15.0,435,4.64,759,156.45,0.0,Budget,Spring,4,2,Wednesday,23,0,21.43,22.43,28,8725.92,6205.92
2025-04-23,RIDE_001,Standard Urban Commute Ride (10 km),Rideshare & Mobility,24.92,24.5,8.0,23.65,0.0,688,4.08,650,126.18,0.0,Budget,Spring,4,2,Wednesday,23,0,351.0,322.2,217,5407.64,3671.64
2025-04-23,RIDE_002,Premium Black Airport Transfer,Rideshare & Mobility,63.4,65.0,22.0,68.28,0.0,799,4.07,769,141.92,0.0,Standard,Spring,4,2,Wednesday,23,0,107.71,109.13,82,5198.8,3394.8
2025-04-24,APP_001,Premium Merino Wool Sweater,Apparel & Fashion,79.11,79.99,28.0,84.24,0.0,590,4.29,713,131.31,0.0,Budget,Spring,4,3,Thursday,24,0,82.86,84.8,83,6566.13,4242.13
2025-04-24,APP_002,Breathable Performance Running Shoes,Apparel & Fashion,117.44,119.99,42.0,130.64,0.0,558,4.33,727,145.94,0.0,Budget,Spring,4,3,Thursday,24,0,114.0,126.03,138,16206.72,10410.72
2025-04-24,APP_003,Classic Waterproof Trench Coat,Apparel & Fashion,156.15,149.99,55.0,155.59,0.0,600,4.48,676,134.2,0.0,Premium,Spring,4,3,Thursday,24,0,38.86,38.8,29,4528.35,2933.35
2025-04-24,ELEC_001,Pro Wireless Noise-Cancelling Headphones,Electronics,199.34,199.99,85.0,209.83,0.0,300,4.55,715,196.68,0.0,Standard,Spring,4,3,Thursday,24,0,66.29,72.9,75,14950.5,8575.5
2025-04-24,ELEC_002,Ultra HD 4K Smart TV 55-inch,Electronics,525.84,549.99,280.0,498.84,0.0,311,4.62,695,127.79,0.0,Standard,Spring,4,3,Thursday,24,0,32.86,31.47,27,14197.68,6637.68
2025-04-24,ELEC_003,Smart Fitness Watch Gen-4,Electronics,129.87,129.99,50.0,139.23,0.0,568,4.76,726,146.52,0.0,Budget,Spring,4,3,Thursday,24,0,101.29,98.97,113,14675.31,9025.31
2025-04-24,ELEC_004,Ergonomic Mechanical Keyboard,Electronics,92.05,89.99,35.0,87.02,0.0,516,4.38,792,179.46,0.0,Standard,Spring,4,3,Thursday,24,0,53.71,60.77,49,4510.45,2795.45
2025-04-24,HOME_001,Espresso Machine & Milk Frother,Home & Living,153.23,159.99,65.0,169.65,0.0,647,4.55,724,88.61,0.0,Budget,Spring,4,3,Thursday,24,0,50.86,48.57,58,8887.34,5117.34
2025-04-24,HOME_002,Cordless Handheld Vacuum Cleaner,Home & Living,101.03,99.99,40.0,104.13,0.0,186,4.18,668,177.78,0.0,Standard,Spring,4,3,Thursday,24,0,64.57,61.57,47,4748.41,2868.41
2025-04-24,HOSP_001,Deluxe City Center King Room (Per Night),Hospitality & Stays,166.38,175.0,45.0,184.76,0.0,155,4.23,796,124.67,0.0,Budget,Spring,4,3,Thursday,24,0,121.57,121.77,152,25289.76,18449.76
2025-04-24,HOSP_002,Executive Skyline Suite (Per Night),Hospitality & Stays,351.46,350.0,90.0,315.2,0.0,423,4.24,764,137.07,0.0,Enterprise,Spring,4,3,Thursday,24,0,19.86,22.03,12,4217.52,3137.52
2025-04-24,RIDE_001,Standard Urban Commute Ride (10 km),Rideshare & Mobility,23.89,24.5,8.0,24.3,0.0,344,4.0,764,163.3,0.0,Standard,Spring,4,3,Thursday,24,0,348.29,326.0,344,8218.16,5466.16
2025-04-24,RIDE_002,Premium Black Airport Transfer,Rideshare & Mobility,67.96,65.0,22.0,66.25,0.0,726,4.03,689,134.75,0.0,Premium,Spring,4,3,Thursday,24,0,103.43,106.33,73,4961.08,3355.08
2025-04-25,APP_001,Premium Merino Wool Sweater,Apparel & Fashion,82.1,79.99,28.0,80.62,0.0,514,4.02,741,83.97,0.0,Budget,Spring,4,4,Friday,25,0,85.0,84.87,76,6239.6,4111.6
2025-04-25,APP_002,Breathable Performance Running Shoes,Apparel & Fashion,123.09,119.99,42.0,116.66,0.0,445,4.29,797,126.2,0.0,Budget,Spring,4,4,Friday,25,0,119.43,125.03,113,13909.17,9163.17
2025-04-25,APP_003,Classic Waterproof Trench Coat,Apparel & Fashion,156.05,149.99,55.0,147.3,0.0,565,4.49,698,121.59,0.0,Standard,Spring,4,4,Friday,25,0,35.0,38.83,35,5461.75,3536.75
2025-04-25,ELEC_001,Pro Wireless Noise-Cancelling Headphones,Electronics,193.72,199.99,85.0,193.61,0.0,254,4.7,701,130.16,0.0,Enterprise,Spring,4,4,Friday,25,0,66.14,70.57,46,8911.12,5001.12
2025-04-25,ELEC_002,Ultra HD 4K Smart TV 55-inch,Electronics,471.46,549.99,280.0,544.44,15.0,268,4.85,743,145.47,0.0,Budget,Spring,4,4,Friday,25,0,32.86,31.9,43,20272.78,8232.78
2025-04-25,ELEC_003,Smart Fitness Watch Gen-4,Electronics,126.99,129.99,50.0,131.24,0.0,480,4.72,776,161.65,0.0,Standard,Spring,4,4,Friday,25,0,102.86,99.1,88,11175.12,6775.12
2025-04-25,ELEC_004,Ergonomic Mechanical Keyboard,Electronics,89.69,89.99,35.0,89.55,0.0,475,4.21,769,136.67,0.0,Premium,Spring,4,4,Friday,25,0,49.86,59.9,41,3677.29,2242.29
2025-04-25,HOME_001,Espresso Machine & Milk Frother,Home & Living,156.26,159.99,65.0,160.03,0.0,600,4.5,793,103.79,0.0,Budget,Spring,4,4,Friday,25,0,53.14,48.13,47,7344.22,4289.22
2025-04-25,HOME_002,Cordless Handheld Vacuum Cleaner,Home & Living,104.64,99.99,40.0,99.1,0.0,128,4.71,658,129.86,0.0,Budget,Spring,4,4,Friday,25,0,64.71,60.77,58,6069.12,3749.12
2025-04-25,HOSP_001,Deluxe City Center King Room (Per Night),Hospitality & Stays,174.82,175.0,45.0,186.02,0.0,460,4.85,764,144.53,0.0,Premium,Spring,4,4,Friday,25,0,121.14,121.0,110,19230.2,14280.2
2025-04-25,HOSP_002,Executive Skyline Suite (Per Night),Hospitality & Stays,308.71,350.0,90.0,377.65,10.0,395,4.9,707,96.14,0.0,Standard,Spring,4,4,Friday,25,0,21.0,22.07,28,8643.88,6123.88
2025-04-25,RIDE_001,Standard Urban Commute Ride (10 km),Rideshare & Mobility,25.07,24.5,8.0,24.13,0.0,553,4.76,627,97.86,0.0,Standard,Spring,4,4,Friday,25,0,333.57,331.7,344,8624.08,5872.08
2025-04-25,RIDE_002,Premium Black Airport Transfer,Rideshare & Mobility,48.73,65.0,22.0,67.88,25.0,557,4.67,846,105.12,0.0,Premium,Spring,4,4,Friday,25,0,110.0,108.7,169,8235.37,4517.37
2025-04-26,APP_001,Premium Merino Wool Sweater,Apparel & Fashion,79.3,79.99,28.0,79.21,0.0,421,4.01,742,175.37,0.0,Budget,Spring,4,5,Saturday,26,1,86.43,84.87,93,7374.9,4770.9
2025-04-26,APP_002,Breathable Performance Running Shoes,Apparel & Fashion,124.64,119.99,42.0,116.04,0.0,358,4.21,699,139.9,0.0,Standard,Spring,4,5,Saturday,26,1,120.0,124.57,87,10843.68,7189.68
2025-04-26,APP_003,Classic Waterproof Trench Coat,Apparel & Fashion,144.91,149.99,55.0,140.95,0.0,527,4.09,607,133.89,0.0,Budget,Spring,4,5,Saturday,26,1,36.0,38.5,38,5506.58,3416.58
2025-04-26,ELEC_001,Pro Wireless Noise-Cancelling Headphones,Electronics,193.07,199.99,85.0,214.19,0.0,186,4.73,701,121.79,0.0,Standard,Spring,4,5,Saturday,26,1,61.14,70.47,68,13128.76,7348.76
2025-04-26,ELEC_002,Ultra HD 4K Smart TV 55-inch,Electronics,551.17,549.99,280.0,573.44,0.0,241,4.81,836,159.16,0.0,Premium,Spring,4,5,Saturday,26,1,32.57,32.07,27,14881.59,7321.59
2025-04-26,ELEC_003,Smart Fitness Watch Gen-4,Electronics,130.48,129.99,50.0,136.77,0.0,387,4.04,728,119.76,0.0,Budget,Spring,4,5,Saturday,26,1,105.86,99.57,93,12134.64,7484.64
2025-04-26,ELEC_004,Ergonomic Mechanical Keyboard,Electronics,89.82,89.99,35.0,97.19,0.0,413,4.04,774,144.81,0.0,Budget,Spring,4,5,Saturday,26,1,51.86,59.93,62,5568.84,3398.84
2025-04-26,HOME_001,Espresso Machine & Milk Frother,Home & Living,166.73,159.99,65.0,152.79,0.0,561,4.15,736,217.93,0.0,Budget,Spring,4,5,Saturday,26,1,53.0,48.23,39,6502.47,3967.47
2025-04-26,HOME_002,Cordless Handheld Vacuum Cleaner,Home & Living,76.21,99.99,40.0,98.0,20.0,417,4.43,700,202.08,0.0,Budget,Spring,4,5,Saturday,26,1,73.86,62.97,128,9754.88,4634.88
2025-04-26,HOSP_001,Deluxe City Center King Room (Per Night),Hospitality & Stays,191.88,175.0,45.0,164.22,0.0,360,4.24,709,210.75,0.0,Premium,Spring,4,5,Saturday,26,1,119.43,121.27,100,19188.0,14688.0
2025-04-26,HOSP_002,Executive Skyline Suite (Per Night),Hospitality & Stays,411.07,350.0,90.0,349.34,0.0,373,4.19,648,152.7,0.0,Budget,Spring,4,5,Saturday,26,1,21.0,22.07,22,9043.54,7063.54
2025-04-26,RIDE_001,Standard Urban Commute Ride (10 km),Rideshare & Mobility,20.15,24.5,8.0,24.42,20.0,502,4.14,843,165.11,0.0,Standard,Spring,4,5,Saturday,26,1,368.57,339.87,553,11142.95,6718.95
2025-04-26,RIDE_002,Premium Black Airport Transfer,Rideshare & Mobility,68.24,65.0,22.0,65.84,0.0,442,4.35,689,145.72,0.0,Standard,Spring,4,5,Saturday,26,1,108.43,109.3,115,7847.6,5317.6
2025-04-27,APP_001,Premium Merino Wool Sweater,Apparel & Fashion,79.94,79.99,28.0,78.52,0.0,336,4.08,722,134.01,0.0,Budget,Spring,4,6,Sunday,27,1,85.29,83.97,85,6794.9,4414.9
2025-04-27,APP_002,Breathable Performance Running Shoes,Apparel & Fashion,118.89,119.99,42.0,124.73,0.0,264,4.9,626,140.72,0.0,Premium,Spring,4,6,Sunday,27,1,120.57,125.03,94,11175.66,7227.66
2025-04-27,APP_003,Classic Waterproof Trench Coat,Apparel & Fashion,118.85,149.99,55.0,144.75,20.0,446,4.46,675,142.61,0.0,Budget,Spring,4,6,Sunday,27,1,42.14,40.03,81,9626.85,5171.85
2025-04-27,ELEC_001,Pro Wireless Noise-Cancelling Headphones,Electronics,187.92,199.99,85.0,215.46,5.0,122,4.25,821,125.81,0.0,Premium,Spring,4,6,Sunday,27,1,59.71,71.1,64,12026.88,6586.88
2025-04-27,ELEC_002,Ultra HD 4K Smart TV 55-inch,Electronics,563.73,549.99,280.0,584.45,0.0,210,4.82,751,99.2,0.0,Budget,Spring,4,6,Sunday,27,1,30.29,31.8,31,17475.63,8795.63
2025-04-27,ELEC_003,Smart Fitness Watch Gen-4,Electronics,125.81,129.99,50.0,141.47,0.0,306,4.07,678,125.8,0.0,Premium,Spring,4,6,Sunday,27,1,103.86,100.33,81,10190.61,6140.61
2025-04-27,ELEC_004,Ergonomic Mechanical Keyboard,Electronics,87.78,89.99,35.0,95.24,0.0,346,4.69,811,105.41,0.0,Standard,Spring,4,6,Sunday,27,1,54.71,59.93,67,5881.26,3536.26
2025-04-27,HOME_001,Espresso Machine & Milk Frother,Home & Living,156.68,159.99,65.0,155.21,0.0,508,4.84,726,173.3,0.0,Budget,Spring,4,6,Sunday,27,1,52.86,48.73,53,8304.04,4859.04
2025-04-27,HOME_002,Cordless Handheld Vacuum Cleaner,Home & Living,97.37,99.99,40.0,96.76,5.0,356,4.82,706,171.25,0.0,Standard,Spring,4,6,Sunday,27,1,67.0,62.87,61,5939.57,3499.57
2025-04-27,HOSP_001,Deluxe City Center King Room (Per Night),Hospitality & Stays,199.82,175.0,45.0,179.21,0.0,218,4.72,792,176.97,0.0,Budget,Spring,4,6,Sunday,27,1,125.86,121.73,142,28374.44,21984.44
2025-04-27,HOSP_002,Executive Skyline Suite (Per Night),Hospitality & Stays,388.05,350.0,90.0,339.99,0.0,349,4.82,690,138.58,0.0,Budget,Spring,4,6,Sunday,27,1,22.57,22.17,24,9313.2,7153.2
2025-04-27,RIDE_001,Standard Urban Commute Ride (10 km),Rideshare & Mobility,25.07,24.5,8.0,24.74,0.0,99,4.44,697,76.96,0.0,Budget,Spring,4,6,Sunday,27,1,384.0,342.9,403,10103.21,6879.21
2025-04-27,RIDE_002,Premium Black Airport Transfer,Rideshare & Mobility,63.11,65.0,22.0,62.76,0.0,289,4.35,743,185.52,0.0,Standard,Spring,4,6,Sunday,27,1,111.57,109.97,153,9655.83,6289.83
2025-04-28,APP_001,Premium Merino Wool Sweater,Apparel & Fashion,65.85,79.99,28.0,81.99,20.0,206,4.07,649,152.62,0.0,Budget,Spring,4,0,Monday,28,0,93.29,85.5,130,8560.5,4920.5
2025-04-28,APP_002,Breathable Performance Running Shoes,Apparel & Fashion,125.16,119.99,42.0,125.48,0.0,161,4.11,763,174.6,0.0,Standard,Spring,4,0,Monday,28,0,122.0,125.17,103,12891.48,8565.48
2025-04-28,APP_003,Classic Waterproof Trench Coat,Apparel & Fashion,149.56,149.99,55.0,153.1,0.0,418,4.21,759,219.6,0.0,Premium,Spring,4,0,Monday,28,0,40.29,39.5,28,4187.68,2647.68
2025-04-28,ELEC_001,Pro Wireless Noise-Cancelling Headphones,Electronics,204.69,199.99,85.0,199.3,0.0,500,4.25,724,140.58,0.0,Standard,Spring,4,0,Monday,28,0,59.86,70.73,58,11872.02,6942.02
2025-04-28,ELEC_002,Ultra HD 4K Smart TV 55-inch,Electronics,553.02,549.99,280.0,532.68,0.0,183,4.53,696,226.81,0.0,Budget,Spring,4,0,Monday,28,0,30.0,32.03,27,14931.54,7371.54
2025-04-28,ELEC_003,Smart Fitness Watch Gen-4,Electronics,126.9,129.99,50.0,133.27,0.0,215,4.11,804,255.52,0.0,Standard,Spring,4,0,Monday,28,0,102.29,100.97,91,11547.9,6997.9
2025-04-28,ELEC_004,Ergonomic Mechanical Keyboard,Electronics,89.28,89.99,35.0,89.29,0.0,288,4.76,676,98.9,0.0,Standard,Spring,4,0,Monday,28,0,55.57,59.7,58,5178.24,3148.24
2025-04-28,HOME_001,Espresso Machine & Milk Frother,Home & Living,124.38,159.99,65.0,151.49,25.0,446,4.32,784,90.78,0.0,Budget,Spring,4,0,Monday,28,0,55.71,49.03,62,7711.56,3681.56
2025-04-28,HOME_002,Cordless Handheld Vacuum Cleaner,Home & Living,99.84,99.99,40.0,91.03,0.0,288,4.65,694,120.56,0.0,Budget,Spring,4,0,Monday,28,0,69.0,63.23,68,6789.12,4069.12
2025-04-28,HOSP_001,Deluxe City Center King Room (Per Night),Hospitality & Stays,167.76,175.0,45.0,173.49,0.0,542,4.32,738,190.13,0.0,Budget,Spring,4,0,Monday,28,0,123.57,123.17,146,24492.96,17922.96
2025-04-28,HOSP_002,Executive Skyline Suite (Per Night),Hospitality & Stays,340.46,350.0,90.0,362.16,0.0,328,4.78,708,175.26,0.0,Premium,Spring,4,0,Monday,28,0,22.43,22.0,21,7149.66,5259.66
2025-04-28,RIDE_001,Standard Urban Commute Ride (10 km),Rideshare & Mobility,23.45,24.5,8.0,25.18,0.0,714,4.49,674,150.71,0.0,Enterprise,Spring,4,0,Monday,28,0,347.0,343.07,99,2321.55,1529.55
2025-04-28,RIDE_002,Premium Black Airport Transfer,Rideshare & Mobility,63.04,65.0,22.0,60.59,0.0,165,4.77,808,144.93,0.0,Standard,Spring,4,0,Monday,28,0,116.86,110.37,124,7816.96,5088.96
2025-04-29,APP_001,Premium Merino Wool Sweater,Apparel & Fashion,59.08,79.99,28.0,79.92,25.0,619,4.17,730,142.07,0.0,Budget,Spring,4,1,Tuesday,29,0,105.71,88.6,182,10752.56,5656.56
2025-04-29,APP_002,Breathable Performance Running Shoes,Apparel & Fashion,121.74,119.99,42.0,116.99,0.0,504,4.85,634,138.39,0.0,Standard,Spring,4,1,Tuesday,29,0,107.43,125.4,96,11687.04,7655.04
2025-04-29,APP_003,Classic Waterproof Trench Coat,Apparel & Fashion,151.76,149.99,55.0,149.16,0.0,386,4.06,723,164.14,0.0,Premium,Spring,4,1,Tuesday,29,0,40.14,39.63,32,4856.32,3096.32
2025-04-29,ELEC_001,Pro Wireless Noise-Cancelling Headphones,Electronics,181.66,199.99,85.0,206.94,5.0,416,4.79,682,186.3,0.0,Standard,Spring,4,1,Tuesday,29,0,64.57,71.7,84,15259.44,8119.44
2025-04-29,ELEC_002,Ultra HD 4K Smart TV 55-inch,Electronics,544.51,549.99,280.0,509.04,0.0,158,4.73,740,192.74,0.0,Premium,Spring,4,1,Tuesday,29,0,29.29,31.87,25,13612.75,6612.75
2025-04-29,ELEC_003,Smart Fitness Watch Gen-4,Electronics,135.21,129.99,50.0,115.5,0.0,148,4.15,715,109.86,0.0,Standard,Spring,4,1,Tuesday,29,0,89.0,100.5,67,9059.07,5709.07
2025-04-29,ELEC_004,Ergonomic Mechanical Keyboard,Electronics,69.11,89.99,35.0,78.65,20.0,198,4.74,743,125.59,0.0,Standard,Spring,4,1,Tuesday,29,0,60.29,60.8,90,6219.9,3069.9
2025-04-29,HOME_001,Espresso Machine & Milk Frother,Home & Living,162.39,159.99,65.0,161.21,0.0,406,4.19,820,133.59,0.0,Budget,Spring,4,1,Tuesday,29,0,47.0,48.63,40,6495.6,3895.6
2025-04-29,HOME_002,Cordless Handheld Vacuum Cleaner,Home & Living,97.96,99.99,40.0,99.81,0.0,215,4.78,798,134.0,0.0,Standard,Spring,4,1,Tuesday,29,0,71.86,64.03,73,7151.08,4231.08
2025-04-29,HOSP_001,Deluxe City Center King Room (Per Night),Hospitality & Stays,180.3,175.0,45.0,176.98,0.0,401,4.04,729,177.2,0.0,Budget,Spring,4,1,Tuesday,29,0,130.29,124.17,141,25422.3,19077.3
2025-04-29,HOSP_002,Executive Skyline Suite (Per Night),Hospitality & Stays,340.33,350.0,90.0,350.5,0.0,308,4.5,855,158.83,0.0,Premium,Spring,4,1,Tuesday,29,0,22.14,22.17,20,6806.6,5006.6
2025-04-29,RIDE_001,Standard Urban Commute Ride (10 km),Rideshare & Mobility,24.73,24.5,8.0,25.66,0.0,388,4.42,779,188.65,0.0,Standard,Spring,4,1,Tuesday,29,0,326.57,338.67,326,8061.98,5453.98
2025-04-29,RIDE_002,Premium Black Airport Transfer,Rideshare & Mobility,63.77,65.0,22.0,55.33,0.0,758,4.58,832,187.63,0.0,Standard,Spring,4,1,Tuesday,29,0,116.0,110.0,96,6121.92,4009.92
2025-04-30,APP_001,Premium Merino Wool Sweater,Apparel & Fashion,72.31,79.99,28.0,81.57,10.0,495,4.67,651,87.19,0.0,Budget,Spring,4,2,Wednesday,30,0,110.43,89.73,124,8966.44,5494.44
2025-04-30,APP_002,Breathable Performance Running Shoes,Apparel & Fashion,110.22,119.99,42.0,111.37,5.0,409,4.85,804,104.17,0.0,Premium,Spring,4,2,Wednesday,30,0,103.71,124.73,95,10470.9,6480.9
2025-04-30,APP_003,Classic Waterproof Trench Coat,Apparel & Fashion,153.05,149.99,55.0,145.13,0.0,350,4.71,708,139.06,0.0,Budget,Spring,4,2,Wednesday,30,0,39.86,39.57,36,5509.8,3529.8
2025-04-30,ELEC_001,Pro Wireless Noise-Cancelling Headphones,Electronics,204.67,199.99,85.0,205.44,0.0,347,4.47,838,134.87,0.0,Budget,Spring,4,2,Wednesday,30,0,66.29,70.1,69,14122.23,8257.23
2025-04-30,ELEC_002,Ultra HD 4K Smart TV 55-inch,Electronics,558.96,549.99,280.0,547.04,0.0,134,4.61,787,111.06,0.0,Premium,Spring,4,2,Wednesday,30,0,29.14,31.63,24,13415.04,6695.04
2025-04-30,ELEC_003,Smart Fitness Watch Gen-4,Electronics,135.84,129.99,50.0,131.72,0.0,85,4.06,745,125.98,0.0,Premium,Spring,4,2,Wednesday,30,0,85.14,99.67,63,8557.92,5407.92
2025-04-30,ELEC_004,Ergonomic Mechanical Keyboard,Electronics,87.89,89.99,35.0,98.08,0.0,144,4.69,814,135.59,0.0,Standard,Spring,4,2,Wednesday,30,0,60.14,60.9,54,4746.06,2856.06
2025-04-30,HOME_001,Espresso Machine & Milk Frother,Home & Living,154.32,159.99,65.0,150.09,0.0,358,4.59,719,148.61,0.0,Budget,Spring,4,2,Wednesday,30,0,49.57,48.97,48,7407.36,4287.36
2025-04-30,HOME_002,Cordless Handheld Vacuum Cleaner,Home & Living,97.72,99.99,40.0,98.54,0.0,137,4.8,733,161.94,0.0,Budget,Spring,4,2,Wednesday,30,0,73.29,64.4,78,7622.16,4502.16
2025-04-30,HOSP_001,Deluxe City Center King Room (Per Night),Hospitality & Stays,166.83,175.0,45.0,179.64,0.0,267,4.51,659,140.72,0.0,Standard,Spring,4,2,Wednesday,30,0,132.14,125.23,134,22355.22,16325.22
2025-04-30,HOSP_002,Executive Skyline Suite (Per Night),Hospitality & Stays,355.97,350.0,90.0,374.05,0.0,294,4.58,687,130.02,0.0,Enterprise,Spring,4,2,Wednesday,30,0,20.14,21.97,14,4983.58,3723.58
2025-04-30,RIDE_001,Standard Urban Commute Ride (10 km),Rideshare & Mobility,25.02,24.5,8.0,24.79,0.0,97,4.56,778,191.88,0.0,Premium,Spring,4,2,Wednesday,30,0,337.14,336.23,291,7280.82,4952.82
2025-04-30,RIDE_002,Premium Black Airport Transfer,Rideshare & Mobility,62.26,65.0,22.0,66.64,0.0,654,4.54,815,150.05,0.0,Standard,Spring,4,2,Wednesday,30,0,119.14,110.3,104,6475.04,4187.04
2025-05-01,APP_001,Premium Merino Wool Sweater,Apparel & Fashion,80.09,79.99,28.0,77.59,0.0,391,4.66,801,190.22,0.0,Budget,Spring,5,3,Thursday,1,0,113.43,90.93,104,8329.36,5417.36
2025-05-01,APP_002,Breathable Performance Running Shoes,Apparel & Fashion,125.34,119.99,42.0,128.0,0.0,304,4.19,786,219.93,0.0,Standard,Spring,5,3,Thursday,1,0,99.0,124.73,105,13160.7,8750.7
2025-05-01,APP_003,Classic Waterproof Trench Coat,Apparel & Fashion,144.16,149.99,55.0,151.1,0.0,309,4.26,735,140.77,0.0,Standard,Spring,5,3,Thursday,1,0,41.57,38.73,41,5910.56,3655.56
2025-05-01,ELEC_001,Pro Wireless Noise-Cancelling Headphones,Electronics,208.59,199.99,85.0,195.35,0.0,299,4.1,692,112.87,0.0,Premium,Spring,5,3,Thursday,1,0,62.43,68.7,48,10012.32,5932.32
2025-05-01,ELEC_002,Ultra HD 4K Smart TV 55-inch,Electronics,530.09,549.99,280.0,542.38,0.0,99,4.77,762,231.99,0.0,Budget,Spring,5,3,Thursday,1,0,30.29,32.1,35,18553.15,8753.15
2025-05-01,ELEC_003,Smart Fitness Watch Gen-4,Electronics,125.44,129.99,50.0,143.22,0.0,723,4.03,757,135.51,0.0,Budget,Spring,5,3,Thursday,1,0,81.14,99.53,85,10662.4,6412.4
2025-05-01,ELEC_004,Ergonomic Mechanical Keyboard,Electronics,91.65,89.99,35.0,90.75,0.0,102,4.33,702,72.03,0.0,Premium,Spring,5,3,Thursday,1,0,59.14,60.2,42,3849.3,2379.3
2025-05-01,HOME_001,Espresso Machine & Milk Frother,Home & Living,161.33,159.99,65.0,159.68,0.0,329,4.57,619,137.15,0.0,Enterprise,Spring,5,3,Thursday,1,0,45.43,48.7,29,4678.57,2793.57
2025-05-01,HOME_002,Cordless Handheld Vacuum Cleaner,Home & Living,98.89,99.99,40.0,98.52,0.0,652,4.74,779,122.97,0.0,Standard,Spring,5,3,Thursday,1,0,76.14,64.7,67,6625.63,3945.63
2025-05-01,HOSP_001,Deluxe City Center King Room (Per Night),Hospitality & Stays,177.6,175.0,45.0,169.98,0.0,153,4.42,648,145.97,0.0,Standard,Spring,5,3,Thursday,1,0,126.71,125.0,114,20246.4,15116.4
2025-05-01,HOSP_002,Executive Skyline Suite (Per Night),Hospitality & Stays,345.1,350.0,90.0,349.25,0.0,272,4.7,709,165.9,0.0,Standard,Spring,5,3,Thursday,1,0,21.57,21.97,22,7592.2,5612.2
2025-05-01,RIDE_001,Standard Urban Commute Ride (10 km),Rideshare & Mobility,24.64,24.5,8.0,23.82,0.0,715,4.59,692,71.87,0.0,Budget,Spring,5,3,Thursday,1,0,301.86,328.0,97,2390.08,1614.08
2025-05-01,RIDE_002,Premium Black Airport Transfer,Rideshare & Mobility,66.51,65.0,22.0,62.22,0.0,576,4.84,682,170.72,0.0,Premium,Spring,5,3,Thursday,1,0,119.86,109.37,78,5187.78,3471.78
2025-05-02,APP_001,Premium Merino Wool Sweater,Apparel & Fashion,65.46,79.99,28.0,79.71,15.0,245,4.45,778,72.99,0.0,Budget,Spring,5,4,Friday,2,0,123.43,93.17,146,9557.16,5469.16
2025-05-02,APP_002,Breathable Performance Running Shoes,Apparel & Fashion,123.13,119.99,42.0,120.24,0.0,233,4.47,769,120.27,0.0,Enterprise,Spring,5,4,Friday,2,0,93.0,124.37,71,8742.23,5760.23
2025-05-02,APP_003,Classic Waterproof Trench Coat,Apparel & Fashion,121.24,149.99,55.0,143.81,20.0,257,4.81,713,114.56,0.0,Standard,Spring,5,4,Friday,2,0,44.0,39.57,52,6304.48,3444.48
2025-05-02,ELEC_001,Pro Wireless Noise-Cancelling Headphones,Electronics,190.09,199.99,85.0,199.57,0.0,220,4.74,769,159.19,0.0,Budget,Spring,5,4,Friday,2,0,67.14,69.7,79,15017.11,8302.11
2025-05-02,ELEC_002,Ultra HD 4K Smart TV 55-inch,Electronics,545.08,549.99,280.0,571.76,0.0,679,4.19,781,151.36,0.0,Premium,Spring,5,4,Friday,2,0,27.71,32.17,25,13627.0,6627.0
2025-05-02,ELEC_003,Smart Fitness Watch Gen-4,Electronics,124.59,129.99,50.0,134.18,0.0,626,4.23,749,140.43,0.0,Standard,Spring,5,4,Friday,2,0,82.43,99.57,97,12085.23,7235.23
2025-05-02,ELEC_004,Ergonomic Mechanical Keyboard,Electronics,88.48,89.99,35.0,93.78,0.0,629,4.81,756,183.7,0.0,Standard,Spring,5,4,Friday,2,0,63.43,60.57,71,6282.08,3797.08
2025-05-02,HOME_001,Espresso Machine & Milk Frother,Home & Living,156.0,159.99,65.0,160.68,0.0,281,4.68,751,164.06,0.0,Standard,Spring,5,4,Friday,2,0,45.57,48.9,48,7488.0,4368.0
2025-05-02,HOME_002,Cordless Handheld Vacuum Cleaner,Home & Living,101.25,99.99,40.0,104.89,0.0,590,4.16,780,155.7,0.0,Standard,Spring,5,4,Friday,2,0,76.71,65.0,62,6277.5,3797.5
2025-05-02,HOSP_001,Deluxe City Center King Room (Per Night),Hospitality & Stays,172.01,175.0,45.0,175.54,0.0,467,4.42,657,177.75,0.0,Premium,Spring,5,4,Friday,2,0,124.86,123.53,97,16684.97,12319.97
2025-05-02,HOSP_002,Executive Skyline Suite (Per Night),Hospitality & Stays,366.43,350.0,90.0,366.54,0.0,252,4.65,749,164.11,0.0,Standard,Spring,5,4,Friday,2,0,20.43,21.83,20,7328.6,5528.6
2025-05-02,RIDE_001,Standard Urban Commute Ride (10 km),Rideshare & Mobility,23.9,24.5,8.0,24.33,0.0,232,4.65,687,177.58,0.0,Budget,Spring,5,4,Friday,2,0,321.71,334.87,483,11543.7,7679.7
2025-05-02,RIDE_002,Premium Black Airport Transfer,Rideshare & Mobility,63.21,65.0,22.0,67.16,0.0,470,4.67,708,160.26,0.0,Premium,Spring,5,4,Friday,2,0,110.86,110.27,106,6700.26,4368.26
2025-05-03,APP_001,Premium Merino Wool Sweater,Apparel & Fashion,79.87,79.99,28.0,78.34,0.0,169,4.18,796,136.1,0.0,Budget,Spring,5,5,Saturday,3,1,121.0,93.2,76,6070.12,3942.12
2025-05-03,APP_002,Breathable Performance Running Shoes,Apparel & Fashion,99.54,119.99,42.0,118.6,15.0,540,4.28,668,176.47,0.0,Standard,Spring,5,5,Saturday,3,1,106.86,123.7,184,18315.36,10587.36
2025-05-03,APP_003,Classic Waterproof Trench Coat,Apparel & Fashion,153.86,149.99,55.0,138.57,0.0,227,4.74,715,197.66,0.0,Standard,Spring,5,5,Saturday,3,1,42.86,39.2,30,4615.8,2965.8
2025-05-03,ELEC_001,Pro Wireless Noise-Cancelling Headphones,Electronics,193.85,199.99,85.0,215.66,0.0,155,4.08,761,176.1,0.0,Budget,Spring,5,5,Saturday,3,1,66.71,68.27,65,12600.25,7075.25
2025-05-03,ELEC_002,Ultra HD 4K Smart TV 55-inch,Electronics,486.5,549.99,280.0,573.8,10.0,642,4.05,729,227.05,0.0,Standard,Spring,5,5,Saturday,3,1,29.14,32.63,37,18000.5,7640.5
2025-05-03,ELEC_003,Smart Fitness Watch Gen-4,Electronics,129.3,129.99,50.0,133.0,0.0,557,4.28,805,69.03,0.0,Premium,Spring,5,5,Saturday,3,1,79.0,98.27,69,8921.7,5471.7
2025-05-03,ELEC_004,Ergonomic Mechanical Keyboard,Electronics,87.06,89.99,35.0,88.72,0.0,589,4.56,741,147.16,0.0,Enterprise,Spring,5,5,Saturday,3,1,60.29,60.13,40,3482.4,2082.4
2025-05-03,HOME_001,Espresso Machine & Milk Frother,Home & Living,152.26,159.99,65.0,155.79,0.0,226,4.58,687,121.23,0.0,Budget,Spring,5,5,Saturday,3,1,47.86,49.47,55,8374.3,4799.3
2025-05-03,HOME_002,Cordless Handheld Vacuum Cleaner,Home & Living,95.16,99.99,40.0,95.94,0.0,524,4.01,715,168.21,0.0,Standard,Spring,5,5,Saturday,3,1,67.86,65.27,66,6280.56,3640.56
2025-05-03,HOSP_001,Deluxe City Center King Room (Per Night),Hospitality & Stays,170.61,175.0,45.0,169.39,20.0,295,4.19,709,180.17,0.0,Budget,Spring,5,5,Saturday,3,1,135.14,123.53,172,29344.92,21604.92
2025-05-03,HOSP_002,Executive Skyline Suite (Per Night),Hospitality & Stays,394.35,350.0,90.0,365.14,0.0,231,4.82,675,167.23,0.0,Standard,Spring,5,5,Saturday,3,1,20.29,21.7,21,8281.35,6391.35
2025-05-03,RIDE_001,Standard Urban Commute Ride (10 km),Rideshare & Mobility,23.47,24.5,8.0,26.18,0.0,707,4.76,669,190.0,0.0,Premium,Spring,5,5,Saturday,3,1,275.86,329.77,232,5445.04,3589.04
2025-05-03,RIDE_002,Premium Black Airport Transfer,Rideshare & Mobility,64.79,65.0,22.0,64.13,0.0,346,4.56,778,144.95,0.0,Standard,Spring,5,5,Saturday,3,1,112.14,111.17,124,8033.96,5305.96
2025-05-04,APP_001,Premium Merino Wool Sweater,Apparel & Fashion,80.56,79.99,28.0,73.06,0.0,94,4.13,639,123.76,0.0,Standard,Spring,5,6,Sunday,4,1,119.57,93.23,75,6042.0,3942.0
2025-05-04,APP_002,Breathable Performance Running Shoes,Apparel & Fashion,114.65,119.99,42.0,121.56,0.0,439,4.05,747,197.32,0.0,Standard,Spring,5,6,Sunday,4,1,107.86,122.3,101,11579.65,7337.65
2025-05-04,APP_003,Classic Waterproof Trench Coat,Apparel & Fashion,153.6,149.99,55.0,149.33,0.0,195,4.7,772,149.9,0.0,Standard,Spring,5,6,Sunday,4,1,35.86,37.9,32,4915.2,3155.2
2025-05-04,ELEC_001,Pro Wireless Noise-Cancelling Headphones,Electronics,190.36,199.99,85.0,197.78,0.0,508,4.39,755,135.95,0.0,Budget,Spring,5,6,Sunday,4,1,69.43,68.87,83,15799.88,8744.88
2025-05-04,ELEC_002,Ultra HD 4K Smart TV 55-inch,Electronics,539.72,549.99,280.0,522.65,0.0,617,4.57,727,182.86,0.0,Premium,Spring,5,6,Sunday,4,1,28.29,32.67,25,13493.0,6493.0
2025-05-04,ELEC_003,Smart Fitness Watch Gen-4,Electronics,95.29,129.99,50.0,136.55,25.0,378,4.28,682,136.13,0.0,Budget,Spring,5,6,Sunday,4,1,93.0,99.33,179,17056.91,8106.91
2025-05-04,ELEC_004,Ergonomic Mechanical Keyboard,Electronics,93.64,89.99,35.0,89.22,0.0,538,4.78,701,142.66,0.0,Standard,Spring,5,6,Sunday,4,1,58.0,60.2,51,4775.64,2990.64
2025-05-04,HOME_001,Espresso Machine & Milk Frother,Home & Living,163.31,159.99,65.0,157.56,0.0,182,4.74,759,153.78,0.0,Standard,Spring,5,6,Sunday,4,1,46.57,49.27,44,7185.64,4325.64
2025-05-04,HOME_002,Cordless Handheld Vacuum Cleaner,Home & Living,102.19,99.99,40.0,99.87,0.0,462,4.05,758,153.86,0.0,Standard,Spring,5,6,Sunday,4,1,68.0,64.3,62,6335.78,3855.78
2025-05-04,HOSP_001,Deluxe City Center King Room (Per Night),Hospitality & Stays,207.87,175.0,45.0,185.75,0.0,187,4.2,684,122.32,0.0,Standard,Spring,5,6,Sunday,4,1,130.29,123.37,108,22449.96,17589.96
2025-05-04,HOSP_002,Executive Skyline Suite (Per Night),Hospitality & Stays,364.15,350.0,90.0,363.19,0.0,205,4.69,841,107.15,0.0,Standard,Spring,5,6,Sunday,4,1,20.57,21.8,26,9467.9,7127.9
2025-05-04,RIDE_001,Standard Urban Commute Ride (10 km),Rideshare & Mobility,17.5,24.5,8.0,25.46,25.0,635,4.16,792,130.21,0.0,Budget,Spring,5,6,Sunday,4,1,319.29,338.63,707,12372.5,6716.5
2025-05-04,RIDE_002,Premium Black Airport Transfer,Rideshare & Mobility,66.47,65.0,22.0,58.38,0.0,211,4.43,748,141.53,0.0,Budget,Spring,5,6,Sunday,4,1,109.57,109.07,135,8973.45,6003.45
2025-05-05,APP_001,Premium Merino Wool Sweater,Apparel & Fashion,80.86,79.99,28.0,82.38,0.0,597,4.35,764,213.03,0.0,Premium,Spring,5,0,Monday,5,0,110.29,92.87,65,5255.9,3435.9
2025-05-05,APP_002,Breathable Performance Running Shoes,Apparel & Fashion,122.5,119.99,42.0,119.52,0.0,337,4.87,753,117.28,0.0,Standard,Spring,5,0,Monday,5,0,107.71,119.3,102,12495.0,8211.0
2025-05-05,APP_003,Classic Waterproof Trench Coat,Apparel & Fashion,148.88,149.99,55.0,149.5,0.0,160,4.17,740,128.92,0.0,Standard,Spring,5,0,Monday,5,0,36.86,38.03,35,5210.8,3285.8
2025-05-05,ELEC_001,Pro Wireless Noise-Cancelling Headphones,Electronics,204.15,199.99,85.0,195.53,0.0,448,4.06,757,77.6,0.0,Standard,Spring,5,0,Monday,5,0,69.71,68.83,60,12249.0,7149.0
2025-05-05,ELEC_002,Ultra HD 4K Smart TV 55-inch,Electronics,564.58,549.99,280.0,563.31,0.0,585,4.13,774,199.51,0.0,Budget,Spring,5,0,Monday,5,0,29.0,31.6,32,18066.56,9106.56
2025-05-05,ELEC_003,Smart Fitness Watch Gen-4,Electronics,119.18,129.99,50.0,135.72,10.0,270,4.09,743,155.04,0.0,Standard,Spring,5,0,Monday,5,0,95.43,99.27,108,12871.44,7471.44
2025-05-05,ELEC_004,Ergonomic Mechanical Keyboard,Electronics,68.75,89.99,35.0,95.62,25.0,433,4.19,688,220.05,0.0,Budget,Spring,5,0,Monday,5,0,64.71,61.9,105,7218.75,3543.75
2025-05-05,HOME_001,Espresso Machine & Milk Frother,Home & Living,158.93,159.99,65.0,161.67,0.0,138,4.34,805,59.79,0.0,Budget,Spring,5,0,Monday,5,0,44.0,49.5,44,6992.92,4132.92
2025-05-05,HOME_002,Cordless Handheld Vacuum Cleaner,Home & Living,102.6,99.99,40.0,103.87,0.0,399,4.58,784,184.08,0.0,Standard,Spring,5,0,Monday,5,0,67.29,64.67,63,6463.8,3943.8
2025-05-05,HOSP_001,Deluxe City Center King Room (Per Night),Hospitality & Stays,180.61,175.0,45.0,173.93,0.0,757,4.12,801,168.6,0.0,Standard,Spring,5,0,Monday,5,0,124.86,123.5,108,19505.88,14645.88
2025-05-05,HOSP_002,Executive Skyline Suite (Per Night),Hospitality & Stays,360.83,350.0,90.0,343.28,0.0,188,4.47,754,103.42,0.0,Premium,Spring,5,0,Monday,5,0,20.0,21.73,17,6134.11,4604.11
2025-05-05,RIDE_001,Standard Urban Commute Ride (10 km),Rideshare & Mobility,25.15,24.5,8.0,23.5,0.0,193,4.68,806,210.84,0.0,Budget,Spring,5,0,Monday,5,0,368.29,347.0,442,11116.3,7580.3
2025-05-05,RIDE_002,Premium Black Airport Transfer,Rideshare & Mobility,62.02,65.0,22.0,72.08,0.0,600,4.46,785,95.45,0.0,Standard,Spring,5,0,Monday,5,0,111.86,109.83,140,8682.8,5602.8
2025-05-06,APP_001,Premium Merino Wool Sweater,Apparel & Fashion,81.36,79.99,28.0,80.02,0.0,535,4.76,688,169.01,0.0,Premium,Spring,5,1,Tuesday,6,0,93.14,92.23,62,5044.32,3308.32
2025-05-06,APP_002,Breathable Performance Running Shoes,Apparel & Fashion,121.17,119.99,42.0,113.7,0.0,257,4.34,784,111.8,0.0,Premium,Spring,5,1,Tuesday,6,0,105.43,118.3,80,9693.6,6333.6
2025-05-06,APP_003,Classic Waterproof Trench Coat,Apparel & Fashion,144.53,149.99,55.0,137.03,0.0,119,4.79,807,150.88,0.0,Standard,Spring,5,1,Tuesday,6,0,38.14,38.43,41,5925.73,3670.73
2025-05-06,ELEC_001,Pro Wireless Noise-Cancelling Headphones,Electronics,190.48,199.99,85.0,194.4,0.0,400,4.02,768,144.76,0.0,Premium,Spring,5,1,Tuesday,6,0,64.57,68.27,48,9143.04,5063.04
2025-05-06,ELEC_002,Ultra HD 4K Smart TV 55-inch,Electronics,567.17,549.99,280.0,554.24,0.0,555,4.07,755,135.62,0.0,Standard,Spring,5,1,Tuesday,6,0,29.71,31.8,30,17015.1,8615.1
2025-05-06,ELEC_003,Smart Fitness Watch Gen-4,Electronics,124.01,129.99,50.0,124.72,0.0,174,4.76,792,232.95,0.0,Budget,Spring,5,1,Tuesday,6,0,99.57,99.7,96,11904.96,7104.96
2025-05-06,ELEC_004,Ergonomic Mechanical Keyboard,Electronics,92.95,89.99,35.0,96.7,0.0,387,4.54,786,193.45,0.0,Standard,Spring,5,1,Tuesday,6,0,58.43,61.63,46,4275.7,2665.7
2025-05-06,HOME_001,Espresso Machine & Milk Frother,Home & Living,166.57,159.99,65.0,153.8,0.0,106,4.71,685,155.19,0.0,Premium,Spring,5,1,Tuesday,6,0,42.86,48.37,32,5330.24,3250.24
2025-05-06,HOME_002,Cordless Handheld Vacuum Cleaner,Home & Living,72.99,99.99,40.0,101.38,25.0,256,4.79,711,156.72,0.0,Standard,Spring,5,1,Tuesday,6,0,77.29,67.9,143,10437.57,4717.57
2025-05-06,HOSP_001,Deluxe City Center King Room (Per Night),Hospitality & Stays,179.99,175.0,45.0,170.15,0.0,638,4.77,774,134.11,0.0,Budget,Spring,5,1,Tuesday,6,0,121.71,123.43,119,21418.81,16063.81
2025-05-06,HOSP_002,Executive Skyline Suite (Per Night),Hospitality & Stays,346.21,350.0,90.0,344.32,0.0,162,4.21,850,183.68,0.0,Budget,Spring,5,1,Tuesday,6,0,20.86,21.83,26,9001.46,6661.46
2025-05-06,RIDE_001,Standard Urban Commute Ride (10 km),Rideshare & Mobility,24.39,24.5,8.0,25.64,0.0,405,4.07,733,116.13,0.0,Budget,Spring,5,1,Tuesday,6,0,349.29,339.37,193,4707.27,3163.27
2025-05-06,RIDE_002,Premium Black Airport Transfer,Rideshare & Mobility,63.99,65.0,22.0,67.73,5.0,506,4.01,689,119.41,0.0,Standard,Spring,5,1,Tuesday,6,0,111.57,109.73,94,6015.06,3947.06
2025-05-07,APP_001,Premium Merino Wool Sweater,Apparel & Fashion,81.09,79.99,28.0,76.55,0.0,458,4.77,816,111.11,0.0,Budget,Spring,5,2,Wednesday,7,0,86.43,91.5,77,6243.93,4087.93
2025-05-07,APP_002,Breathable Performance Running Shoes,Apparel & Fashion,115.21,119.99,42.0,124.64,5.0,114,4.41,794,134.6,0.0,Budget,Spring,5,2,Wednesday,7,0,112.29,119.4,143,16475.03,10469.03
2025-05-07,APP_003,Classic Waterproof Trench Coat,Apparel & Fashion,145.65,149.99,55.0,147.64,0.0,92,4.16,674,162.62,0.0,Premium,Spring,5,2,Wednesday,7,0,36.86,37.93,27,3932.55,2447.55
2025-05-07,ELEC_001,Pro Wireless Noise-Cancelling Headphones,Electronics,209.93,199.99,85.0,194.44,0.0,355,4.38,846,100.81,0.0,Premium,Spring,5,2,Wednesday,7,0,61.14,68.1,45,9446.85,5621.85
2025-05-07,ELEC_002,Ultra HD 4K Smart TV 55-inch,Electronics,527.85,549.99,280.0,530.72,0.0,524,4.77,796,134.23,0.0,Standard,Spring,5,2,Wednesday,7,0,30.71,32.03,31,16363.35,7683.35
2025-05-07,ELEC_003,Smart Fitness Watch Gen-4,Electronics,131.52,129.99,50.0,137.15,0.0,97,4.41,787,149.79,0.0,Premium,Spring,5,2,Wednesday,7,0,101.57,99.17,77,10127.04,6277.04
2025-05-07,ELEC_004,Ergonomic Mechanical Keyboard,Electronics,89.1,89.99,35.0,88.48,0.0,324,4.68,694,178.41,0.0,Budget,Spring,5,2,Wednesday,7,0,59.71,60.33,63,5613.3,3408.3
2025-05-07,HOME_001,Espresso Machine & Milk Frother,Home & Living,158.1,159.99,65.0,158.03,0.0,640,4.59,674,216.66,0.0,Standard,Spring,5,2,Wednesday,7,0,41.57,47.6,39,6165.9,3630.9
2025-05-07,HOME_002,Cordless Handheld Vacuum Cleaner,Home & Living,102.58,99.99,40.0,104.71,0.0,194,4.37,725,143.28,0.0,Standard,Spring,5,2,Wednesday,7,0,75.0,68.37,62,6359.96,3879.96
2025-05-07,HOSP_001,Deluxe City Center King Room (Per Night),Hospitality & Stays,125.79,175.0,45.0,178.86,25.0,398,4.48,714,165.34,0.0,Premium,Spring,5,2,Wednesday,7,0,136.86,126.5,240,30189.6,19389.6
2025-05-07,HOSP_002,Executive Skyline Suite (Per Night),Hospitality & Stays,357.36,350.0,90.0,331.04,0.0,145,4.59,668,66.85,0.0,Standard,Spring,5,2,Wednesday,7,0,21.29,21.63,17,6075.12,4545.12
2025-05-07,RIDE_001,Standard Urban Commute Ride (10 km),Rideshare & Mobility,24.69,24.5,8.0,25.65,0.0,644,4.88,739,138.39,0.0,Standard,Spring,5,2,Wednesday,7,0,358.29,339.1,354,8740.26,5908.26
2025-05-07,RIDE_002,Premium Black Airport Transfer,Rideshare & Mobility,62.5,65.0,22.0,63.48,0.0,395,4.14,806,113.42,0.0,Budget,Spring,5,2,Wednesday,7,0,112.57,110.47,111,6937.5,4495.5
2025-05-08,APP_001,Premium Merino Wool Sweater,Apparel & Fashion,80.36,79.99,28.0,87.08,0.0,394,4.76,635,129.37,0.0,Premium,Spring,5,3,Thursday,8,0,80.71,90.67,64,5143.04,3351.04
2025-05-08,APP_002,Breathable Performance Running Shoes,Apparel & Fashion,119.29,119.99,42.0,115.65,0.0,548,4.17,776,102.06,0.0,Standard,Spring,5,3,Thursday,8,0,111.29,118.5,98,11690.42,7574.42
2025-05-08,APP_003,Classic Waterproof Trench Coat,Apparel & Fashion,148.35,149.99,55.0,138.57,0.0,790,4.04,775,106.94,0.0,Premium,Spring,5,3,Thursday,8,0,35.0,37.5,28,4153.8,2613.8
2025-05-08,ELEC_001,Pro Wireless Noise-Cancelling Headphones,Electronics,162.46,199.99,85.0,189.78,20.0,255,4.25,789,176.01,0.0,Standard,Spring,5,3,Thursday,8,0,68.57,69.53,100,16246.0,7746.0
2025-05-08,ELEC_002,Ultra HD 4K Smart TV 55-inch,Electronics,525.99,549.99,280.0,529.29,0.0,491,4.16,714,149.43,0.0,Budget,Spring,5,3,Thursday,8,0,30.43,32.33,33,17357.67,8117.67
2025-05-08,ELEC_003,Smart Fitness Watch Gen-4,Electronics,128.77,129.99,50.0,127.47,0.0,796,4.74,819,155.55,0.0,Premium,Spring,5,3,Thursday,8,0,98.57,98.07,64,8241.28,5041.28
2025-05-08,ELEC_004,Ergonomic Mechanical Keyboard,Electronics,90.41,89.99,35.0,96.18,0.0,288,4.05,733,89.21,0.0,Enterprise,Spring,5,3,Thursday,8,0,58.86,59.8,36,3254.76,1994.76
2025-05-08,HOME_001,Espresso Machine & Milk Frother,Home & Living,159.91,159.99,65.0,165.0,0.0,589,4.72,801,154.8,0.0,Budget,Spring,5,3,Thursday,8,0,44.71,47.73,51,8155.41,4840.41
2025-05-08,HOME_002,Cordless Handheld Vacuum Cleaner,Home & Living,99.32,99.99,40.0,106.57,0.0,131,4.39,582,147.88,0.0,Standard,Spring,5,3,Thursday,8,0,74.43,68.23,63,6257.16,3737.16
2025-05-08,HOSP_001,Deluxe City Center King Room (Per Night),Hospitality & Stays,177.97,175.0,45.0,180.86,0.0,264,4.23,749,174.17,0.0,Standard,Spring,5,3,Thursday,8,0,139.71,126.47,134,23847.98,17817.98
2025-05-08,HOSP_002,Executive Skyline Suite (Per Night),Hospitality & Stays,343.74,350.0,90.0,341.96,0.0,125,4.49,741,129.18,0.0,Premium,Spring,5,3,Thursday,8,0,21.0,21.63,20,6874.8,5074.8
2025-05-08,RIDE_001,Standard Urban Commute Ride (10 km),Rideshare & Mobility,24.52,24.5,8.0,23.31,0.0,266,4.2,714,133.0,0.0,Standard,Spring,5,3,Thursday,8,0,398.43,348.87,378,9268.56,6244.56
2025-05-08,RIDE_002,Premium Black Airport Transfer,Rideshare & Mobility,49.53,65.0,22.0,63.95,20.0,204,4.57,677,130.03,0.0,Budget,Spring,5,3,Thursday,8,0,128.71,113.97,191,9460.23,5258.23
2025-05-09,APP_001,Premium Merino Wool Sweater,Apparel & Fashion,80.38,79.99,28.0,88.13,0.0,315,4.18,829,152.81,0.0,Standard,Spring,5,4,Friday,9,0,71.14,91.07,79,6350.02,4138.02
2025-05-09,APP_002,Breathable Performance Running Shoes,Apparel & Fashion,99.19,119.99,42.0,123.88,15.0,411,4.6,794,147.42,0.0,Budget,Spring,5,4,Friday,9,0,120.71,118.37,137,13589.03,7835.03
2025-05-09,APP_003,Classic Waterproof Trench Coat,Apparel & Fashion,149.4,149.99,55.0,141.29,0.0,751,4.07,746,110.89,0.0,Budget,Spring,5,4,Friday,9,0,33.14,37.6,39,5826.6,3681.6
2025-05-09,ELEC_001,Pro Wireless Noise-Cancelling Headphones,Electronics,209.67,199.99,85.0,187.72,0.0,195,4.37,839,140.35,0.0,Budget,Spring,5,4,Friday,9,0,65.86,67.2,60,12580.2,7480.2
2025-05-09,ELEC_002,Ultra HD 4K Smart TV 55-inch,Electronics,570.41,549.99,280.0,519.9,0.0,473,4.26,793,175.25,0.0,Enterprise,Spring,5,4,Friday,9,0,29.43,31.83,18,10267.38,5227.38
2025-05-09,ELEC_003,Smart Fitness Watch Gen-4,Electronics,93.58,129.99,50.0,121.65,25.0,673,4.24,791,133.92,0.0,Enterprise,Spring,5,4,Friday,9,0,102.29,99.23,123,11510.34,5360.34
2025-05-09,ELEC_004,Ergonomic Mechanical Keyboard,Electronics,88.56,89.99,35.0,93.13,0.0,229,4.49,738,131.72,0.0,Budget,Spring,5,4,Friday,9,0,57.14,59.87,59,5225.04,3160.04
2025-05-09,HOME_001,Espresso Machine & Milk Frother,Home & Living,155.66,159.99,65.0,162.92,0.0,540,4.88,772,185.68,0.0,Premium,Spring,5,4,Friday,9,0,44.86,47.7,49,7627.34,4442.34
2025-05-09,HOME_002,Cordless Handheld Vacuum Cleaner,Home & Living,98.67,99.99,40.0,101.03,0.0,773,4.37,860,95.45,0.0,Standard,Spring,5,4,Friday,9,0,75.0,68.1,66,6512.22,3872.22
2025-05-09,HOSP_001,Deluxe City Center King Room (Per Night),Hospitality & Stays,179.13,175.0,45.0,166.78,0.0,182,4.15,782,201.77,0.0,Premium,Spring,5,4,Friday,9,0,137.57,125.47,82,14688.66,10998.66
2025-05-09,HOSP_002,Executive Skyline Suite (Per Night),Hospitality & Stays,337.03,350.0,90.0,355.07,0.0,97,4.65,802,156.99,0.0,Standard,Spring,5,4,Friday,9,0,22.14,22.03,28,9436.84,6916.84
2025-05-09,RIDE_001,Standard Urban Commute Ride (10 km),Rideshare & Mobility,25.68,24.5,8.0,25.02,0.0,742,4.06,754,130.94,0.0,Premium,Spring,5,4,Friday,9,0,367.43,341.1,266,6830.88,4702.88
2025-05-09,RIDE_002,Premium Black Airport Transfer,Rideshare & Mobility,63.24,65.0,22.0,65.41,0.0,90,4.75,736,113.81,0.0,Premium,Spring,5,4,Friday,9,0,129.86,114.0,114,7209.36,4701.36
2025-05-10,APP_001,Premium Merino Wool Sweater,Apparel & Fashion,77.57,79.99,28.0,75.62,0.0,235,4.83,741,214.83,0.0,Standard,Spring,5,5,Saturday,10,1,71.71,89.3,80,6205.6,3965.6
2025-05-10,APP_002,Breathable Performance Running Shoes,Apparel & Fashion,88.33,119.99,42.0,122.78,25.0,227,4.83,818,165.62,0.0,Premium,Spring,5,5,Saturday,10,1,120.71,119.07,184,16252.72,8524.72
2025-05-10,APP_003,Classic Waterproof Trench Coat,Apparel & Fashion,153.24,149.99,55.0,149.7,0.0,716,4.8,804,121.31,0.0,Standard,Spring,5,5,Saturday,10,1,33.86,37.8,35,5363.4,3438.4
2025-05-10,ELEC_001,Pro Wireless Noise-Cancelling Headphones,Electronics,207.28,199.99,85.0,200.73,0.0,144,4.43,746,163.71,0.0,Premium,Spring,5,5,Saturday,10,1,63.86,66.83,51,10571.28,6236.28
2025-05-10,ELEC_002,Ultra HD 4K Smart TV 55-inch,Electronics,556.86,549.99,280.0,529.09,0.0,455,4.57,766,181.77,0.0,Enterprise,Spring,5,5,Saturday,10,1,26.71,31.3,18,10023.48,4983.48
2025-05-10,ELEC_003,Smart Fitness Watch Gen-4,Electronics,123.9,129.99,50.0,123.97,0.0,576,4.78,752,188.93,0.0,Standard,Spring,5,5,Saturday,10,1,106.29,95.7,97,12018.3,7168.3
2025-05-10,ELEC_004,Ergonomic Mechanical Keyboard,Electronics,88.92,89.99,35.0,90.47,0.0,159,4.67,733,93.32,0.0,Budget,Spring,5,5,Saturday,10,1,61.43,58.6,70,6224.4,3774.4
2025-05-10,HOME_001,Espresso Machine & Milk Frother,Home & Living,167.47,159.99,65.0,168.85,0.0,499,4.39,743,155.81,0.0,Standard,Spring,5,5,Saturday,10,1,42.86,47.3,41,6866.27,4201.27
2025-05-10,HOME_002,Cordless Handheld Vacuum Cleaner,Home & Living,96.53,99.99,40.0,104.18,0.0,707,4.44,748,177.12,0.0,Premium,Spring,5,5,Saturday,10,1,75.0,68.47,66,6370.98,3730.98
2025-05-10,HOSP_001,Deluxe City Center King Room (Per Night),Hospitality & Stays,163.82,175.0,45.0,175.27,15.0,760,4.68,717,183.18,0.0,Standard,Spring,5,5,Saturday,10,1,138.43,128.6,178,29159.96,21149.96
2025-05-10,HOSP_002,Executive Skyline Suite (Per Night),Hospitality & Stays,433.45,350.0,90.0,369.93,0.0,80,4.76,624,140.36,0.0,Premium,Spring,5,5,Saturday,10,1,21.57,21.43,17,7368.65,5838.65
2025-05-10,RIDE_001,Standard Urban Commute Ride (10 km),Rideshare & Mobility,25.29,24.5,8.0,24.96,0.0,383,4.57,799,102.76,0.0,Premium,Spring,5,5,Saturday,10,1,385.57,343.73,359,9079.11,6207.11
2025-05-10,RIDE_002,Premium Black Airport Transfer,Rideshare & Mobility,58.79,65.0,22.0,67.55,5.0,467,4.07,700,91.81,0.0,Budget,Spring,5,5,Saturday,10,1,125.0,112.23,90,5291.1,3311.1
2025-05-11,APP_001,Premium Merino Wool Sweater,Apparel & Fashion,82.15,79.99,28.0,83.3,0.0,158,4.54,701,183.32,0.0,Standard,Spring,5,6,Sunday,11,1,72.0,88.33,77,6325.55,4169.55
2025-05-11,APP_002,Breathable Performance Running Shoes,Apparel & Fashion,115.83,119.99,42.0,130.02,0.0,117,4.88,822,204.55,0.0,Standard,Spring,5,6,Sunday,11,1,122.0,117.77,110,12741.3,8121.3
2025-05-11,APP_003,Classic Waterproof Trench Coat,Apparel & Fashion,144.11,149.99,55.0,151.58,0.0,673,4.73,742,123.0,0.0,Standard,Spring,5,6,Sunday,11,1,35.43,38.17,43,6196.73,3831.73
2025-05-11,ELEC_001,Pro Wireless Noise-Cancelling Headphones,Electronics,192.62,199.99,85.0,204.59,0.0,83,4.03,790,157.86,0.0,Premium,Spring,5,6,Sunday,11,1,60.71,66.8,61,11749.82,6564.82
2025-05-11,ELEC_002,Ultra HD 4K Smart TV 55-inch,Electronics,483.22,549.99,280.0,548.3,15.0,417,4.49,757,174.12,0.0,Standard,Spring,5,6,Sunday,11,1,28.57,31.57,38,18362.36,7722.36
2025-05-11,ELEC_003,Smart Fitness Watch Gen-4,Electronics,130.66,129.99,50.0,122.39,0.0,491,4.57,723,149.47,0.0,Budget,Spring,5,6,Sunday,11,1,92.86,95.83,85,11106.1,6856.1
2025-05-11,ELEC_004,Ergonomic Mechanical Keyboard,Electronics,85.65,89.99,35.0,93.41,0.0,109,4.19,782,154.77,0.0,Premium,Spring,5,6,Sunday,11,1,61.29,58.37,50,4282.5,2532.5
2025-05-11,HOME_001,Espresso Machine & Milk Frother,Home & Living,166.36,159.99,65.0,163.98,0.0,454,4.63,667,170.79,0.0,Budget,Spring,5,6,Sunday,11,1,43.0,47.07,45,7486.2,4561.2
2025-05-11,HOME_002,Cordless Handheld Vacuum Cleaner,Home & Living,100.87,99.99,40.0,101.54,0.0,638,4.71,719,78.13,0.0,Standard,Spring,5,6,Sunday,11,1,76.0,68.9,69,6960.03,4200.03
2025-05-11,HOSP_001,Deluxe City Center King Room (Per Night),Hospitality & Stays,219.64,175.0,45.0,185.79,0.0,665,4.27,736,188.1,0.0,Standard,Spring,5,6,Sunday,11,1,136.57,127.9,95,20865.8,16590.8
2025-05-11,HOSP_002,Executive Skyline Suite (Per Night),Hospitality & Stays,408.85,350.0,90.0,345.26,0.0,838,4.61,691,81.04,0.0,Standard,Spring,5,6,Sunday,11,1,20.86,21.47,21,8585.85,6695.85
2025-05-11,RIDE_001,Standard Urban Commute Ride (10 km),Rideshare & Mobility,24.09,24.5,8.0,25.7,0.0,610,4.02,781,121.23,0.0,Budget,Spring,5,6,Sunday,11,1,339.29,347.23,383,9226.47,6162.47
2025-05-11,RIDE_002,Premium Black Airport Transfer,Rideshare & Mobility,57.16,65.0,22.0,66.57,15.0,305,4.9,778,157.01,0.0,Standard,Spring,5,6,Sunday,11,1,128.86,114.27,162,9259.92,5695.92
2025-05-12,APP_001,Premium Merino Wool Sweater,Apparel & Fashion,77.44,79.99,28.0,81.12,0.0,511,4.83,790,154.1,0.0,Budget,Spring,5,0,Monday,12,0,75.29,88.67,88,6814.72,4350.72
2025-05-12,APP_002,Breathable Performance Running Shoes,Apparel & Fashion,121.9,119.99,42.0,131.18,0.0,542,4.71,747,121.27,0.0,Budget,Spring,5,0,Monday,12,0,123.71,117.5,114,13896.6,9108.6
2025-05-12,APP_003,Classic Waterproof Trench Coat,Apparel & Fashion,150.91,149.99,55.0,166.03,0.0,635,4.77,806,181.76,0.0,Standard,Spring,5,0,Monday,12,0,35.86,38.33,38,5734.58,3644.58
2025-05-12,ELEC_001,Pro Wireless Noise-Cancelling Headphones,Electronics,155.95,199.99,85.0,189.68,20.0,516,4.5,759,127.04,0.0,Standard,Spring,5,0,Monday,12,0,64.0,65.73,83,12943.85,5888.85
2025-05-12,ELEC_002,Ultra HD 4K Smart TV 55-inch,Electronics,568.12,549.99,280.0,526.34,0.0,390,4.64,876,198.73,0.0,Standard,Spring,5,0,Monday,12,0,27.86,31.27,27,15339.24,7779.24
2025-05-12,ELEC_003,Smart Fitness Watch Gen-4,Electronics,128.88,129.99,50.0,143.94,0.0,385,4.66,684,186.32,0.0,Budget,Spring,5,0,Monday,12,0,92.57,97.03,106,13661.28,8361.28
2025-05-12,ELEC_004,Ergonomic Mechanical Keyboard,Electronics,86.24,89.99,35.0,98.31,0.0,717,4.81,789,138.96,0.0,Premium,Spring,5,0,Monday,12,0,53.57,58.13,51,4398.24,2613.24
2025-05-12,HOME_001,Espresso Machine & Milk Frother,Home & Living,143.5,159.99,65.0,154.69,10.0,399,4.22,721,115.02,0.0,Budget,Spring,5,0,Monday,12,0,44.57,47.6,55,7892.5,4317.5
2025-05-12,HOME_002,Cordless Handheld Vacuum Cleaner,Home & Living,100.13,99.99,40.0,102.2,0.0,562,4.25,726,152.04,0.0,Budget,Spring,5,0,Monday,12,0,77.86,69.57,76,7609.88,4569.88
2025-05-12,HOSP_001,Deluxe City Center King Room (Per Night),Hospitality & Stays,167.22,175.0,45.0,171.48,0.0,527,4.89,830,163.93,0.0,Standard,Spring,5,0,Monday,12,0,140.86,129.27,138,23076.36,16866.36
2025-05-12,HOSP_002,Executive Skyline Suite (Per Night),Hospitality & Stays,367.01,350.0,90.0,355.32,0.0,815,4.67,783,165.51,0.0,Budget,Spring,5,0,Monday,12,0,21.71,21.37,23,8441.23,6371.23
2025-05-12,RIDE_001,Standard Urban Commute Ride (10 km),Rideshare & Mobility,25.38,24.5,8.0,24.55,0.0,309,4.87,783,158.69,0.0,Premium,Spring,5,0,Monday,12,0,319.14,349.17,301,7639.38,5231.38
2025-05-12,RIDE_002,Premium Black Airport Transfer,Rideshare & Mobility,67.91,65.0,22.0,69.01,0.0,195,4.16,831,178.22,0.0,Standard,Spring,5,0,Monday,12,0,124.57,115.13,110,7470.1,5050.1
2025-05-13,APP_001,Premium Merino Wool Sweater,Apparel & Fashion,81.15,79.99,28.0,79.29,0.0,432,4.85,871,199.29,0.0,Standard,Spring,5,1,Tuesday,13,0,77.71,88.67,79,6410.85,4198.85
2025-05-13,APP_002,Breathable Performance Running Shoes,Apparel & Fashion,124.66,119.99,42.0,133.24,0.0,444,4.89,770,165.52,0.0,Standard,Spring,5,1,Tuesday,13,0,126.29,117.43,98,12216.68,8100.68
2025-05-13,APP_003,Classic Waterproof Trench Coat,Apparel & Fashion,143.62,149.99,55.0,158.7,0.0,604,4.39,816,176.26,0.0,Premium,Spring,5,1,Tuesday,13,0,34.43,38.0,31,4452.22,2747.22
2025-05-13,ELEC_001,Pro Wireless Noise-Cancelling Headphones,Electronics,192.98,199.99,85.0,185.46,0.0,465,4.42,862,112.52,0.0,Enterprise,Spring,5,1,Tuesday,13,0,64.43,65.13,51,9841.98,5506.98
2025-05-13,ELEC_002,Ultra HD 4K Smart TV 55-inch,Electronics,485.4,549.99,280.0,559.93,10.0,358,4.29,794,141.85,0.0,Premium,Spring,5,1,Tuesday,13,0,28.14,30.5,32,15532.8,6572.8
2025-05-13,ELEC_003,Smart Fitness Watch Gen-4,Electronics,129.81,129.99,50.0,139.03,0.0,294,4.28,853,135.29,0.0,Budget,Spring,5,1,Tuesday,13,0,91.86,96.57,91,11812.71,7262.71
2025-05-13,ELEC_004,Ergonomic Mechanical Keyboard,Electronics,88.54,89.99,35.0,92.99,0.0,661,4.41,867,75.17,0.0,Standard,Spring,5,1,Tuesday,13,0,55.0,58.27,56,4958.24,2998.24
2025-05-13,HOME_001,Espresso Machine & Milk Frother,Home & Living,154.86,159.99,65.0,156.54,0.0,351,4.04,798,127.78,0.0,Budget,Spring,5,1,Tuesday,13,0,46.86,47.63,48,7433.28,4313.28
2025-05-13,HOME_002,Cordless Handheld Vacuum Cleaner,Home & Living,99.36,99.99,40.0,100.41,0.0,488,4.86,770,157.75,0.0,Standard,Spring,5,1,Tuesday,13,0,68.0,69.8,74,7352.64,4392.64
2025-05-13,HOSP_001,Deluxe City Center King Room (Per Night),Hospitality & Stays,176.08,175.0,45.0,172.48,0.0,393,4.38,814,140.74,0.0,Standard,Spring,5,1,Tuesday,13,0,143.0,130.8,134,23594.72,17564.72
2025-05-13,HOSP_002,Executive Skyline Suite (Per Night),Hospitality & Stays,344.09,350.0,90.0,352.85,0.0,790,4.41,784,165.68,0.0,Budget,Spring,5,1,Tuesday,13,0,21.57,21.53,25,8602.25,6352.25
2025-05-13,RIDE_001,Standard Urban Commute Ride (10 km),Rideshare & Mobility,23.94,24.5,8.0,21.55,0.0,758,4.31,808,159.32,0.0,Standard,Spring,5,1,Tuesday,13,0,335.71,346.07,309,7397.46,4925.46
2025-05-13,RIDE_002,Premium Black Airport Transfer,Rideshare & Mobility,66.3,65.0,22.0,63.88,0.0,92,4.18,752,177.22,0.0,Budget,Spring,5,1,Tuesday,13,0,125.86,114.63,103,6828.9,4562.9
2025-05-14,APP_001,Premium Merino Wool Sweater,Apparel & Fashion,80.27,79.99,28.0,84.37,0.0,362,4.02,761,166.85,0.0,Standard,Spring,5,2,Wednesday,14,0,76.71,89.23,70,5618.9,3658.9
2025-05-14,APP_002,Breathable Performance Running Shoes,Apparel & Fashion,123.23,119.99,42.0,116.26,0.0,348,4.49,842,115.33,0.0,Standard,Spring,5,2,Wednesday,14,0,119.57,116.8,96,11830.08,7798.08
2025-05-14,APP_003,Classic Waterproof Trench Coat,Apparel & Fashion,156.25,149.99,55.0,149.62,0.0,584,4.61,791,173.63,0.0,Enterprise,Spring,5,2,Wednesday,14,0,33.43,37.43,20,3125.0,2025.0
2025-05-14,ELEC_001,Pro Wireless Noise-Cancelling Headphones,Electronics,209.04,199.99,85.0,209.01,0.0,395,4.82,829,187.59,0.0,Budget,Spring,5,2,Wednesday,14,0,68.0,65.27,70,14632.8,8682.8
2025-05-14,ELEC_002,Ultra HD 4K Smart TV 55-inch,Electronics,569.98,549.99,280.0,570.86,0.0,340,4.12,714,152.41,0.0,Enterprise,Spring,5,2,Wednesday,14,0,26.29,30.07,18,10259.64,5219.64
2025-05-14,ELEC_003,Smart Fitness Watch Gen-4,Electronics,132.98,129.99,50.0,137.26,0.0,244,4.05,829,233.95,0.0,Enterprise,Spring,5,2,Wednesday,14,0,88.0,92.97,50,6649.0,4149.0
2025-05-14,ELEC_004,Ergonomic Mechanical Keyboard,Electronics,93.07,89.99,35.0,90.87,0.0,596,4.42,819,156.03,0.0,Budget,Spring,5,2,Wednesday,14,0,55.29,58.1,65,6049.55,3774.55
2025-05-14,HOME_001,Espresso Machine & Milk Frother,Home & Living,156.61,159.99,65.0,158.3,0.0,305,4.29,767,257.49,0.0,Standard,Spring,5,2,Wednesday,14,0,47.86,48.23,46,7204.06,4214.06
2025-05-14,HOME_002,Cordless Handheld Vacuum Cleaner,Home & Living,97.92,99.99,40.0,95.64,0.0,425,4.67,734,165.08,0.0,Standard,Spring,5,2,Wednesday,14,0,68.14,70.17,63,6168.96,3648.96
2025-05-14,HOSP_001,Deluxe City Center King Room (Per Night),Hospitality & Stays,173.89,175.0,45.0,171.99,0.0,287,4.87,785,96.43,0.0,Standard,Spring,5,2,Wednesday,14,0,123.86,130.33,106,18432.34,13662.34
2025-05-14,HOSP_002,Executive Skyline Suite (Per Night),Hospitality & Stays,361.85,350.0,90.0,341.11,0.0,769,4.18,716,249.34,0.0,Standard,Spring,5,2,Wednesday,14,0,22.14,21.4,21,7598.85,5708.85
2025-05-14,RIDE_001,Standard Urban Commute Ride (10 km),Rideshare & Mobility,24.53,24.5,8.0,25.6,0.0,434,4.61,740,115.52,0.0,Standard,Spring,5,2,Wednesday,14,0,331.43,349.27,324,7947.72,5355.72
2025-05-14,RIDE_002,Premium Black Airport Transfer,Rideshare & Mobility,67.1,65.0,22.0,67.12,0.0,535,4.42,845,107.39,0.0,Premium,Spring,5,2,Wednesday,14,0,122.14,113.53,85,5703.5,3833.5
2025-05-15,APP_001,Premium Merino Wool Sweater,Apparel & Fashion,78.83,79.99,28.0,75.64,0.0,275,4.45,780,163.48,0.0,Budget,Spring,5,3,Thursday,15,0,80.0,88.57,87,6858.21,4422.21
2025-05-15,APP_002,Breathable Performance Running Shoes,Apparel & Fashion,124.87,119.99,42.0,108.81,0.0,263,4.74,880,207.68,0.0,Standard,Spring,5,3,Thursday,15,0,117.71,114.67,85,10613.95,7043.95
2025-05-15,APP_003,Classic Waterproof Trench Coat,Apparel & Fashion,156.78,149.99,55.0,148.65,0.0,557,4.12,779,136.64,0.0,Standard,Spring,5,3,Thursday,15,0,33.29,37.07,27,4233.06,2748.06
2025-05-15,ELEC_001,Pro Wireless Noise-Cancelling Headphones,Electronics,163.23,199.99,85.0,201.62,20.0,291,4.5,722,114.95,0.0,Standard,Spring,5,3,Thursday,15,0,68.57,67.0,104,16975.92,8135.92
2025-05-15,ELEC_002,Ultra HD 4K Smart TV 55-inch,Electronics,441.2,549.99,280.0,547.55,20.0,290,4.15,774,144.33,0.0,Budget,Spring,5,3,Thursday,15,0,28.71,30.7,50,22060.0,8060.0
2025-05-15,ELEC_003,Smart Fitness Watch Gen-4,Electronics,99.91,129.99,50.0,135.88,25.0,121,4.1,771,179.57,0.0,Premium,Spring,5,3,Thursday,15,0,96.43,94.0,123,12288.93,6138.93
2025-05-15,ELEC_004,Ergonomic Mechanical Keyboard,Electronics,88.51,89.99,35.0,89.42,0.0,542,4.3,662,191.37,0.0,Budget,Spring,5,3,Thursday,15,0,57.86,58.1,54,4779.54,2889.54
2025-05-15,HOME_001,Espresso Machine & Milk Frother,Home & Living,159.17,159.99,65.0,163.68,0.0,257,4.33,831,159.45,0.0,Budget,Spring,5,3,Thursday,15,0,47.43,47.7,48,7640.16,4520.16
2025-05-15,HOME_002,Cordless Handheld Vacuum Cleaner,Home & Living,98.17,99.99,40.0,92.37,0.0,356,4.39,723,179.27,0.0,Standard,Spring,5,3,Thursday,15,0,69.0,70.17,69,6773.73,4013.73
2025-05-15,HOSP_001,Deluxe City Center King Room (Per Night),Hospitality & Stays,175.23,175.0,45.0,180.08,0.0,169,4.58,762,155.96,0.0,Standard,Spring,5,3,Thursday,15,0,121.57,130.93,118,20677.14,15367.14
2025-05-15,HOSP_002,Executive Skyline Suite (Per Night),Hospitality & Stays,300.89,350.0,90.0,377.76,15.0,736,4.01,737,168.39,0.0,Standard,Spring,5,3,Thursday,15,0,24.0,21.77,33,9929.37,6959.37
2025-05-15,RIDE_001,Standard Urban Commute Ride (10 km),Rideshare & Mobility,23.89,24.5,8.0,24.75,0.0,657,4.33,733,176.23,0.0,Budget,Spring,5,3,Thursday,15,0,333.86,345.43,395,9436.55,6276.55
2025-05-15,RIDE_002,Premium Black Airport Transfer,Rideshare & Mobility,61.97,65.0,22.0,58.47,0.0,459,4.65,800,172.14,0.0,Premium,Spring,5,3,Thursday,15,0,105.71,113.57,76,4709.72,3037.72
2025-05-16,APP_001,Premium Merino Wool Sweater,Apparel & Fashion,77.11,79.99,28.0,79.7,0.0,194,4.6,819,135.74,0.0,Budget,Spring,5,4,Friday,16,0,80.29,88.97,81,6245.91,3977.91
2025-05-16,APP_002,Breathable Performance Running Shoes,Apparel & Fashion,96.9,119.99,42.0,115.79,20.0,102,4.76,710,171.39,0.0,Premium,Spring,5,4,Friday,16,0,121.14,112.57,161,15600.9,8838.9
2025-05-16,APP_003,Classic Waterproof Trench Coat,Apparel & Fashion,156.22,149.99,55.0,138.25,0.0,529,4.35,809,220.31,0.0,Standard,Spring,5,4,Friday,16,0,31.71,36.53,28,4374.16,2834.16
2025-05-16,ELEC_001,Pro Wireless Noise-Cancelling Headphones,Electronics,203.78,199.99,85.0,189.97,0.0,229,4.72,755,130.26,0.0,Budget,Spring,5,4,Friday,16,0,68.86,66.23,62,12634.36,7364.36
2025-05-16,ELEC_002,Ultra HD 4K Smart TV 55-inch,Electronics,455.8,549.99,280.0,543.95,15.0,238,4.07,720,189.82,0.0,Standard,Spring,5,4,Friday,16,0,33.57,31.3,52,23701.6,9141.6
2025-05-16,ELEC_003,Smart Fitness Watch Gen-4,Electronics,136.0,129.99,50.0,133.21,0.0,467,4.39,763,170.06,0.0,Standard,Spring,5,4,Friday,16,0,88.71,93.47,69,9384.0,5934.0
2025-05-16,ELEC_004,Ergonomic Mechanical Keyboard,Electronics,92.01,89.99,35.0,90.51,0.0,488,4.33,777,79.59,0.0,Standard,Spring,5,4,Friday,16,0,57.14,57.9,54,4968.54,3078.54
2025-05-16,HOME_001,Espresso Machine & Milk Frother,Home & Living,136.26,159.99,65.0,175.38,15.0,190,4.58,792,127.52,0.0,Budget,Spring,5,4,Friday,16,0,50.0,48.5,67,9129.42,4774.42
2025-05-16,HOME_002,Cordless Handheld Vacuum Cleaner,Home & Living,104.94,99.99,40.0,104.32,0.0,294,4.43,799,188.3,0.0,Standard,Spring,5,4,Friday,16,0,68.43,70.8,62,6506.28,4026.28
2025-05-16,HOSP_001,Deluxe City Center King Room (Per Night),Hospitality & Stays,173.72,175.0,45.0,164.32,0.0,548,4.59,739,146.69,0.0,Premium,Spring,5,4,Friday,16,0,123.43,126.9,95,16503.4,12228.4
2025-05-16,HOSP_002,Executive Skyline Suite (Per Night),Hospitality & Stays,337.58,350.0,90.0,361.74,5.0,714,4.31,638,131.43,0.0,Standard,Spring,5,4,Friday,16,0,23.14,21.67,22,7426.76,5446.76
2025-05-16,RIDE_001,Standard Urban Commute Ride (10 km),Rideshare & Mobility,24.86,24.5,8.0,23.72,0.0,210,4.71,710,88.1,0.0,Budget,Spring,5,4,Friday,16,0,359.71,349.57,447,11112.42,7536.42
2025-05-16,RIDE_002,Premium Black Airport Transfer,Rideshare & Mobility,67.0,65.0,22.0,67.94,0.0,354,4.77,745,69.19,0.0,Standard,Spring,5,4,Friday,16,0,104.43,113.73,105,7035.0,4725.0
2025-05-17,APP_001,Premium Merino Wool Sweater,Apparel & Fashion,76.22,79.99,28.0,78.54,0.0,121,4.56,760,136.74,0.0,Premium,Spring,5,5,Saturday,17,1,79.29,88.43,73,5564.06,3520.06
2025-05-17,APP_002,Breathable Performance Running Shoes,Apparel & Fashion,116.33,119.99,42.0,118.26,0.0,639,4.76,718,111.38,0.0,Premium,Spring,5,5,Saturday,17,1,107.29,111.4,87,10120.71,6466.71
2025-05-17,APP_003,Classic Waterproof Trench Coat,Apparel & Fashion,146.02,149.99,55.0,140.18,0.0,496,4.41,682,194.49,0.0,Premium,Spring,5,5,Saturday,17,1,31.43,36.73,33,4818.66,3003.66
2025-05-17,ELEC_001,Pro Wireless Noise-Cancelling Headphones,Electronics,181.48,199.99,85.0,213.98,5.0,142,4.49,818,177.93,0.0,Standard,Spring,5,5,Saturday,17,1,74.0,67.0,87,15788.76,8393.76
2025-05-17,ELEC_002,Ultra HD 4K Smart TV 55-inch,Electronics,502.35,549.99,280.0,588.47,10.0,208,4.38,752,83.79,0.0,Premium,Spring,5,5,Saturday,17,1,35.29,31.27,30,15070.5,6670.5
2025-05-17,ELEC_003,Smart Fitness Watch Gen-4,Electronics,127.56,129.99,50.0,116.55,0.0,407,4.74,761,202.84,0.0,Enterprise,Spring,5,5,Saturday,17,1,83.43,92.37,60,7653.6,4653.6
2025-05-17,ELEC_004,Ergonomic Mechanical Keyboard,Electronics,92.15,89.99,35.0,88.02,0.0,448,4.46,772,119.45,0.0,Premium,Spring,5,5,Saturday,17,1,52.86,56.7,40,3686.0,2286.0
2025-05-17,HOME_001,Espresso Machine & Milk Frother,Home & Living,160.53,159.99,65.0,159.54,0.0,151,4.22,685,155.02,0.0,Standard,Spring,5,5,Saturday,17,1,49.71,47.5,39,6260.67,3725.67
2025-05-17,HOME_002,Cordless Handheld Vacuum Cleaner,Home & Living,92.32,99.99,40.0,94.87,10.0,223,4.31,761,168.7,0.0,Standard,Spring,5,5,Saturday,17,1,69.14,70.73,71,6554.72,3714.72
2025-05-17,HOSP_001,Deluxe City Center King Room (Per Night),Hospitality & Stays,200.34,175.0,45.0,176.31,0.0,425,4.78,701,101.15,0.0,Standard,Spring,5,5,Saturday,17,1,115.57,126.17,123,24641.82,19106.82
2025-05-17,HOSP_002,Executive Skyline Suite (Per Night),Hospitality & Stays,404.98,350.0,90.0,368.29,0.0,694,4.6,778,119.25,0.0,Standard,Spring,5,5,Saturday,17,1,23.57,21.57,20,8099.6,6299.6
2025-05-17,RIDE_001,Standard Urban Commute Ride (10 km),Rideshare & Mobility,17.54,24.5,8.0,25.04,25.0,773,4.1,800,107.35,0.0,Premium,Spring,5,5,Saturday,17,1,338.43,344.47,210,3683.4,2003.4
2025-05-17,RIDE_002,Premium Black Airport Transfer,Rideshare & Mobility,67.63,65.0,22.0,60.95,0.0,261,4.25,843,154.03,0.0,Premium,Spring,5,5,Saturday,17,1,104.86,113.4,93,6289.59,4243.59
2025-05-18,APP_001,Premium Merino Wool Sweater,Apparel & Fashion,76.61,79.99,28.0,77.6,0.0,792,4.35,775,135.6,0.0,Standard,Spring,5,6,Sunday,18,1,82.0,89.6,96,7354.56,4666.56
2025-05-18,APP_002,Breathable Performance Running Shoes,Apparel & Fashion,122.13,119.99,42.0,134.5,0.0,522,4.42,772,194.99,0.0,Budget,Spring,5,6,Sunday,18,1,108.29,112.8,117,14289.21,9375.21
2025-05-18,APP_003,Classic Waterproof Trench Coat,Apparel & Fashion,115.67,149.99,55.0,159.91,25.0,417,4.75,742,147.11,0.0,Standard,Spring,5,6,Sunday,18,1,36.57,37.3,79,9137.93,4792.93
2025-05-18,ELEC_001,Pro Wireless Noise-Cancelling Headphones,Electronics,191.59,199.99,85.0,194.2,0.0,472,4.81,828,202.7,0.0,Standard,Spring,5,6,Sunday,18,1,75.57,67.83,72,13794.48,7674.48
2025-05-18,ELEC_002,Ultra HD 4K Smart TV 55-inch,Electronics,577.25,549.99,280.0,494.48,0.0,182,4.39,781,140.87,0.0,Budget,Spring,5,6,Sunday,18,1,33.57,30.7,26,15008.5,7728.5
2025-05-18,ELEC_003,Smart Fitness Watch Gen-4,Electronics,115.28,129.99,50.0,129.74,15.0,301,4.78,768,179.51,0.0,Standard,Spring,5,6,Sunday,18,1,86.43,93.33,106,12219.68,6919.68
2025-05-18,ELEC_004,Ergonomic Mechanical Keyboard,Electronics,88.38,89.99,35.0,100.71,0.0,376,4.43,881,173.43,0.0,Budget,Spring,5,6,Sunday,18,1,56.0,56.83,72,6363.36,3843.36
2025-05-18,HOME_001,Espresso Machine & Milk Frother,Home & Living,159.15,159.99,65.0,154.81,0.0,109,4.51,803,144.85,0.0,Budget,Spring,5,6,Sunday,18,1,49.29,47.87,42,6684.3,3954.3
2025-05-18,HOME_002,Cordless Handheld Vacuum Cleaner,Home & Living,76.48,99.99,40.0,96.29,25.0,719,4.5,779,166.08,0.0,Standard,Spring,5,6,Sunday,18,1,80.14,73.7,146,11166.08,5326.08
2025-05-18,HOSP_001,Deluxe City Center King Room (Per Night),Hospitality & Stays,202.39,175.0,45.0,184.08,0.0,319,4.77,855,215.42,0.0,Premium,Spring,5,6,Sunday,18,1,117.14,125.93,106,21453.34,16683.34
2025-05-18,HOSP_002,Executive Skyline Suite (Per Night),Hospitality & Stays,412.82,350.0,90.0,340.64,0.0,675,4.02,835,150.77,0.0,Standard,Spring,5,6,Sunday,18,1,23.29,21.53,19,7843.58,6133.58
2025-05-18,RIDE_001,Standard Urban Commute Ride (10 km),Rideshare & Mobility,25.02,24.5,8.0,23.92,0.0,507,4.37,777,110.35,0.0,Enterprise,Spring,5,6,Sunday,18,1,321.71,338.43,266,6655.32,4527.32
2025-05-18,RIDE_002,Premium Black Airport Transfer,Rideshare & Mobility,63.72,65.0,22.0,64.11,0.0,168,4.15,752,140.83,0.0,Enterprise,Spring,5,6,Sunday,18,1,95.0,112.4,93,5925.96,3879.96
2025-05-19,APP_001,Premium Merino Wool Sweater,Apparel & Fashion,80.55,79.99,28.0,75.81,0.0,721,4.55,783,123.84,0.0,Standard,Spring,5,0,Monday,19,0,79.57,89.2,71,5719.05,3731.05
2025-05-19,APP_002,Breathable Performance Running Shoes,Apparel & Fashion,125.92,119.99,42.0,100.49,0.0,448,4.1,881,218.06,0.0,Premium,Spring,5,0,Monday,19,0,102.57,112.5,74,9318.08,6210.08
2025-05-19,APP_003,Classic Waterproof Trench Coat,Apparel & Fashion,147.47,149.99,55.0,149.62,0.0,384,4.03,803,226.51,0.0,Standard,Spring,5,0,Monday,19,0,35.86,37.37,33,4866.51,3051.51
2025-05-19,ELEC_001,Pro Wireless Noise-Cancelling Headphones,Electronics,203.0,199.99,85.0,216.85,0.0,405,4.43,752,87.7,0.0,Standard,Spring,5,0,Monday,19,0,73.29,66.63,67,13601.0,7906.0
2025-05-19,ELEC_002,Ultra HD 4K Smart TV 55-inch,Electronics,522.5,549.99,280.0,539.8,0.0,144,4.82,708,169.15,0.0,Budget,Spring,5,0,Monday,19,0,35.14,31.0,38,19855.0,9215.0
2025-05-19,ELEC_003,Smart Fitness Watch Gen-4,Electronics,124.32,129.99,50.0,129.46,0.0,196,4.36,791,151.79,0.0,Budget,Spring,5,0,Monday,19,0,86.29,94.43,105,13053.6,7803.6
2025-05-19,ELEC_004,Ergonomic Mechanical Keyboard,Electronics,93.79,89.99,35.0,92.08,0.0,326,4.12,735,135.37,0.0,Standard,Spring,5,0,Monday,19,0,55.86,56.9,50,4689.5,2939.5
2025-05-19,HOME_001,Espresso Machine & Milk Frother,Home & Living,164.43,159.99,65.0,160.89,0.0,839,4.42,759,194.34,0.0,Standard,Spring,5,0,Monday,19,0,46.86,47.8,38,6248.34,3778.34
2025-05-19,HOME_002,Cordless Handheld Vacuum Cleaner,Home & Living,98.31,99.99,40.0,98.64,0.0,643,4.59,774,156.21,0.0,Budget,Spring,5,0,Monday,19,0,80.14,74.1,76,7471.56,4431.56
2025-05-19,HOSP_001,Deluxe City Center King Room (Per Night),Hospitality & Stays,155.52,175.0,45.0,182.7,10.0,127,4.33,765,172.94,0.0,Budget,Spring,5,0,Monday,19,0,124.86,128.6,192,29859.84,21219.84
2025-05-19,HOSP_002,Executive Skyline Suite (Per Night),Hospitality & Stays,355.44,350.0,90.0,386.24,0.0,650,4.58,829,171.39,0.0,Budget,Spring,5,0,Monday,19,0,23.57,21.63,25,8886.0,6636.0
2025-05-19,RIDE_001,Standard Urban Commute Ride (10 km),Rideshare & Mobility,23.69,24.5,8.0,22.82,0.0,147,4.52,910,173.02,0.0,Enterprise,Spring,5,0,Monday,19,0,330.14,340.17,360,8528.4,5648.4
2025-05-19,RIDE_002,Premium Black Airport Transfer,Rideshare & Mobility,68.21,65.0,22.0,61.54,0.0,600,4.51,788,180.4,0.0,Standard,Spring,5,0,Monday,19,0,92.86,111.37,95,6479.95,4389.95
2025-05-20,APP_001,Premium Merino Wool Sweater,Apparel & Fashion,83.63,79.99,28.0,75.47,0.0,650,4.77,776,165.86,0.0,Budget,Spring,5,1,Tuesday,20,0,78.43,88.47,71,5937.73,3949.73
2025-05-20,APP_002,Breathable Performance Running Shoes,Apparel & Fashion,90.05,119.99,42.0,123.72,25.0,215,4.73,838,132.72,0.0,Standard,Spring,5,1,Tuesday,20,0,121.86,117.27,233,20981.65,11195.65
2025-05-20,APP_003,Classic Waterproof Trench Coat,Apparel & Fashion,146.76,149.99,55.0,174.87,0.0,340,4.69,717,219.01,0.0,Standard,Spring,5,1,Tuesday,20,0,37.71,37.57,44,6457.44,4037.44
2025-05-20,ELEC_001,Pro Wireless Noise-Cancelling Headphones,Electronics,190.86,199.99,85.0,205.7,0.0,346,4.15,796,170.24,0.0,Standard,Spring,5,1,Tuesday,20,0,74.43,66.13,59,11260.74,6245.74
2025-05-20,ELEC_002,Ultra HD 4K Smart TV 55-inch,Electronics,529.04,549.99,280.0,558.84,0.0,117,4.46,786,100.66,0.0,Standard,Spring,5,1,Tuesday,20,0,34.43,30.33,27,14284.08,6724.08
2025-05-20,ELEC_003,Smart Fitness Watch Gen-4,Electronics,128.35,129.99,50.0,132.36,0.0,94,4.86,743,140.68,0.0,Budget,Spring,5,1,Tuesday,20,0,87.86,94.67,102,13091.7,7991.7
2025-05-20,ELEC_004,Ergonomic Mechanical Keyboard,Electronics,86.65,89.99,35.0,91.27,0.0,275,4.08,818,157.88,0.0,Premium,Spring,5,1,Tuesday,20,0,55.14,57.03,51,4419.15,2634.15
2025-05-20,HOME_001,Espresso Machine & Milk Frother,Home & Living,167.79,159.99,65.0,157.8,0.0,808,4.72,756,163.11,0.0,Premium,Spring,5,1,Tuesday,20,0,44.43,47.03,31,5201.49,3186.49
2025-05-20,HOME_002,Cordless Handheld Vacuum Cleaner,Home & Living,101.14,99.99,40.0,96.67,0.0,587,4.4,738,179.38,0.0,Standard,Spring,5,1,Tuesday,20,0,77.57,72.33,56,5663.84,3423.84
2025-05-20,HOSP_001,Deluxe City Center King Room (Per Night),Hospitality & Stays,170.68,175.0,45.0,167.4,0.0,530,4.03,861,168.02,0.0,Standard,Spring,5,1,Tuesday,20,0,122.0,129.17,114,19457.52,14327.52
2025-05-20,HOSP_002,Executive Skyline Suite (Per Night),Hospitality & Stays,322.02,350.0,90.0,372.81,5.0,623,4.82,868,158.14,0.0,Budget,Spring,5,1,Tuesday,20,0,23.86,22.1,27,8694.54,6264.54
2025-05-20,RIDE_001,Standard Urban Commute Ride (10 km),Rideshare & Mobility,24.33,24.5,8.0,25.27,0.0,445,4.19,756,138.2,0.0,Premium,Spring,5,1,Tuesday,20,0,307.0,335.23,147,3576.51,2400.51
2025-05-20,RIDE_002,Premium Black Airport Transfer,Rideshare & Mobility,67.31,65.0,22.0,70.85,0.0,521,4.35,759,124.61,0.0,Premium,Spring,5,1,Tuesday,20,0,89.43,109.63,79,5317.49,3579.49
2025-05-21,APP_001,Premium Merino Wool Sweater,Apparel & Fashion,80.46,79.99,28.0,75.67,0.0,582,4.4,783,148.92,0.0,Standard,Spring,5,2,Wednesday,21,0,78.14,88.27,68,5471.28,3567.28
2025-05-21,APP_002,Breathable Performance Running Shoes,Apparel & Fashion,121.51,119.99,42.0,120.37,0.0,111,4.53,829,255.64,0.0,Standard,Spring,5,2,Wednesday,21,0,123.0,117.63,104,12637.04,8269.04
2025-05-21,APP_003,Classic Waterproof Trench Coat,Apparel & Fashion,145.83,149.99,55.0,152.73,0.0,301,4.76,692,198.01,0.0,Standard,Spring,5,2,Wednesday,21,0,40.43,37.5,39,5687.37,3542.37
2025-05-21,ELEC_001,Pro Wireless Noise-Cancelling Headphones,Electronics,198.36,199.99,85.0,198.23,0.0,301,4.18,742,136.54,0.0,Enterprise,Spring,5,2,Wednesday,21,0,70.86,65.73,45,8926.2,5101.2
2025-05-21,ELEC_002,Ultra HD 4K Smart TV 55-inch,Electronics,472.91,549.99,280.0,533.88,10.0,83,4.17,796,145.74,0.0,Premium,Spring,5,2,Wednesday,21,0,36.71,30.5,34,16078.94,6558.94
2025-05-21,ELEC_003,Smart Fitness Watch Gen-4,Electronics,106.97,129.99,50.0,138.46,15.0,580,4.64,786,93.32,0.0,Premium,Spring,5,2,Wednesday,21,0,94.14,94.4,94,10055.18,5355.18
2025-05-21,ELEC_004,Ergonomic Mechanical Keyboard,Electronics,93.85,89.99,35.0,87.55,0.0,224,4.28,838,213.9,0.0,Budget,Spring,5,2,Wednesday,21,0,53.14,57.0,51,4786.35,3001.35
2025-05-21,HOME_001,Espresso Machine & Milk Frother,Home & Living,160.3,159.99,65.0,145.95,0.0,776,4.24,735,188.9,0.0,Standard,Spring,5,2,Wednesday,21,0,42.43,46.7,32,5129.6,3049.6
2025-05-21,HOME_002,Cordless Handheld Vacuum Cleaner,Home & Living,91.61,99.99,40.0,94.97,10.0,521,4.08,744,105.1,0.0,Standard,Spring,5,2,Wednesday,21,0,78.0,72.73,66,6046.26,3406.26
2025-05-21,HOSP_001,Deluxe City Center King Room (Per Night),Hospitality & Stays,180.91,175.0,45.0,159.86,0.0,442,4.09,692,211.2,0.0,Premium,Spring,5,2,Wednesday,21,0,119.43,126.7,88,15920.08,11960.08
2025-05-21,HOSP_002,Executive Skyline Suite (Per Night),Hospitality & Stays,362.86,350.0,90.0,323.16,0.0,606,4.34,796,120.32,0.0,Budget,Spring,5,2,Wednesday,21,0,23.29,21.93,17,6168.62,4638.62
2025-05-21,RIDE_001,Standard Urban Commute Ride (10 km),Rideshare & Mobility,23.3,24.5,8.0,24.69,0.0,104,4.1,758,135.17,0.0,Premium,Spring,5,2,Wednesday,21,0,309.43,334.67,341,7945.3,5217.3
2025-05-21,RIDE_002,Premium Black Airport Transfer,Rideshare & Mobility,65.21,65.0,22.0,58.58,0.0,451,4.76,766,58.1,0.0,Enterprise,Spring,5,2,Wednesday,21,0,87.29,109.07,70,4564.7,3024.7
2025-05-22,APP_001,Premium Merino Wool Sweater,Apparel & Fashion,82.9,79.99,28.0,81.23,0.0,517,4.1,773,111.85,0.0,Standard,Spring,5,3,Thursday,22,0,75.0,87.27,65,5388.5,3568.5
2025-05-22,APP_002,Breathable Performance Running Shoes,Apparel & Fashion,117.54,119.99,42.0,125.56,0.0,418,4.58,846,148.85,0.0,Budget,Spring,5,3,Thursday,22,0,126.71,114.73,111,13046.94,8384.94
2025-05-22,APP_003,Classic Waterproof Trench Coat,Apparel & Fashion,146.57,149.99,55.0,150.8,0.0,264,4.78,782,122.92,0.0,Standard,Spring,5,3,Thursday,22,0,41.86,37.63,37,5423.09,3388.09
2025-05-22,ELEC_001,Pro Wireless Noise-Cancelling Headphones,Electronics,204.7,199.99,85.0,211.3,0.0,236,4.69,768,274.19,0.0,Standard,Spring,5,3,Thursday,22,0,65.29,66.2,65,13305.5,7780.5
2025-05-22,ELEC_002,Ultra HD 4K Smart TV 55-inch,Electronics,550.48,549.99,280.0,530.95,0.0,708,4.78,683,141.5,0.0,Enterprise,Spring,5,3,Thursday,22,0,32.71,30.23,22,12110.56,5950.56
2025-05-22,ELEC_003,Smart Fitness Watch Gen-4,Electronics,135.68,129.99,50.0,120.87,0.0,494,4.08,619,211.32,0.0,Budget,Spring,5,3,Thursday,22,0,88.86,91.93,86,11668.48,7368.48
2025-05-22,ELEC_004,Ergonomic Mechanical Keyboard,Electronics,89.62,89.99,35.0,92.05,0.0,177,4.25,847,55.99,0.0,Standard,Spring,5,3,Thursday,22,0,52.14,56.67,47,4212.14,2567.14
2025-05-22,HOME_001,Espresso Machine & Milk Frother,Home & Living,121.96,159.99,65.0,169.6,20.0,697,4.13,787,147.0,0.0,Premium,Spring,5,3,Thursday,22,0,46.86,45.97,79,9634.84,4499.84
2025-05-22,HOME_002,Cordless Handheld Vacuum Cleaner,Home & Living,99.14,99.99,40.0,104.67,0.0,439,4.42,755,144.77,0.0,Budget,Spring,5,3,Thursday,22,0,79.86,73.7,82,8129.48,4849.48
2025-05-22,HOSP_001,Deluxe City Center King Room (Per Night),Hospitality & Stays,171.82,175.0,45.0,175.75,0.0,298,4.38,723,133.03,0.0,Budget,Spring,5,3,Thursday,22,0,123.14,128.37,144,24742.08,18262.08
2025-05-22,HOSP_002,Executive Skyline Suite (Per Night),Hospitality & Stays,353.77,350.0,90.0,371.07,0.0,590,4.03,782,137.08,0.0,Enterprise,Spring,5,3,Thursday,22,0,20.86,21.73,16,5660.32,4220.32
2025-05-22,RIDE_001,Standard Urban Commute Ride (10 km),Rideshare & Mobility,24.56,24.5,8.0,23.8,0.0,435,4.28,768,137.62,0.0,Standard,Spring,5,3,Thursday,22,0,267.86,322.5,104,2554.24,1722.24
2025-05-22,RIDE_002,Premium Black Airport Transfer,Rideshare & Mobility,65.89,65.0,22.0,62.09,0.0,346,4.3,854,195.78,0.0,Budget,Spring,5,3,Thursday,22,0,91.43,109.17,105,6918.45,4608.45
2025-05-23,APP_001,Premium Merino Wool Sweater,Apparel & Fashion,77.78,79.99,28.0,79.4,0.0,428,4.58,735,189.98,0.0,Standard,Spring,5,4,Friday,23,0,76.14,87.2,89,6922.42,4430.42
2025-05-23,APP_002,Breathable Performance Running Shoes,Apparel & Fashion,125.93,119.99,42.0,116.83,0.0,305,4.27,775,163.56,0.0,Budget,Spring,5,4,Friday,23,0,119.86,114.47,113,14230.09,9484.09
2025-05-23,APP_003,Classic Waterproof Trench Coat,Apparel & Fashion,148.02,149.99,55.0,152.48,0.0,234,4.59,761,87.71,0.0,Premium,Spring,5,4,Friday,23,0,42.14,37.37,30,4440.6,2790.6
2025-05-23,ELEC_001,Pro Wireless Noise-Cancelling Headphones,Electronics,202.11,199.99,85.0,195.9,0.0,190,4.54,787,173.99,0.0,Enterprise,Spring,5,4,Friday,23,0,63.0,65.83,46,9297.06,5387.06
2025-05-23,ELEC_002,Ultra HD 4K Smart TV 55-inch,Electronics,565.53,549.99,280.0,567.79,0.0,679,4.8,691,190.98,0.0,Budget,Spring,5,4,Friday,23,0,29.43,30.37,29,16400.37,8280.37
2025-05-23,ELEC_003,Smart Fitness Watch Gen-4,Electronics,136.26,129.99,50.0,134.77,0.0,407,4.18,724,133.92,0.0,Budget,Spring,5,4,Friday,23,0,91.43,91.83,87,11854.62,7504.62
2025-05-23,ELEC_004,Ergonomic Mechanical Keyboard,Electronics,81.41,89.99,35.0,88.2,5.0,115,4.77,773,191.57,0.0,Premium,Spring,5,4,Friday,23,0,53.29,56.9,62,5047.42,2877.42
2025-05-23,HOME_001,Espresso Machine & Milk Frother,Home & Living,166.96,159.99,65.0,155.99,0.0,662,4.83,726,172.37,0.0,Premium,Spring,5,4,Friday,23,0,42.29,46.13,35,5843.6,3568.6
2025-05-23,HOME_002,Cordless Handheld Vacuum Cleaner,Home & Living,95.29,99.99,40.0,97.13,0.0,365,4.26,757,85.03,0.0,Standard,Spring,5,4,Friday,23,0,81.57,73.9,74,7051.46,4091.46
2025-05-23,HOSP_001,Deluxe City Center King Room (Per Night),Hospitality & Stays,134.59,175.0,45.0,172.82,20.0,118,4.55,775,178.32,0.0,Premium,Spring,5,4,Friday,23,0,135.29,130.33,180,24226.2,16126.2
2025-05-23,HOSP_002,Executive Skyline Suite (Per Night),Hospitality & Stays,332.99,350.0,90.0,341.29,0.0,570,4.66,791,180.4,0.0,Standard,Spring,5,4,Friday,23,0,20.57,21.47,20,6659.8,4859.8
2025-05-23,RIDE_001,Standard Urban Commute Ride (10 km),Rideshare & Mobility,19.05,24.5,8.0,22.05,20.0,717,4.26,781,141.62,0.0,Standard,Spring,5,4,Friday,23,0,266.14,329.77,435,8286.75,4806.75
2025-05-23,RIDE_002,Premium Black Airport Transfer,Rideshare & Mobility,66.96,65.0,22.0,61.91,0.0,227,4.23,752,189.3,0.0,Standard,Spring,5,4,Friday,23,0,93.43,110.4,119,7968.24,5350.24
2025-05-24,APP_001,Premium Merino Wool Sweater,Apparel & Fashion,79.22,79.99,28.0,85.58,0.0,335,4.29,722,107.84,0.0,Budget,Spring,5,5,Saturday,24,1,79.0,87.53,93,7367.46,4763.46
2025-05-24,APP_002,Breathable Performance Running Shoes,Apparel & Fashion,117.34,119.99,42.0,119.71,0.0,212,4.13,782,185.24,0.0,Standard,Spring,5,5,Saturday,24,1,120.71,112.97,93,10912.62,7006.62
2025-05-24,APP_003,Classic Waterproof Trench Coat,Apparel & Fashion,134.43,149.99,55.0,143.73,10.0,195,4.4,723,105.83,0.0,Premium,Spring,5,5,Saturday,24,1,43.0,37.7,39,5242.77,3097.77
2025-05-24,ELEC_001,Pro Wireless Noise-Cancelling Headphones,Electronics,199.31,199.99,85.0,191.11,0.0,131,4.75,717,179.97,0.0,Standard,Spring,5,5,Saturday,24,1,59.0,65.3,59,11759.29,6744.29
2025-05-24,ELEC_002,Ultra HD 4K Smart TV 55-inch,Electronics,574.96,549.99,280.0,581.31,0.0,654,4.11,791,96.43,0.0,Standard,Spring,5,5,Saturday,24,1,28.71,30.3,25,14374.0,7374.0
2025-05-24,ELEC_003,Smart Fitness Watch Gen-4,Electronics,130.3,129.99,50.0,125.63,0.0,329,4.18,727,100.44,0.0,Budget,Spring,5,5,Saturday,24,1,94.0,90.67,78,10163.4,6263.4
2025-05-24,ELEC_004,Ergonomic Mechanical Keyboard,Electronics,93.46,89.99,35.0,90.49,0.0,714,4.8,779,147.29,0.0,Standard,Spring,5,5,Saturday,24,1,55.0,57.0,52,4859.92,3039.92
2025-05-24,HOME_001,Espresso Machine & Milk Frother,Home & Living,165.62,159.99,65.0,152.19,0.0,628,4.46,793,80.11,0.0,Standard,Spring,5,5,Saturday,24,1,41.57,45.33,34,5631.08,3421.08
2025-05-24,HOME_002,Cordless Handheld Vacuum Cleaner,Home & Living,102.99,99.99,40.0,101.27,0.0,303,4.86,783,176.16,0.0,Budget,Spring,5,5,Saturday,24,1,80.29,74.4,62,6385.38,3905.38
2025-05-24,HOSP_001,Deluxe City Center King Room (Per Night),Hospitality & Stays,202.48,175.0,45.0,173.51,0.0,665,4.38,734,93.13,0.0,Budget,Spring,5,5,Saturday,24,1,134.57,129.2,118,23892.64,18582.64
2025-05-24,HOSP_002,Executive Skyline Suite (Per Night),Hospitality & Stays,444.83,350.0,90.0,356.22,0.0,556,4.2,811,144.81,0.0,Premium,Spring,5,5,Saturday,24,1,19.71,21.53,14,6227.62,4967.62
2025-05-24,RIDE_001,Standard Urban Commute Ride (10 km),Rideshare & Mobility,24.72,24.5,8.0,23.54,0.0,312,4.43,826,148.43,0.0,Standard,Spring,5,5,Saturday,24,1,294.0,331.8,405,10011.6,6771.6
2025-05-24,RIDE_002,Premium Black Airport Transfer,Rideshare & Mobility,56.53,65.0,22.0,64.2,10.0,87,4.56,690,134.55,0.0,Standard,Spring,5,5,Saturday,24,1,100.14,112.63,140,7914.2,4834.2
2025-05-25,APP_001,Premium Merino Wool Sweater,Apparel & Fashion,78.66,79.99,28.0,79.34,5.0,263,4.86,759,150.8,0.0,Standard,Spring,5,6,Sunday,25,1,75.57,87.4,72,5663.52,3647.52
2025-05-25,APP_002,Breathable Performance Running Shoes,Apparel & Fashion,114.1,119.99,42.0,119.75,0.0,858,4.36,665,211.2,0.0,Standard,Spring,5,6,Sunday,25,1,123.43,113.73,136,15517.6,9805.6
2025-05-25,APP_003,Classic Waterproof Trench Coat,Apparel & Fashion,114.95,149.99,55.0,133.52,25.0,137,4.25,759,168.5,0.0,Premium,Spring,5,6,Sunday,25,1,40.0,38.47,58,6667.1,3477.1
2025-05-25,ELEC_001,Pro Wireless Noise-Cancelling Headphones,Electronics,200.24,199.99,85.0,216.59,0.0,844,4.37,851,145.71,0.0,Budget,Spring,5,6,Sunday,25,1,58.29,66.0,67,13416.08,7721.08
2025-05-25,ELEC_002,Ultra HD 4K Smart TV 55-inch,Electronics,566.92,549.99,280.0,525.27,0.0,626,4.66,687,199.01,0.0,Budget,Spring,5,6,Sunday,25,1,29.0,29.8,28,15873.76,8033.76
2025-05-25,ELEC_003,Smart Fitness Watch Gen-4,Electronics,115.56,129.99,50.0,132.66,10.0,213,4.29,749,102.72,0.0,Standard,Spring,5,6,Sunday,25,1,95.43,91.6,116,13404.96,7604.96
2025-05-25,ELEC_004,Ergonomic Mechanical Keyboard,Electronics,90.0,89.99,35.0,85.56,0.0,646,4.86,745,133.72,0.0,Budget,Spring,5,6,Sunday,25,1,54.43,57.9,68,6120.0,3740.0
2025-05-25,HOME_001,Espresso Machine & Milk Frother,Home & Living,144.92,159.99,65.0,171.49,5.0,579,4.78,847,109.02,0.0,Standard,Spring,5,6,Sunday,25,1,42.57,45.4,49,7101.08,3916.08
2025-05-25,HOME_002,Cordless Handheld Vacuum Cleaner,Home & Living,104.58,99.99,40.0,96.02,0.0,239,4.19,858,180.75,0.0,Budget,Spring,5,6,Sunday,25,1,68.57,74.6,64,6693.12,4133.12
2025-05-25,HOSP_001,Deluxe City Center King Room (Per Night),Hospitality & Stays,194.85,175.0,45.0,166.53,0.0,559,4.28,879,73.62,0.0,Standard,Spring,5,6,Sunday,25,1,134.57,129.07,106,20654.1,15884.1
2025-05-25,HOSP_002,Executive Skyline Suite (Per Night),Hospitality & Stays,408.68,350.0,90.0,313.78,0.0,536,4.53,785,146.24,0.0,Standard,Spring,5,6,Sunday,25,1,19.86,21.27,20,8173.6,6373.6
2025-05-25,RIDE_001,Standard Urban Commute Ride (10 km),Rideshare & Mobility,25.03,24.5,8.0,24.39,0.0,712,4.49,744,126.2,0.0,Enterprise,Spring,5,6,Sunday,25,1,296.57,329.8,284,7108.52,4836.52
2025-05-25,RIDE_002,Premium Black Airport Transfer,Rideshare & Mobility,49.68,65.0,22.0,65.61,25.0,633,4.77,850,134.95,0.0,Standard,Spring,5,6,Sunday,25,1,99.29,109.9,87,4322.16,2408.16
2025-05-26,APP_001,Premium Merino Wool Sweater,Apparel & Fashion,78.66,79.99,28.0,82.3,0.0,176,4.4,717,48.46,0.0,Standard,Spring,5,0,Monday,26,0,77.86,87.2,87,6843.42,4407.42
2025-05-26,APP_002,Breathable Performance Running Shoes,Apparel & Fashion,121.26,119.99,42.0,110.88,0.0,746,4.45,872,141.2,0.0,Budget,Spring,5,0,Monday,26,0,128.86,114.57,112,13581.12,8877.12
2025-05-26,APP_003,Classic Waterproof Trench Coat,Apparel & Fashion,145.47,149.99,55.0,146.27,0.0,99,4.0,747,134.84,0.0,Standard,Spring,5,0,Monday,26,0,40.71,38.47,38,5527.86,3437.86
2025-05-26,ELEC_001,Pro Wireless Noise-Cancelling Headphones,Electronics,201.85,199.99,85.0,207.71,0.0,777,4.15,647,164.97,0.0,Budget,Spring,5,0,Monday,26,0,58.29,65.97,67,13523.95,7828.95
2025-05-26,ELEC_002,Ultra HD 4K Smart TV 55-inch,Electronics,572.86,549.99,280.0,580.95,0.0,600,4.65,730,111.57,0.0,Budget,Spring,5,0,Monday,26,0,27.29,29.77,26,14894.36,7614.36
2025-05-26,ELEC_003,Smart Fitness Watch Gen-4,Electronics,132.12,129.99,50.0,134.26,0.0,128,4.23,783,116.01,0.0,Budget,Spring,5,0,Monday,26,0,92.57,91.33,85,11230.2,6980.2
2025-05-26,ELEC_004,Ergonomic Mechanical Keyboard,Electronics,88.92,89.99,35.0,89.24,0.0,609,4.48,727,193.73,0.0,Enterprise,Spring,5,0,Monday,26,0,52.57,57.07,37,3290.04,1995.04
2025-05-26,HOME_001,Espresso Machine & Milk Frother,Home & Living,162.27,159.99,65.0,162.83,0.0,539,4.24,753,167.96,0.0,Standard,Spring,5,0,Monday,26,0,42.86,45.43,40,6490.8,3890.8
2025-05-26,HOME_002,Cordless Handheld Vacuum Cleaner,Home & Living,104.67,99.99,40.0,94.29,0.0,191,4.66,783,87.73,0.0,Standard,Spring,5,0,Monday,26,0,64.57,71.93,48,5024.16,3104.16
2025-05-26,HOSP_001,Deluxe City Center King Room (Per Night),Hospitality & Stays,165.35,175.0,45.0,166.71,5.0,430,4.44,822,125.72,0.0,Budget,Spring,5,0,Monday,26,0,125.57,130.03,129,21330.15,15525.15
2025-05-26,HOSP_002,Executive Skyline Suite (Per Night),Hospitality & Stays,356.47,350.0,90.0,341.78,0.0,525,4.77,847,187.1,0.0,Enterprise,Spring,5,0,Monday,26,0,17.86,20.9,11,3921.17,2931.17
2025-05-26,RIDE_001,Standard Urban Commute Ride (10 km),Rideshare & Mobility,24.31,24.5,8.0,25.33,0.0,285,4.06,813,154.93,0.0,Standard,Spring,5,0,Monday,26,0,306.14,325.6,427,10380.37,6964.37
2025-05-26,RIDE_002,Premium Black Airport Transfer,Rideshare & Mobility,65.33,65.0,22.0,65.52,0.0,498,4.45,790,124.76,0.0,Budget,Spring,5,0,Monday,26,0,105.0,110.57,135,8819.55,5849.55
2025-05-27,APP_001,Premium Merino Wool Sweater,Apparel & Fashion,66.35,79.99,28.0,76.67,20.0,595,4.35,767,206.02,0.0,Premium,Spring,5,1,Tuesday,27,0,82.29,87.77,102,6767.7,3911.7
2025-05-27,APP_002,Breathable Performance Running Shoes,Apparel & Fashion,119.83,119.99,42.0,129.53,0.0,619,4.86,861,128.57,0.0,Budget,Spring,5,1,Tuesday,27,0,113.71,115.67,127,15218.41,9884.41
2025-05-27,APP_003,Classic Waterproof Trench Coat,Apparel & Fashion,155.87,149.99,55.0,158.76,0.0,809,4.56,782,69.35,0.0,Budget,Spring,5,1,Tuesday,27,0,39.57,36.97,36,5611.32,3631.32
2025-05-27,ELEC_001,Pro Wireless Noise-Cancelling Headphones,Electronics,192.61,199.99,85.0,187.04,0.0,706,4.87,850,87.76,0.0,Budget,Spring,5,1,Tuesday,27,0,60.0,66.2,71,13675.31,7640.31
2025-05-27,ELEC_002,Ultra HD 4K Smart TV 55-inch,Electronics,530.14,549.99,280.0,547.45,0.0,567,4.4,727,90.73,0.0,Budget,Spring,5,1,Tuesday,27,0,28.14,29.83,33,17494.62,8254.62
2025-05-27,ELEC_003,Smart Fitness Watch Gen-4,Electronics,130.81,129.99,50.0,116.53,0.0,501,4.28,841,191.49,0.0,Premium,Spring,5,1,Tuesday,27,0,86.57,90.63,60,7848.6,4848.6
2025-05-27,ELEC_004,Ergonomic Mechanical Keyboard,Electronics,89.06,89.99,35.0,91.45,0.0,542,4.37,817,75.5,0.0,Budget,Spring,5,1,Tuesday,27,0,54.86,57.07,67,5967.02,3622.02
2025-05-27,HOME_001,Espresso Machine & Milk Frother,Home & Living,163.49,159.99,65.0,148.79,0.0,505,4.62,716,163.43,0.0,Standard,Spring,5,1,Tuesday,27,0,43.29,44.8,34,5558.66,3348.66
2025-05-27,HOME_002,Cordless Handheld Vacuum Cleaner,Home & Living,96.31,99.99,40.0,101.29,0.0,137,4.12,727,104.87,0.0,Premium,Spring,5,1,Tuesday,27,0,64.29,71.7,54,5200.74,3040.74
2025-05-27,HOSP_001,Deluxe City Center King Room (Per Night),Hospitality & Stays,172.03,175.0,45.0,175.75,0.0,319,4.8,781,123.36,0.0,Standard,Spring,5,1,Tuesday,27,0,125.14,129.0,111,19095.33,14100.33
2025-05-27,HOSP_002,Executive Skyline Suite (Per Night),Hospitality & Stays,332.79,350.0,90.0,348.87,0.0,503,4.54,763,193.7,0.0,Budget,Spring,5,1,Tuesday,27,0,17.14,20.83,22,7321.38,5341.38
2025-05-27,RIDE_001,Standard Urban Commute Ride (10 km),Rideshare & Mobility,23.31,24.5,8.0,21.57,0.0,433,4.56,832,147.33,0.0,Standard,Spring,5,1,Tuesday,27,0,325.86,321.67,285,6643.35,4363.35
2025-05-27,RIDE_002,Premium Black Airport Transfer,Rideshare & Mobility,65.94,65.0,22.0,63.38,0.0,407,4.51,867,156.03,0.0,Standard,Spring,5,1,Tuesday,27,0,106.71,108.5,91,6000.54,3998.54
2025-05-28,APP_001,Premium Merino Wool Sweater,Apparel & Fashion,80.18,79.99,28.0,76.11,0.0,507,4.07,854,153.12,0.0,Budget,Spring,5,2,Wednesday,28,0,85.14,86.37,88,7055.84,4591.84
2025-05-28,APP_002,Breathable Performance Running Shoes,Apparel & Fashion,122.56,119.99,42.0,118.49,0.0,514,4.27,820,234.51,0.0,Standard,Spring,5,2,Wednesday,28,0,113.86,115.73,105,12868.8,8458.8
2025-05-28,APP_003,Classic Waterproof Trench Coat,Apparel & Fashion,117.23,149.99,55.0,157.49,25.0,755,4.9,767,127.56,0.0,Premium,Spring,5,2,Wednesday,28,0,41.71,37.83,54,6330.42,3360.42
2025-05-28,ELEC_001,Pro Wireless Noise-Cancelling Headphones,Electronics,206.57,199.99,85.0,200.76,0.0,655,4.39,729,175.96,0.0,Standard,Spring,5,2,Wednesday,28,0,60.86,65.97,51,10535.07,6200.07
2025-05-28,ELEC_002,Ultra HD 4K Smart TV 55-inch,Electronics,485.64,549.99,280.0,550.24,15.0,532,4.18,856,110.27,0.0,Standard,Spring,5,2,Wednesday,28,0,28.29,30.1,35,16997.4,7197.4
2025-05-28,ELEC_003,Smart Fitness Watch Gen-4,Electronics,125.13,129.99,50.0,134.5,0.0,408,4.53,692,92.67,0.0,Standard,Spring,5,2,Wednesday,28,0,86.43,90.7,93,11637.09,6987.09
2025-05-28,ELEC_004,Ergonomic Mechanical Keyboard,Electronics,88.03,89.99,35.0,89.23,0.0,480,4.73,804,162.95,0.0,Budget,Spring,5,2,Wednesday,28,0,56.43,57.2,62,5457.86,3287.86
2025-05-28,HOME_001,Espresso Machine & Milk Frother,Home & Living,156.51,159.99,65.0,163.13,0.0,462,4.84,781,175.16,0.0,Standard,Spring,5,2,Wednesday,28,0,44.86,44.17,43,6729.93,3934.93
2025-05-28,HOME_002,Cordless Handheld Vacuum Cleaner,Home & Living,100.73,99.99,40.0,98.86,0.0,573,4.5,738,136.0,0.0,Standard,Spring,5,2,Wednesday,28,0,63.29,71.4,59,5943.07,3583.07
2025-05-28,HOSP_001,Deluxe City Center King Room (Per Night),Hospitality & Stays,159.71,175.0,45.0,180.39,10.0,175,4.3,814,154.04,0.0,Standard,Spring,5,2,Wednesday,28,0,133.14,128.93,144,22998.24,16518.24
2025-05-28,HOSP_002,Executive Skyline Suite (Per Night),Hospitality & Stays,348.19,350.0,90.0,340.55,0.0,480,4.67,750,235.16,0.0,Standard,Spring,5,2,Wednesday,28,0,18.0,20.9,23,8008.37,5938.37
2025-05-28,RIDE_001,Standard Urban Commute Ride (10 km),Rideshare & Mobility,24.83,24.5,8.0,23.92,0.0,586,4.19,784,138.42,0.0,Budget,Spring,5,2,Wednesday,28,0,332.0,331.17,384,9534.72,6462.72
2025-05-28,RIDE_002,Premium Black Airport Transfer,Rideshare & Mobility,63.84,65.0,22.0,60.65,0.0,304,4.14,834,177.02,0.0,Budget,Spring,5,2,Wednesday,28,0,111.43,107.8,103,6575.52,4309.52
2025-05-29,APP_001,Premium Merino Wool Sweater,Apparel & Fashion,77.7,79.99,28.0,76.82,0.0,425,4.5,886,111.36,0.0,Budget,Spring,5,3,Thursday,29,0,87.57,83.03,82,6371.4,4075.4
2025-05-29,APP_002,Breathable Performance Running Shoes,Apparel & Fashion,123.63,119.99,42.0,122.24,0.0,418,4.44,814,194.63,0.0,Standard,Spring,5,3,Thursday,29,0,111.71,115.73,96,11868.48,7836.48
2025-05-29,APP_003,Classic Waterproof Trench Coat,Apparel & Fashion,146.02,149.99,55.0,153.46,0.0,721,4.5,814,118.49,0.0,Budget,Spring,5,3,Thursday,29,0,41.29,37.9,34,4964.68,3094.68
2025-05-29,ELEC_001,Pro Wireless Noise-Cancelling Headphones,Electronics,147.84,199.99,85.0,196.5,25.0,512,4.48,778,178.29,0.0,Standard,Spring,5,3,Thursday,29,0,72.0,67.93,143,21141.12,8986.12
2025-05-29,ELEC_002,Ultra HD 4K Smart TV 55-inch,Electronics,476.89,549.99,280.0,575.64,15.0,490,4.17,684,200.17,0.0,Standard,Spring,5,3,Thursday,29,0,31.14,30.67,42,20029.38,8269.38
2025-05-29,ELEC_003,Smart Fitness Watch Gen-4,Electronics,99.47,129.99,50.0,132.6,25.0,248,4.71,862,108.96,0.0,Standard,Spring,5,3,Thursday,29,0,97.0,93.8,160,15915.2,7915.2
2025-05-29,ELEC_004,Ergonomic Mechanical Keyboard,Electronics,69.33,89.99,35.0,97.51,25.0,388,4.84,777,116.47,0.0,Standard,Spring,5,3,Thursday,29,0,62.86,57.27,92,6378.36,3158.36
2025-05-29,HOME_001,Espresso Machine & Milk Frother,Home & Living,167.1,159.99,65.0,151.74,0.0,421,4.02,853,123.64,0.0,Budget,Spring,5,3,Thursday,29,0,39.43,44.2,41,6851.1,4186.1
2025-05-29,HOME_002,Cordless Handheld Vacuum Cleaner,Home & Living,95.95,99.99,40.0,105.99,0.0,520,4.73,804,219.62,0.0,Enterprise,Spring,5,3,Thursday,29,0,59.14,70.73,53,5085.35,2965.35
2025-05-29,HOSP_001,Deluxe City Center King Room (Per Night),Hospitality & Stays,143.63,175.0,45.0,163.17,15.0,426,4.19,757,162.79,0.0,Premium,Spring,5,3,Thursday,29,0,134.57,129.37,154,22119.02,15189.02
2025-05-29,HOSP_002,Executive Skyline Suite (Per Night),Hospitality & Stays,355.78,350.0,90.0,334.93,0.0,459,4.66,774,236.28,0.0,Budget,Spring,5,3,Thursday,29,0,18.71,20.93,21,7471.38,5581.38
2025-05-29,RIDE_001,Standard Urban Commute Ride (10 km),Rideshare & Mobility,23.32,24.5,8.0,25.0,0.0,236,4.01,822,148.8,0.0,Standard,Spring,5,3,Thursday,29,0,367.14,331.97,350,8162.0,5362.0
2025-05-29,RIDE_002,Premium Black Airport Transfer,Rideshare & Mobility,54.54,65.0,22.0,65.85,20.0,183,4.07,766,116.82,0.0,Premium,Spring,5,3,Thursday,29,0,113.71,108.63,121,6599.34,3937.34
2025-05-30,APP_001,Premium Merino Wool Sweater,Apparel & Fashion,77.61,79.99,28.0,84.62,0.0,323,4.49,775,164.27,0.0,Standard,Spring,5,4,Friday,30,0,89.43,82.3,102,7916.22,5060.22
2025-05-30,APP_002,Breathable Performance Running Shoes,Apparel & Fashion,117.93,119.99,42.0,120.28,5.0,291,4.19,715,190.46,0.0,Budget,Spring,5,4,Friday,30,0,113.71,116.8,127,14977.11,9643.11
2025-05-30,APP_003,Classic Waterproof Trench Coat,Apparel & Fashion,151.64,149.99,55.0,156.21,0.0,694,4.45,776,181.29,0.0,Enterprise,Spring,5,4,Friday,30,0,40.86,37.6,27,4094.28,2609.28
2025-05-30,ELEC_001,Pro Wireless Noise-Cancelling Headphones,Electronics,190.67,199.99,85.0,201.73,0.0,435,4.89,852,137.14,0.0,Budget,Spring,5,4,Friday,30,0,76.43,68.2,77,14681.59,8136.59
2025-05-30,ELEC_002,Ultra HD 4K Smart TV 55-inch,Electronics,474.57,549.99,280.0,598.05,10.0,442,4.34,750,129.86,0.0,Budget,Spring,5,4,Friday,30,0,33.86,31.47,48,22779.36,9339.36
2025-05-30,ELEC_003,Smart Fitness Watch Gen-4,Electronics,126.3,129.99,50.0,118.65,0.0,157,4.53,751,192.62,0.0,Budget,Spring,5,4,Friday,30,0,97.57,94.73,91,11493.3,6943.3
2025-05-30,ELEC_004,Ergonomic Mechanical Keyboard,Electronics,86.83,89.99,35.0,85.58,0.0,345,4.57,797,203.19,0.0,Premium,Spring,5,4,Friday,30,0,60.14,56.9,43,3733.69,2228.69
2025-05-30,HOME_001,Espresso Machine & Milk Frother,Home & Living,164.97,159.99,65.0,174.57,0.0,384,4.76,806,140.65,0.0,Standard,Spring,5,4,Friday,30,0,39.71,43.83,37,6103.89,3698.89
2025-05-30,HOME_002,Cordless Handheld Vacuum Cleaner,Home & Living,96.09,99.99,40.0,93.07,0.0,448,4.02,681,104.13,0.0,Budget,Spring,5,4,Friday,30,0,58.86,70.53,72,6918.48,4038.48
2025-05-30,HOSP_001,Deluxe City Center King Room (Per Night),Hospitality & Stays,172.03,175.0,45.0,161.34,0.0,320,4.46,764,203.26,0.0,Standard,Spring,5,4,Friday,30,0,124.0,128.43,106,18235.18,13465.18
2025-05-30,HOSP_002,Executive Skyline Suite (Per Night),Hospitality & Stays,349.04,350.0,90.0,358.94,0.0,435,4.82,701,183.91,0.0,Standard,Spring,5,4,Friday,30,0,19.29,21.27,24,8376.96,6216.96
2025-05-30,RIDE_001,Standard Urban Commute Ride (10 km),Rideshare & Mobility,23.67,24.5,8.0,26.25,0.0,704,4.72,820,100.75,0.0,Premium,Spring,5,4,Friday,30,0,338.71,330.13,236,5586.12,3698.12
2025-05-30,RIDE_002,Premium Black Airport Transfer,Rideshare & Mobility,64.53,65.0,22.0,65.02,0.0,631,4.39,791,166.42,0.0,Budget,Spring,5,4,Friday,30,0,113.43,109.07,117,7550.01,4976.01
2025-05-31,APP_001,Premium Merino Wool Sweater,Apparel & Fashion,82.35,79.99,28.0,79.78,0.0,258,4.69,730,153.09,0.0,Premium,Spring,5,5,Saturday,31,1,85.43,81.0,65,5352.75,3532.75
2025-05-31,APP_002,Breathable Performance Running Shoes,Apparel & Fashion,90.88,119.99,42.0,131.93,25.0,93,4.87,745,177.88,0.0,Budget,Spring,5,5,Saturday,31,1,128.71,119.9,198,17994.24,9678.24
2025-05-31,APP_003,Classic Waterproof Trench Coat,Apparel & Fashion,156.21,149.99,55.0,148.33,0.0,664,4.45,732,159.93,0.0,Standard,Spring,5,5,Saturday,31,1,39.57,37.23,30,4686.3,3036.3
2025-05-31,ELEC_001,Pro Wireless Noise-Cancelling Headphones,Electronics,166.87,199.99,85.0,187.62,15.0,337,4.46,831,186.65,0.0,Standard,Spring,5,5,Saturday,31,1,82.0,69.87,98,16353.26,8023.26
2025-05-31,ELEC_002,Ultra HD 4K Smart TV 55-inch,Electronics,488.42,549.99,280.0,539.46,15.0,415,4.13,793,134.0,0.0,Enterprise,Spring,5,5,Saturday,31,1,34.14,31.2,27,13187.34,5627.34
2025-05-31,ELEC_003,Smart Fitness Watch Gen-4,Electronics,124.6,129.99,50.0,130.31,0.0,784,4.17,810,101.07,0.0,Standard,Spring,5,5,Saturday,31,1,100.57,95.2,99,12335.4,7385.4
2025-05-31,ELEC_004,Ergonomic Mechanical Keyboard,Electronics,87.35,89.99,35.0,91.58,0.0,282,4.36,764,158.76,0.0,Budget,Spring,5,5,Saturday,31,1,61.71,57.6,63,5503.05,3298.05
2025-05-31,HOME_001,Espresso Machine & Milk Frother,Home & Living,158.06,159.99,65.0,167.3,0.0,342,4.7,809,133.68,0.0,Standard,Spring,5,5,Saturday,31,1,40.86,44.27,42,6638.52,3908.52
2025-05-31,HOME_002,Cordless Handheld Vacuum Cleaner,Home & Living,103.23,99.99,40.0,99.81,0.0,392,4.4,820,78.65,0.0,Standard,Spring,5,5,Saturday,31,1,58.0,70.17,56,5780.88,3540.88
2025-05-31,HOSP_001,Deluxe City Center King Room (Per Night),Hospitality & Stays,218.54,175.0,45.0,183.69,0.0,240,4.89,881,162.96,0.0,Premium,Spring,5,5,Saturday,31,1,118.57,127.3,80,17483.2,13883.2
2025-05-31,HOSP_002,Executive Skyline Suite (Per Night),Hospitality & Stays,411.11,350.0,90.0,332.96,0.0,414,4.74,766,127.91,0.0,Standard,Spring,5,5,Saturday,31,1,20.29,21.23,21,8633.31,6743.31
2025-05-31,RIDE_001,Standard Urban Commute Ride (10 km),Rideshare & Mobility,18.8,24.5,8.0,24.48,20.0,588,4.86,782,124.94,0.0,Premium,Spring,5,5,Saturday,31,1,381.43,350.37,704,13235.2,7603.2
2025-05-31,RIDE_002,Premium Black Airport Transfer,Rideshare & Mobility,64.94,65.0,22.0,63.16,0.0,513,4.45,827,88.36,0.0,Standard,Spring,5,5,Saturday,31,1,110.29,110.4,118,7662.92,5066.92
2025-06-01,APP_001,Premium Merino Wool Sweater,Apparel & Fashion,82.88,79.99,28.0,80.16,0.0,207,4.09,767,129.1,0.0,Premium,Summer,6,6,Sunday,1,1,82.43,77.83,51,4226.88,2798.88
2025-06-01,APP_002,Breathable Performance Running Shoes,Apparel & Fashion,125.69,119.99,42.0,133.54,0.0,533,4.87,842,196.52,0.0,Budget,Summer,6,6,Sunday,1,1,122.57,120.63,93,11689.17,7783.17
2025-06-01,APP_003,Classic Waterproof Trench Coat,Apparel & Fashion,142.85,149.99,55.0,148.42,0.0,626,4.5,878,134.59,0.0,Standard,Summer,6,6,Sunday,1,1,36.71,36.77,38,5428.3,3338.3
2025-06-01,ELEC_001,Pro Wireless Noise-Cancelling Headphones,Electronics,192.78,199.99,85.0,178.98,0.0,274,4.03,948,194.33,0.0,Budget,Summer,6,6,Sunday,1,1,81.43,69.33,63,12145.14,6790.14
2025-06-01,ELEC_002,Ultra HD 4K Smart TV 55-inch,Electronics,557.01,549.99,280.0,586.15,0.0,383,4.17,773,197.28,0.0,Budget,Summer,6,6,Sunday,1,1,34.71,31.43,32,17824.32,8864.32
2025-06-01,ELEC_003,Smart Fitness Watch Gen-4,Electronics,131.93,129.99,50.0,122.74,0.0,699,4.15,801,102.71,0.0,Budget,Summer,6,6,Sunday,1,1,96.14,94.8,85,11214.05,6964.05
2025-06-01,ELEC_004,Ergonomic Mechanical Keyboard,Electronics,89.93,89.99,35.0,86.7,0.0,216,4.51,783,72.98,0.0,Budget,Summer,6,6,Sunday,1,1,61.43,57.43,66,5935.38,3625.38
2025-06-01,HOME_001,Espresso Machine & Milk Frother,Home & Living,160.03,159.99,65.0,165.21,0.0,289,4.49,796,136.77,0.0,Budget,Summer,6,6,Sunday,1,1,41.43,44.43,53,8481.59,5036.59
2025-06-01,HOME_002,Cordless Handheld Vacuum Cleaner,Home & Living,96.25,99.99,40.0,104.44,0.0,318,4.48,833,191.39,0.0,Standard,Summer,6,6,Sunday,1,1,59.43,70.57,74,7122.5,4162.5
2025-06-01,HOSP_001,Deluxe City Center King Room (Per Night),Hospitality & Stays,220.88,175.0,45.0,175.88,0.0,138,4.32,913,85.64,0.0,Enterprise,Summer,6,6,Sunday,1,1,118.0,127.47,102,22529.76,17939.76
2025-06-01,HOSP_002,Executive Skyline Suite (Per Night),Hospitality & Stays,395.57,350.0,90.0,343.86,0.0,378,4.74,828,172.91,0.0,Standard,Summer,6,6,Sunday,1,1,22.57,21.77,36,14240.52,11000.52
2025-06-01,RIDE_001,Standard Urban Commute Ride (10 km),Rideshare & Mobility,25.28,24.5,8.0,23.64,0.0,264,4.52,820,143.49,0.0,Premium,Summer,6,6,Sunday,1,1,387.14,345.07,324,8190.72,5598.72
2025-06-01,RIDE_002,Premium Black Airport Transfer,Rideshare & Mobility,67.38,65.0,22.0,60.24,0.0,399,4.8,797,114.53,0.0,Standard,Summer,6,6,Sunday,1,1,114.14,110.67,114,7681.32,5173.32
2025-06-02,APP_001,Premium Merino Wool Sweater,Apparel & Fashion,77.48,79.99,28.0,84.11,0.0,106,4.56,780,147.09,0.0,Budget,Summer,6,0,Monday,2,0,84.43,78.67,101,7825.48,4997.48
2025-06-02,APP_002,Breathable Performance Running Shoes,Apparel & Fashion,124.26,119.99,42.0,121.92,0.0,426,4.67,780,181.5,0.0,Budget,Summer,6,0,Monday,2,0,121.86,118.07,107,13295.82,8801.82
2025-06-02,APP_003,Classic Waterproof Trench Coat,Apparel & Fashion,137.24,149.99,55.0,137.29,5.0,586,4.32,782,180.47,0.0,Standard,Summer,6,0,Monday,2,0,37.0,37.1,40,5489.6,3289.6
2025-06-02,ELEC_001,Pro Wireless Noise-Cancelling Headphones,Electronics,207.35,199.99,85.0,202.76,0.0,224,4.16,771,184.8,0.0,Premium,Summer,6,0,Monday,2,0,79.0,68.83,50,10367.5,6117.5
2025-06-02,ELEC_002,Ultra HD 4K Smart TV 55-inch,Electronics,542.07,549.99,280.0,515.63,0.0,355,4.13,748,199.51,0.0,Standard,Summer,6,0,Monday,2,0,35.0,31.13,28,15177.96,7337.96
2025-06-02,ELEC_003,Smart Fitness Watch Gen-4,Electronics,92.79,129.99,50.0,133.49,25.0,522,4.07,832,170.05,0.0,Standard,Summer,6,0,Monday,2,0,109.29,98.4,177,16423.83,7573.83
2025-06-02,ELEC_004,Ergonomic Mechanical Keyboard,Electronics,80.96,89.99,35.0,87.46,10.0,157,4.37,822,173.19,0.0,Premium,Summer,6,0,Monday,2,0,64.57,58.07,59,4776.64,2711.64
2025-06-02,HOME_001,Espresso Machine & Milk Frother,Home & Living,165.32,159.99,65.0,166.81,0.0,249,4.55,848,178.15,0.0,Budget,Summer,6,0,Monday,2,0,41.43,43.93,40,6612.8,4012.8
2025-06-02,HOME_002,Cordless Handheld Vacuum Cleaner,Home & Living,97.18,99.99,40.0,103.1,0.0,242,4.87,777,99.54,0.0,Budget,Summer,6,0,Monday,2,0,63.43,70.9,76,7385.68,4345.68
2025-06-02,HOSP_001,Deluxe City Center King Room (Per Night),Hospitality & Stays,170.25,175.0,45.0,184.39,0.0,613,4.02,764,185.69,0.0,Budget,Summer,6,0,Monday,2,0,119.29,126.33,138,23494.5,17284.5
2025-06-02,HOSP_002,Executive Skyline Suite (Per Night),Hospitality & Stays,362.56,350.0,90.0,314.31,0.0,356,4.04,835,135.94,0.0,Premium,Summer,6,0,Monday,2,0,24.14,21.8,22,7976.32,5996.32
2025-06-02,RIDE_001,Standard Urban Commute Ride (10 km),Rideshare & Mobility,24.58,24.5,8.0,26.78,0.0,487,4.88,816,198.53,0.0,Budget,Summer,6,0,Monday,2,0,363.86,346.13,264,6489.12,4377.12
2025-06-02,RIDE_002,Premium Black Airport Transfer,Rideshare & Mobility,64.21,65.0,22.0,56.86,0.0,278,4.89,798,111.8,0.0,Standard,Summer,6,0,Monday,2,0,112.14,110.57,121,7769.41,5107.41
2025-06-03,APP_001,Premium Merino Wool Sweater,Apparel & Fashion,79.5,79.99,28.0,71.23,0.0,449,4.02,768,150.64,0.0,Standard,Summer,6,1,Tuesday,3,0,80.0,78.53,71,5644.5,3656.5
2025-06-03,APP_002,Breathable Performance Running Shoes,Apparel & Fashion,114.34,119.99,42.0,125.62,0.0,330,4.0,762,175.8,0.0,Premium,Summer,6,1,Tuesday,3,0,117.43,117.9,96,10976.64,6944.64
2025-06-03,APP_003,Classic Waterproof Trench Coat,Apparel & Fashion,144.38,149.99,55.0,157.23,0.0,540,4.33,855,215.8,0.0,Budget,Summer,6,1,Tuesday,3,0,38.43,37.57,46,6641.48,4111.48
2025-06-03,ELEC_001,Pro Wireless Noise-Cancelling Headphones,Electronics,207.37,199.99,85.0,199.68,0.0,154,4.51,906,194.22,0.0,Budget,Summer,6,1,Tuesday,3,0,78.86,68.4,70,14515.9,8565.9
2025-06-03,ELEC_002,Ultra HD 4K Smart TV 55-inch,Electronics,538.98,549.99,280.0,542.34,0.0,323,4.58,789,214.35,0.0,Standard,Summer,6,1,Tuesday,3,0,34.86,31.37,32,17247.36,8287.36
2025-06-03,ELEC_003,Smart Fitness Watch Gen-4,Electronics,131.87,129.99,50.0,133.75,0.0,430,4.03,829,169.35,0.0,Budget,Summer,6,1,Tuesday,3,0,113.86,95.5,92,12132.04,7532.04
2025-06-03,ELEC_004,Ergonomic Mechanical Keyboard,Electronics,93.85,89.99,35.0,92.73,0.0,93,4.41,787,169.45,0.0,Budget,Summer,6,1,Tuesday,3,0,64.14,58.5,64,6006.4,3766.4
2025-06-03,HOME_001,Espresso Machine & Milk Frother,Home & Living,156.1,159.99,65.0,165.54,0.0,200,4.84,782,131.77,0.0,Budget,Summer,6,1,Tuesday,3,0,43.57,44.1,49,7648.9,4463.9
2025-06-03,HOME_002,Cordless Handheld Vacuum Cleaner,Home & Living,96.0,99.99,40.0,105.58,0.0,166,4.81,829,141.86,0.0,Standard,Summer,6,1,Tuesday,3,0,66.57,71.37,76,7296.0,4256.0
2025-06-03,HOSP_001,Deluxe City Center King Room (Per Night),Hospitality & Stays,175.58,175.0,45.0,175.51,0.0,464,4.8,810,103.46,0.0,Premium,Summer,6,1,Tuesday,3,0,124.71,127.7,149,26161.42,19456.42
2025-06-03,HOSP_002,Executive Skyline Suite (Per Night),Hospitality & Stays,361.06,350.0,90.0,359.24,0.0,327,4.46,756,102.66,0.0,Budget,Summer,6,1,Tuesday,3,0,25.14,21.9,29,10470.74,7860.74
2025-06-03,RIDE_001,Standard Urban Commute Ride (10 km),Rideshare & Mobility,18.93,24.5,8.0,23.76,20.0,752,4.22,853,139.76,0.0,Premium,Summer,6,1,Tuesday,3,0,392.71,338.8,487,9218.91,5322.91
2025-06-03,RIDE_002,Premium Black Airport Transfer,Rideshare & Mobility,65.37,65.0,22.0,67.01,0.0,199,4.66,735,205.15,0.0,Standard,Summer,6,1,Tuesday,3,0,110.43,108.7,79,5164.23,3426.23
2025-06-04,APP_001,Premium Merino Wool Sweater,Apparel & Fashion,78.08,79.99,28.0,78.52,0.0,380,4.72,787,93.62,0.0,Premium,Summer,6,2,Wednesday,4,0,77.29,78.67,69,5387.52,3455.52
2025-06-04,APP_002,Breathable Performance Running Shoes,Apparel & Fashion,119.35,119.99,42.0,110.71,0.0,208,4.61,824,154.74,0.0,Budget,Summer,6,2,Wednesday,4,0,119.86,118.57,122,14560.7,9436.7
2025-06-04,APP_003,Classic Waterproof Trench Coat,Apparel & Fashion,152.21,149.99,55.0,137.2,0.0,511,4.82,829,189.6,0.0,Budget,Summer,6,2,Wednesday,4,0,34.86,37.37,29,4414.09,2819.09
2025-06-04,ELEC_001,Pro Wireless Noise-Cancelling Headphones,Electronics,192.12,199.99,85.0,189.09,0.0,95,4.59,889,147.43,0.0,Premium,Summer,6,2,Wednesday,4,0,80.0,68.37,59,11335.08,6320.08
2025-06-04,ELEC_002,Ultra HD 4K Smart TV 55-inch,Electronics,566.54,549.99,280.0,536.59,0.0,298,4.16,834,201.84,0.0,Budget,Summer,6,2,Wednesday,4,0,33.43,31.13,25,14163.5,7163.5
2025-06-04,ELEC_003,Smart Fitness Watch Gen-4,Electronics,106.74,129.99,50.0,123.81,20.0,293,4.89,842,179.77,0.0,Standard,Summer,6,2,Wednesday,4,0,120.14,96.47,137,14623.38,7773.38
2025-06-04,ELEC_004,Ergonomic Mechanical Keyboard,Electronics,93.91,89.99,35.0,96.92,0.0,812,4.78,786,125.36,0.0,Premium,Summer,6,2,Wednesday,4,0,61.71,56.5,45,4225.95,2650.95
2025-06-04,HOME_001,Espresso Machine & Milk Frother,Home & Living,155.86,159.99,65.0,155.07,0.0,154,4.33,738,113.88,0.0,Standard,Summer,6,2,Wednesday,4,0,44.0,44.17,46,7169.56,4179.56
2025-06-04,HOME_002,Cordless Handheld Vacuum Cleaner,Home & Living,104.85,99.99,40.0,110.37,0.0,111,4.46,798,139.28,0.0,Standard,Summer,6,2,Wednesday,4,0,66.0,71.1,55,5766.75,3566.75
2025-06-04,HOSP_001,Deluxe City Center King Room (Per Night),Hospitality & Stays,146.3,175.0,45.0,173.96,20.0,232,4.82,805,139.8,0.0,Premium,Summer,6,2,Wednesday,4,0,137.29,131.83,232,33941.6,23501.6
2025-06-04,HOSP_002,Executive Skyline Suite (Per Night),Hospitality & Stays,349.66,350.0,90.0,361.97,0.0,299,4.07,854,128.34,0.0,Premium,Summer,6,2,Wednesday,4,0,25.86,22.27,28,9790.48,7270.48
2025-06-04,RIDE_001,Standard Urban Commute Ride (10 km),Rideshare & Mobility,24.69,24.5,8.0,23.91,0.0,386,4.29,780,101.18,0.0,Budget,Summer,6,2,Wednesday,4,0,390.14,336.27,366,9036.54,6108.54
2025-06-04,RIDE_002,Premium Black Airport Transfer,Rideshare & Mobility,67.08,65.0,22.0,66.76,0.0,99,4.7,861,130.76,0.0,Standard,Summer,6,2,Wednesday,4,0,110.0,107.37,100,6708.0,4508.0
2025-06-05,APP_001,Premium Merino Wool Sweater,Apparel & Fashion,77.44,79.99,28.0,82.54,0.0,299,4.72,820,205.45,0.0,Premium,Summer,6,3,Thursday,5,0,77.14,79.3,81,6272.64,4004.64
2025-06-05,APP_002,Breathable Performance Running Shoes,Apparel & Fashion,114.85,119.99,42.0,115.42,0.0,128,4.75,853,166.78,0.0,Enterprise,Summer,6,3,Thursday,5,0,117.57,118.57,80,9188.0,5828.0
2025-06-05,APP_003,Classic Waterproof Trench Coat,Apparel & Fashion,151.85,149.99,55.0,147.71,0.0,478,4.16,802,138.19,0.0,Budget,Summer,6,3,Thursday,5,0,34.71,37.1,33,5011.05,3196.05
2025-06-05,ELEC_001,Pro Wireless Noise-Cancelling Headphones,Electronics,207.56,199.99,85.0,203.4,0.0,532,4.36,881,197.58,0.0,Premium,Summer,6,3,Thursday,5,0,65.86,68.23,44,9132.64,5392.64
2025-06-05,ELEC_002,Ultra HD 4K Smart TV 55-inch,Electronics,406.73,549.99,280.0,519.47,25.0,238,4.08,867,158.6,0.0,Budget,Summer,6,3,Thursday,5,0,36.0,32.13,60,24403.8,7603.8
2025-06-05,ELEC_003,Smart Fitness Watch Gen-4,Electronics,121.18,129.99,50.0,128.82,10.0,192,4.45,842,165.9,0.0,Budget,Summer,6,3,Thursday,5,0,111.71,96.63,101,12239.18,7189.18
2025-06-05,ELEC_004,Ergonomic Mechanical Keyboard,Electronics,91.45,89.99,35.0,91.54,0.0,773,4.64,855,207.33,0.0,Enterprise,Summer,6,3,Thursday,5,0,54.14,56.27,39,3566.55,2201.55
2025-06-05,HOME_001,Espresso Machine & Milk Frother,Home & Living,152.42,159.99,65.0,149.23,0.0,118,4.26,794,125.49,0.0,Standard,Summer,6,3,Thursday,5,0,43.29,44.3,36,5487.12,3147.12
2025-06-05,HOME_002,Cordless Handheld Vacuum Cleaner,Home & Living,100.36,99.99,40.0,102.81,0.0,550,4.26,812,135.29,0.0,Budget,Summer,6,3,Thursday,5,0,68.86,68.77,73,7326.28,4406.28
2025-06-05,HOSP_001,Deluxe City Center King Room (Per Night),Hospitality & Stays,128.59,175.0,45.0,167.85,25.0,465,4.43,844,218.87,0.0,Premium,Summer,6,3,Thursday,5,0,148.43,135.6,232,29832.88,19392.88
2025-06-05,HOSP_002,Executive Skyline Suite (Per Night),Hospitality & Stays,347.61,350.0,90.0,374.12,5.0,268,4.77,908,167.44,0.0,Premium,Summer,6,3,Thursday,5,0,27.29,22.43,31,10775.91,7985.91
2025-06-05,RIDE_001,Standard Urban Commute Ride (10 km),Rideshare & Mobility,24.87,24.5,8.0,25.31,0.0,595,4.81,944,140.74,0.0,Standard,Summer,6,3,Thursday,5,0,389.57,341.37,346,8605.02,5837.02
2025-06-05,RIDE_002,Premium Black Airport Transfer,Rideshare & Mobility,61.93,65.0,22.0,60.48,0.0,576,4.19,929,123.62,0.0,Premium,Summer,6,3,Thursday,5,0,103.57,106.77,76,4706.68,3034.68
2025-06-06,APP_001,Premium Merino Wool Sweater,Apparel & Fashion,78.37,79.99,28.0,75.48,0.0,213,4.16,934,96.01,0.0,Budget,Summer,6,4,Friday,6,0,74.86,79.6,86,6739.82,4331.82
2025-06-06,APP_002,Breathable Performance Running Shoes,Apparel & Fashion,118.04,119.99,42.0,117.37,0.0,695,4.68,793,208.73,0.0,Standard,Summer,6,4,Friday,6,0,114.71,117.37,107,12630.28,8136.28
2025-06-06,APP_003,Classic Waterproof Trench Coat,Apparel & Fashion,151.01,149.99,55.0,148.07,0.0,448,4.47,723,149.29,0.0,Standard,Summer,6,4,Friday,6,0,35.14,37.2,30,4530.3,2880.3
2025-06-06,ELEC_001,Pro Wireless Noise-Cancelling Headphones,Electronics,197.5,199.99,85.0,196.35,0.0,464,4.27,849,96.38,0.0,Standard,Summer,6,4,Friday,6,0,64.57,69.0,68,13430.0,7650.0
2025-06-06,ELEC_002,Ultra HD 4K Smart TV 55-inch,Electronics,544.34,549.99,280.0,507.64,0.0,206,4.22,824,128.49,0.0,Budget,Summer,6,4,Friday,6,0,33.71,32.17,32,17418.88,8458.88
2025-06-06,ELEC_003,Smart Fitness Watch Gen-4,Electronics,125.13,129.99,50.0,125.34,0.0,93,4.81,807,145.67,0.0,Standard,Summer,6,4,Friday,6,0,112.86,97.37,99,12387.87,7437.87
2025-06-06,ELEC_004,Ergonomic Mechanical Keyboard,Electronics,69.91,89.99,35.0,88.79,25.0,692,4.61,828,171.37,0.0,Standard,Summer,6,4,Friday,6,0,59.57,56.87,81,5662.71,2827.71
2025-06-06,HOME_001,Espresso Machine & Milk Frother,Home & Living,157.96,159.99,65.0,178.48,0.0,768,4.84,762,153.91,0.0,Budget,Summer,6,4,Friday,6,0,45.71,44.8,54,8529.84,5019.84
2025-06-06,HOME_002,Cordless Handheld Vacuum Cleaner,Home & Living,102.49,99.99,40.0,100.1,0.0,491,4.68,894,78.95,0.0,Standard,Summer,6,4,Friday,6,0,67.0,68.67,59,6046.91,3686.91
2025-06-06,HOSP_001,Deluxe City Center King Room (Per Night),Hospitality & Stays,172.99,175.0,45.0,174.57,0.0,278,4.03,765,225.84,0.0,Standard,Summer,6,4,Friday,6,0,160.0,133.83,187,32349.13,23934.13
2025-06-06,HOSP_002,Executive Skyline Suite (Per Night),Hospitality & Stays,363.12,350.0,90.0,341.39,0.0,236,4.59,747,146.19,0.0,Standard,Summer,6,4,Friday,6,0,28.43,22.93,32,11619.84,8739.84
2025-06-06,RIDE_001,Standard Urban Commute Ride (10 km),Rideshare & Mobility,23.84,24.5,8.0,25.16,0.0,107,4.33,870,147.07,0.0,Standard,Summer,6,4,Friday,6,0,425.57,345.83,488,11633.92,7729.92
2025-06-06,RIDE_002,Premium Black Airport Transfer,Rideshare & Mobility,63.7,65.0,22.0,61.55,0.0,471,4.73,746,207.65,0.0,Premium,Summer,6,4,Friday,6,0,101.86,106.57,105,6688.5,4378.5
2025-06-07,APP_001,Premium Merino Wool Sweater,Apparel & Fashion,79.88,79.99,28.0,85.21,0.0,152,4.37,778,98.28,0.0,Enterprise,Summer,6,5,Saturday,7,1,74.29,79.5,61,4872.68,3164.68
2025-06-07,APP_002,Breathable Performance Running Shoes,Apparel & Fashion,124.33,119.99,42.0,120.11,0.0,608,4.55,738,150.0,0.0,Premium,Summer,6,5,Saturday,7,1,98.86,117.0,87,10816.71,7162.71
2025-06-07,APP_003,Classic Waterproof Trench Coat,Apparel & Fashion,147.42,149.99,55.0,140.56,0.0,416,4.71,811,137.84,0.0,Premium,Summer,6,5,Saturday,7,1,35.43,37.33,32,4717.44,2957.44
2025-06-07,ELEC_001,Pro Wireless Noise-Cancelling Headphones,Electronics,200.96,199.99,85.0,211.71,0.0,385,4.54,915,63.95,0.0,Budget,Summer,6,5,Saturday,7,1,61.86,68.3,79,15875.84,9160.84
2025-06-07,ELEC_002,Ultra HD 4K Smart TV 55-inch,Electronics,535.7,549.99,280.0,601.57,0.0,180,4.4,894,133.02,0.0,Premium,Summer,6,5,Saturday,7,1,33.57,31.93,26,13928.2,6648.2
2025-06-07,ELEC_003,Smart Fitness Watch Gen-4,Electronics,133.71,129.99,50.0,137.91,0.0,463,4.42,837,149.13,0.0,Standard,Summer,6,5,Saturday,7,1,111.0,98.1,86,11499.06,7199.06
2025-06-07,ELEC_004,Ergonomic Mechanical Keyboard,Electronics,93.32,89.99,35.0,94.0,0.0,650,4.52,875,226.94,0.0,Premium,Summer,6,5,Saturday,7,1,56.57,57.07,42,3919.44,2449.44
2025-06-07,HOME_001,Espresso Machine & Milk Frother,Home & Living,164.16,159.99,65.0,166.95,0.0,728,4.2,774,148.38,0.0,Standard,Summer,6,5,Saturday,7,1,45.43,44.43,40,6566.4,3966.4
2025-06-07,HOME_002,Cordless Handheld Vacuum Cleaner,Home & Living,101.5,99.99,40.0,95.41,0.0,422,4.19,764,136.07,0.0,Budget,Summer,6,5,Saturday,7,1,68.86,68.87,69,7003.5,4243.5
2025-06-07,HOSP_001,Deluxe City Center King Room (Per Night),Hospitality & Stays,204.01,175.0,45.0,167.65,0.0,113,4.45,803,72.72,0.0,Budget,Summer,6,5,Saturday,7,1,172.14,134.87,165,33661.65,26236.65
2025-06-07,HOSP_002,Executive Skyline Suite (Per Night),Hospitality & Stays,425.08,350.0,90.0,350.72,0.0,208,4.38,853,134.56,0.0,Standard,Summer,6,5,Saturday,7,1,29.43,23.2,28,11902.24,9382.24
2025-06-07,RIDE_001,Standard Urban Commute Ride (10 km),Rideshare & Mobility,25.46,24.5,8.0,24.43,0.0,603,4.82,850,194.19,0.0,Enterprise,Summer,6,5,Saturday,7,1,340.29,336.8,107,2724.22,1868.22
2025-06-07,RIDE_002,Premium Black Airport Transfer,Rideshare & Mobility,62.19,65.0,22.0,63.74,5.0,331,4.71,769,66.49,0.0,Budget,Summer,6,5,Saturday,7,1,105.0,104.87,140,8706.6,5626.6
2025-06-08,APP_001,Premium Merino Wool Sweater,Apparel & Fashion,81.93,79.99,28.0,79.6,0.0,99,4.63,856,163.03,0.0,Enterprise,Summer,6,6,Sunday,8,1,74.57,78.63,53,4342.29,2858.29
2025-06-08,APP_002,Breathable Performance Running Shoes,Apparel & Fashion,118.65,119.99,42.0,109.56,0.0,544,4.45,798,197.75,0.0,Enterprise,Summer,6,6,Sunday,8,1,94.71,114.57,64,7593.6,4905.6
2025-06-08,APP_003,Classic Waterproof Trench Coat,Apparel & Fashion,156.46,149.99,55.0,154.03,0.0,379,4.06,830,137.79,0.0,Budget,Summer,6,6,Sunday,8,1,35.29,37.27,37,5789.02,3754.02
2025-06-08,ELEC_001,Pro Wireless Noise-Cancelling Headphones,Electronics,205.18,199.99,85.0,188.11,0.0,337,4.45,831,174.9,0.0,Premium,Summer,6,6,Sunday,8,1,59.71,67.9,48,9848.64,5768.64
2025-06-08,ELEC_002,Ultra HD 4K Smart TV 55-inch,Electronics,533.56,549.99,280.0,524.48,0.0,149,4.8,869,257.12,0.0,Standard,Summer,6,6,Sunday,8,1,33.43,32.37,31,16540.36,7860.36
2025-06-08,ELEC_003,Smart Fitness Watch Gen-4,Electronics,122.47,129.99,50.0,122.26,10.0,386,4.68,829,235.72,0.0,Premium,Summer,6,6,Sunday,8,1,109.86,96.57,77,9430.19,5580.19
2025-06-08,ELEC_004,Ergonomic Mechanical Keyboard,Electronics,87.52,89.99,35.0,89.43,0.0,591,4.43,749,138.61,0.0,Budget,Summer,6,6,Sunday,8,1,55.57,57.07,59,5163.68,3098.68
2025-06-08,HOME_001,Espresso Machine & Milk Frother,Home & Living,132.23,159.99,65.0,164.01,20.0,657,4.17,819,145.54,0.0,Budget,Summer,6,6,Sunday,8,1,48.0,45.17,71,9388.33,4773.33
2025-06-08,HOME_002,Cordless Handheld Vacuum Cleaner,Home & Living,99.25,99.99,40.0,92.72,0.0,368,4.84,879,186.65,0.0,Premium,Summer,6,6,Sunday,8,1,66.0,68.47,54,5359.5,3199.5
2025-06-08,HOSP_001,Deluxe City Center King Room (Per Night),Hospitality & Stays,194.97,175.0,45.0,158.0,0.0,475,4.14,822,229.18,0.0,Budget,Summer,6,6,Sunday,8,1,173.71,135.9,113,22031.61,16946.61
2025-06-08,HOSP_002,Executive Skyline Suite (Per Night),Hospitality & Stays,391.8,350.0,90.0,356.94,5.0,177,4.13,806,59.9,0.0,Standard,Summer,6,6,Sunday,8,1,28.71,23.3,31,12145.8,9355.8
2025-06-08,RIDE_001,Standard Urban Commute Ride (10 km),Rideshare & Mobility,25.05,24.5,8.0,22.22,0.0,216,4.06,823,135.93,0.0,Standard,Summer,6,6,Sunday,8,1,349.29,340.83,387,9694.35,6598.35
2025-06-08,RIDE_002,Premium Black Airport Transfer,Rideshare & Mobility,52.91,65.0,22.0,59.39,20.0,161,4.04,871,213.96,0.0,Standard,Summer,6,6,Sunday,8,1,113.0,106.73,170,8994.7,5254.7
2025-06-09,APP_001,Premium Merino Wool Sweater,Apparel & Fashion,81.52,79.99,28.0,84.06,0.0,526,4.29,794,158.37,0.0,Budget,Summer,6,0,Monday,9,0,72.0,78.73,83,6766.16,4442.16
2025-06-09,APP_002,Breathable Performance Running Shoes,Apparel & Fashion,119.15,119.99,42.0,123.07,5.0,422,4.55,784,212.04,0.0,Budget,Summer,6,0,Monday,9,0,96.86,112.5,122,14536.3,9412.3
2025-06-09,APP_003,Classic Waterproof Trench Coat,Apparel & Fashion,145.94,149.99,55.0,148.57,0.0,348,4.19,781,88.94,0.0,Standard,Summer,6,0,Monday,9,0,34.0,37.13,31,4524.14,2819.14
2025-06-09,ELEC_001,Pro Wireless Noise-Cancelling Headphones,Electronics,197.88,199.99,85.0,183.68,0.0,271,4.49,826,184.2,0.0,Standard,Summer,6,0,Monday,9,0,62.0,68.4,66,13060.08,7450.08
2025-06-09,ELEC_002,Ultra HD 4K Smart TV 55-inch,Electronics,534.4,549.99,280.0,546.02,0.0,120,4.79,800,148.93,0.0,Standard,Summer,6,0,Monday,9,0,33.57,32.73,29,15497.6,7377.6
2025-06-09,ELEC_003,Smart Fitness Watch Gen-4,Electronics,127.16,129.99,50.0,121.01,0.0,292,4.48,829,138.48,0.0,Budget,Summer,6,0,Monday,9,0,98.0,96.47,94,11953.04,7253.04
2025-06-09,ELEC_004,Ergonomic Mechanical Keyboard,Electronics,94.44,89.99,35.0,83.9,0.0,541,4.1,745,132.04,0.0,Budget,Summer,6,0,Monday,9,0,54.29,56.4,50,4722.0,2972.0
2025-06-09,HOME_001,Espresso Machine & Milk Frother,Home & Living,157.3,159.99,65.0,153.55,0.0,619,4.87,922,176.11,0.0,Premium,Summer,6,0,Monday,9,0,47.71,45.07,38,5977.4,3507.4
2025-06-09,HOME_002,Cordless Handheld Vacuum Cleaner,Home & Living,104.18,99.99,40.0,97.49,0.0,304,4.45,821,112.33,0.0,Budget,Summer,6,0,Monday,9,0,64.29,68.4,64,6667.52,4107.52
2025-06-09,HOSP_001,Deluxe City Center King Room (Per Night),Hospitality & Stays,149.31,175.0,45.0,187.8,15.0,204,4.22,806,137.28,0.0,Standard,Summer,6,0,Monday,9,0,192.71,139.0,271,40463.01,28268.01
2025-06-09,HOSP_002,Executive Skyline Suite (Per Night),Hospitality & Stays,351.41,350.0,90.0,336.46,0.0,140,4.8,904,144.02,0.0,Budget,Summer,6,0,Monday,9,0,30.86,23.97,37,13002.17,9672.17
2025-06-09,RIDE_001,Standard Urban Commute Ride (10 km),Rideshare & Mobility,18.98,24.5,8.0,25.67,25.0,631,4.13,795,178.86,0.0,Standard,Summer,6,0,Monday,9,0,342.43,336.07,216,4099.68,2371.68
2025-06-09,RIDE_002,Premium Black Airport Transfer,Rideshare & Mobility,64.04,65.0,22.0,65.11,0.0,719,4.58,761,155.99,0.0,Standard,Summer,6,0,Monday,9,0,114.43,108.1,131,8389.24,5507.24
2025-06-10,APP_001,Premium Merino Wool Sweater,Apparel & Fashion,81.22,79.99,28.0,73.78,0.0,467,4.07,813,176.94,0.0,Premium,Summer,6,1,Tuesday,10,0,70.29,78.13,59,4791.98,3139.98
2025-06-10,APP_002,Breathable Performance Running Shoes,Apparel & Fashion,114.37,119.99,42.0,121.1,0.0,303,4.28,861,173.4,0.0,Budget,Summer,6,1,Tuesday,10,0,100.14,112.8,119,13610.03,8612.03
2025-06-10,APP_003,Classic Waterproof Trench Coat,Apparel & Fashion,137.12,149.99,55.0,152.2,10.0,308,4.06,868,89.68,0.0,Standard,Summer,6,1,Tuesday,10,0,33.14,37.03,40,5484.8,3284.8
2025-06-10,ELEC_001,Pro Wireless Noise-Cancelling Headphones,Electronics,191.42,199.99,85.0,197.28,0.0,184,4.86,883,102.53,0.0,Budget,Summer,6,1,Tuesday,10,0,64.43,69.27,87,16653.54,9258.54
2025-06-10,ELEC_002,Ultra HD 4K Smart TV 55-inch,Electronics,532.96,549.99,280.0,570.03,0.0,88,4.83,750,77.57,0.0,Standard,Summer,6,1,Tuesday,10,0,33.57,32.53,32,17054.72,8094.72
2025-06-10,ELEC_003,Smart Fitness Watch Gen-4,Electronics,129.31,129.99,50.0,136.8,0.0,193,4.71,677,114.8,0.0,Budget,Summer,6,1,Tuesday,10,0,99.0,96.93,99,12801.69,7851.69
2025-06-10,ELEC_004,Ergonomic Mechanical Keyboard,Electronics,92.3,89.99,35.0,102.24,0.0,482,4.28,850,159.01,0.0,Standard,Summer,6,1,Tuesday,10,0,53.57,56.7,59,5445.7,3380.7
2025-06-10,HOME_001,Espresso Machine & Milk Frother,Home & Living,146.46,159.99,65.0,145.93,10.0,578,4.68,816,89.03,0.0,Premium,Summer,6,1,Tuesday,10,0,46.57,44.93,41,6004.86,3339.86
2025-06-10,HOME_002,Cordless Handheld Vacuum Cleaner,Home & Living,103.46,99.99,40.0,105.94,0.0,236,4.5,833,196.76,0.0,Budget,Summer,6,1,Tuesday,10,0,63.14,68.37,68,7035.28,4315.28
2025-06-10,HOSP_001,Deluxe City Center King Room (Per Night),Hospitality & Stays,177.12,175.0,45.0,178.58,0.0,545,4.4,724,177.81,0.0,Standard,Summer,6,1,Tuesday,10,0,196.29,141.63,174,30818.88,22988.88
2025-06-10,HOSP_002,Executive Skyline Suite (Per Night),Hospitality & Stays,360.82,350.0,90.0,341.48,0.0,112,4.11,855,108.24,0.0,Standard,Summer,6,1,Tuesday,10,0,30.71,24.2,28,10102.96,7582.96
2025-06-10,RIDE_001,Standard Urban Commute Ride (10 km),Rideshare & Mobility,24.66,24.5,8.0,23.37,0.0,234,4.65,790,156.12,0.0,Budget,Summer,6,1,Tuesday,10,0,329.57,336.53,397,9790.02,6614.02
2025-06-10,RIDE_002,Premium Black Airport Transfer,Rideshare & Mobility,62.73,65.0,22.0,67.01,0.0,593,4.5,855,161.51,0.0,Budget,Summer,6,1,Tuesday,10,0,121.14,106.9,126,7903.98,5131.98
2025-06-11,APP_001,Premium Merino Wool Sweater,Apparel & Fashion,74.39,79.99,28.0,76.59,5.0,379,4.66,847,146.6,0.0,Standard,Summer,6,2,Wednesday,11,0,73.0,78.13,88,6546.32,4082.32
2025-06-11,APP_002,Breathable Performance Running Shoes,Apparel & Fashion,123.47,119.99,42.0,116.52,0.0,211,4.86,767,142.54,0.0,Premium,Summer,6,2,Wednesday,11,0,95.86,112.07,92,11359.24,7495.24
2025-06-11,APP_003,Classic Waterproof Trench Coat,Apparel & Fashion,144.56,149.99,55.0,133.91,0.0,271,4.67,951,183.98,0.0,Budget,Summer,6,2,Wednesday,11,0,34.29,37.0,37,5348.72,3313.72
2025-06-11,ELEC_001,Pro Wireless Noise-Cancelling Headphones,Electronics,156.1,199.99,85.0,186.02,20.0,622,4.26,817,188.84,0.0,Standard,Summer,6,2,Wednesday,11,0,71.0,70.0,105,16390.5,7465.5
2025-06-11,ELEC_002,Ultra HD 4K Smart TV 55-inch,Electronics,568.3,549.99,280.0,580.85,0.0,810,4.89,775,168.28,0.0,Budget,Summer,6,2,Wednesday,11,0,34.71,32.73,33,18753.9,9513.9
2025-06-11,ELEC_003,Smart Fitness Watch Gen-4,Electronics,131.04,129.99,50.0,116.77,0.0,121,4.35,759,129.83,0.0,Standard,Summer,6,2,Wednesday,11,0,89.71,95.8,72,9434.88,5834.88
2025-06-11,ELEC_004,Ergonomic Mechanical Keyboard,Electronics,88.55,89.99,35.0,92.57,0.0,431,4.84,848,205.66,0.0,Premium,Summer,6,2,Wednesday,11,0,54.43,56.7,51,4516.05,2731.05
2025-06-11,HOME_001,Espresso Machine & Milk Frother,Home & Living,159.99,159.99,65.0,149.22,0.0,534,4.19,875,160.82,0.0,Budget,Summer,6,2,Wednesday,11,0,46.29,44.57,44,7039.56,4179.56
2025-06-11,HOME_002,Cordless Handheld Vacuum Cleaner,Home & Living,102.63,99.99,40.0,100.21,0.0,179,4.14,853,132.05,0.0,Budget,Summer,6,2,Wednesday,11,0,63.43,67.73,57,5849.91,3569.91
2025-06-11,HOSP_001,Deluxe City Center King Room (Per Night),Hospitality & Stays,175.62,175.0,45.0,152.56,0.0,392,4.03,729,144.55,0.0,Premium,Summer,6,2,Wednesday,11,0,185.0,142.13,153,26869.86,19984.86
2025-06-11,HOSP_002,Executive Skyline Suite (Per Night),Hospitality & Stays,356.17,350.0,90.0,350.43,0.0,85,4.46,790,129.71,0.0,Premium,Summer,6,2,Wednesday,11,0,30.57,24.33,27,9616.59,7186.59
2025-06-11,RIDE_001,Standard Urban Commute Ride (10 km),Rideshare & Mobility,25.63,24.5,8.0,22.44,0.0,658,4.5,887,142.5,0.0,Budget,Summer,6,2,Wednesday,11,0,310.71,334.3,234,5997.42,4125.42
2025-06-11,RIDE_002,Premium Black Airport Transfer,Rideshare & Mobility,67.13,65.0,22.0,60.24,0.0,506,4.87,838,165.98,0.0,Standard,Summer,6,2,Wednesday,11,0,119.29,106.13,87,5840.31,3926.31
2025-06-12,APP_001,Premium Merino Wool Sweater,Apparel & Fashion,77.7,79.99,28.0,88.27,0.0,278,4.8,814,69.17,0.0,Budget,Summer,6,3,Thursday,12,0,75.86,78.87,101,7847.7,5019.7
2025-06-12,APP_002,Breathable Performance Running Shoes,Apparel & Fashion,105.93,119.99,42.0,117.22,15.0,687,4.59,776,148.78,0.0,Standard,Summer,6,3,Thursday,12,0,104.71,113.53,142,15042.06,9078.06
2025-06-12,APP_003,Classic Waterproof Trench Coat,Apparel & Fashion,155.44,149.99,55.0,139.17,0.0,241,4.33,887,108.88,0.0,Standard,Summer,6,3,Thursday,12,0,33.86,36.97,30,4663.2,3013.2
2025-06-12,ELEC_001,Pro Wireless Noise-Cancelling Headphones,Electronics,209.52,199.99,85.0,202.53,0.0,574,4.74,800,107.65,0.0,Premium,Summer,6,3,Thursday,12,0,71.57,69.9,48,10056.96,5976.96
2025-06-12,ELEC_002,Ultra HD 4K Smart TV 55-inch,Electronics,525.31,549.99,280.0,561.8,0.0,773,4.36,842,127.83,0.0,Standard,Summer,6,3,Thursday,12,0,31.43,32.9,37,19436.47,9076.47
2025-06-12,ELEC_003,Smart Fitness Watch Gen-4,Electronics,105.7,129.99,50.0,133.38,15.0,476,4.75,690,225.57,0.0,Standard,Summer,6,3,Thursday,12,0,92.57,96.8,121,12789.7,6739.7
2025-06-12,ELEC_004,Ergonomic Mechanical Keyboard,Electronics,69.37,89.99,35.0,90.28,25.0,336,4.08,865,187.16,0.0,Standard,Summer,6,3,Thursday,12,0,62.43,58.0,95,6590.15,3265.15
2025-06-12,HOME_001,Espresso Machine & Milk Frother,Home & Living,158.72,159.99,65.0,153.69,0.0,500,4.31,801,171.51,0.0,Premium,Summer,6,3,Thursday,12,0,46.0,44.1,34,5396.48,3186.48
2025-06-12,HOME_002,Cordless Handheld Vacuum Cleaner,Home & Living,95.55,99.99,40.0,110.29,0.0,95,4.88,763,195.04,0.0,Budget,Summer,6,3,Thursday,12,0,65.0,68.07,84,8026.2,4666.2
2025-06-12,HOSP_001,Deluxe City Center King Room (Per Night),Hospitality & Stays,130.2,175.0,45.0,170.09,25.0,542,4.89,856,145.0,0.0,Standard,Summer,6,3,Thursday,12,0,201.0,149.13,344,44788.8,29308.8
2025-06-12,HOSP_002,Executive Skyline Suite (Per Night),Hospitality & Stays,254.94,350.0,90.0,335.29,25.0,520,4.26,755,190.92,0.0,Premium,Summer,6,3,Thursday,12,0,33.71,25.27,53,13511.82,8741.82
2025-06-12,RIDE_001,Standard Urban Commute Ride (10 km),Rideshare & Mobility,24.96,24.5,8.0,22.17,0.0,284,4.42,874,126.61,0.0,Budget,Summer,6,3,Thursday,12,0,314.71,336.47,374,9335.04,6343.04
2025-06-12,RIDE_002,Premium Black Airport Transfer,Rideshare & Mobility,66.24,65.0,22.0,64.23,0.0,409,4.32,722,171.91,0.0,Standard,Summer,6,3,Thursday,12,0,122.29,105.93,97,6425.28,4291.28
2025-06-13,APP_001,Premium Merino Wool Sweater,Apparel & Fashion,75.73,79.99,28.0,84.73,5.0,188,4.29,755,72.73,0.0,Budget,Summer,6,4,Friday,13,0,76.43,79.53,90,6815.7,4295.7
2025-06-13,APP_002,Breathable Performance Running Shoes,Apparel & Fashion,96.77,119.99,42.0,120.55,20.0,531,4.62,781,150.43,0.0,Premium,Summer,6,4,Friday,13,0,111.71,115.53,156,15096.12,8544.12
2025-06-13,APP_003,Classic Waterproof Trench Coat,Apparel & Fashion,144.71,149.99,55.0,141.66,0.0,208,4.57,801,128.22,0.0,Premium,Summer,6,4,Friday,13,0,34.29,37.4,33,4775.43,2960.43
2025-06-13,ELEC_001,Pro Wireless Noise-Cancelling Headphones,Electronics,205.86,199.99,85.0,194.59,0.0,509,4.17,851,144.25,0.0,Budget,Summer,6,4,Friday,13,0,71.14,69.73,65,13380.9,7855.9
2025-06-13,ELEC_002,Ultra HD 4K Smart TV 55-inch,Electronics,507.82,549.99,280.0,586.44,5.0,726,4.1,755,133.97,0.0,Budget,Summer,6,4,Friday,13,0,33.57,33.87,47,23867.54,10707.54
2025-06-13,ELEC_003,Smart Fitness Watch Gen-4,Electronics,124.66,129.99,50.0,124.73,0.0,379,4.86,835,186.72,0.0,Standard,Summer,6,4,Friday,13,0,92.29,98.37,97,12092.02,7242.02
2025-06-13,ELEC_004,Ergonomic Mechanical Keyboard,Electronics,92.31,89.99,35.0,92.73,0.0,286,4.51,809,153.49,0.0,Standard,Summer,6,4,Friday,13,0,58.0,57.5,50,4615.5,2865.5
2025-06-13,HOME_001,Espresso Machine & Milk Frother,Home & Living,157.04,159.99,65.0,150.98,0.0,458,4.69,806,209.64,0.0,Standard,Summer,6,4,Friday,13,0,44.29,43.97,42,6595.68,3865.68
2025-06-13,HOME_002,Cordless Handheld Vacuum Cleaner,Home & Living,101.61,99.99,40.0,97.64,0.0,838,4.82,848,121.8,0.0,Premium,Summer,6,4,Friday,13,0,63.71,67.63,50,5080.5,3080.5
2025-06-13,HOSP_001,Deluxe City Center King Room (Per Night),Hospitality & Stays,171.03,175.0,45.0,168.0,0.0,368,4.05,735,189.94,0.0,Standard,Summer,6,4,Friday,13,0,199.14,151.4,174,29759.22,21929.22
2025-06-13,HOSP_002,Executive Skyline Suite (Per Night),Hospitality & Stays,349.1,350.0,90.0,338.86,0.0,490,4.26,812,213.14,0.0,Standard,Summer,6,4,Friday,13,0,33.43,25.57,30,10473.0,7773.0
2025-06-13,RIDE_001,Standard Urban Commute Ride (10 km),Rideshare & Mobility,23.78,24.5,8.0,25.27,0.0,796,4.35,823,115.76,0.0,Standard,Summer,6,4,Friday,13,0,285.57,335.13,284,6753.52,4481.52
2025-06-13,RIDE_002,Premium Black Airport Transfer,Rideshare & Mobility,62.8,65.0,22.0,62.62,0.0,293,4.54,841,122.56,0.0,Standard,Summer,6,4,Friday,13,0,123.86,106.97,116,7284.8,4732.8
2025-06-14,APP_001,Premium Merino Wool Sweater,Apparel & Fashion,73.57,79.99,28.0,79.33,10.0,98,4.75,825,199.44,0.0,Budget,Summer,6,5,Saturday,14,1,80.57,79.63,90,6621.3,4101.3
2025-06-14,APP_002,Breathable Performance Running Shoes,Apparel & Fashion,123.81,119.99,42.0,109.09,0.0,459,4.89,742,167.85,0.0,Enterprise,Summer,6,5,Saturday,14,1,109.57,115.1,72,8914.32,5890.32
2025-06-14,APP_003,Classic Waterproof Trench Coat,Apparel & Fashion,154.27,149.99,55.0,152.81,0.0,180,4.08,818,199.64,0.0,Premium,Summer,6,5,Saturday,14,1,33.71,37.43,28,4319.56,2779.56
2025-06-14,ELEC_001,Pro Wireless Noise-Cancelling Headphones,Electronics,192.24,199.99,85.0,195.37,0.0,431,4.0,885,159.9,0.0,Standard,Summer,6,5,Saturday,14,1,71.0,68.87,78,14994.72,8364.72
2025-06-14,ELEC_002,Ultra HD 4K Smart TV 55-inch,Electronics,544.26,549.99,280.0,526.78,0.0,705,4.55,815,125.44,0.0,Enterprise,Summer,6,5,Saturday,14,1,32.86,32.9,21,11429.46,5549.46
2025-06-14,ELEC_003,Smart Fitness Watch Gen-4,Electronics,135.93,129.99,50.0,122.02,0.0,303,4.45,937,155.45,0.0,Standard,Summer,6,5,Saturday,14,1,90.86,96.8,76,10330.68,6530.68
2025-06-14,ELEC_004,Ergonomic Mechanical Keyboard,Electronics,85.62,89.99,35.0,92.96,0.0,223,4.73,865,151.83,0.0,Standard,Summer,6,5,Saturday,14,1,61.0,57.8,63,5394.06,3189.06
2025-06-14,HOME_001,Espresso Machine & Milk Frother,Home & Living,142.34,159.99,65.0,156.27,15.0,404,4.8,747,136.45,0.0,Standard,Summer,6,5,Saturday,14,1,46.29,44.17,54,7686.36,4176.36
2025-06-14,HOME_002,Cordless Handheld Vacuum Cleaner,Home & Living,100.48,99.99,40.0,97.83,0.0,771,4.31,856,95.62,0.0,Budget,Summer,6,5,Saturday,14,1,63.43,67.57,67,6732.16,4052.16
2025-06-14,HOSP_001,Deluxe City Center King Room (Per Night),Hospitality & Stays,194.22,175.0,45.0,175.04,0.0,174,4.48,855,207.19,0.0,Standard,Summer,6,5,Saturday,14,1,203.29,153.93,194,37678.68,28948.68
2025-06-14,HOSP_002,Executive Skyline Suite (Per Night),Hospitality & Stays,387.24,350.0,90.0,340.59,0.0,468,4.38,770,76.97,0.0,Enterprise,Summer,6,5,Saturday,14,1,32.57,25.2,22,8519.28,6539.28
2025-06-14,RIDE_001,Standard Urban Commute Ride (10 km),Rideshare & Mobility,25.41,24.5,8.0,24.46,0.0,367,4.36,836,131.69,0.0,Budget,Summer,6,5,Saturday,14,1,331.57,336.27,429,10900.89,7468.89
2025-06-14,RIDE_002,Premium Black Airport Transfer,Rideshare & Mobility,46.85,65.0,22.0,63.71,25.0,99,4.32,882,131.44,0.0,Premium,Summer,6,5,Saturday,14,1,131.57,110.9,194,9088.9,4820.9
2025-06-15,APP_001,Premium Merino Wool Sweater,Apparel & Fashion,79.04,79.99,28.0,88.87,0.0,776,4.69,821,178.36,0.0,Standard,Summer,6,6,Sunday,15,1,85.43,79.83,87,6876.48,4440.48
2025-06-15,APP_002,Breathable Performance Running Shoes,Apparel & Fashion,115.02,119.99,42.0,118.99,0.0,339,4.24,825,137.16,0.0,Budget,Summer,6,6,Sunday,15,1,117.57,113.73,120,13802.4,8762.4
2025-06-15,APP_003,Classic Waterproof Trench Coat,Apparel & Fashion,144.1,149.99,55.0,150.88,0.0,134,4.04,806,129.06,0.0,Budget,Summer,6,6,Sunday,15,1,35.0,38.03,46,6628.6,4098.6
2025-06-15,ELEC_001,Pro Wireless Noise-Cancelling Headphones,Electronics,196.45,199.99,85.0,205.78,5.0,377,4.81,888,100.25,0.0,Premium,Summer,6,6,Sunday,15,1,71.86,68.6,54,10608.3,6018.3
2025-06-15,ELEC_002,Ultra HD 4K Smart TV 55-inch,Electronics,559.16,549.99,280.0,612.26,0.0,674,4.46,864,124.87,0.0,Budget,Summer,6,6,Sunday,15,1,32.86,32.2,31,17333.96,8653.96
2025-06-15,ELEC_003,Smart Fitness Watch Gen-4,Electronics,93.27,129.99,50.0,120.64,25.0,190,4.0,818,65.0,0.0,Enterprise,Summer,6,6,Sunday,15,1,96.0,98.27,113,10539.51,4889.51
2025-06-15,ELEC_004,Ergonomic Mechanical Keyboard,Electronics,91.11,89.99,35.0,89.86,0.0,179,4.74,836,226.37,0.0,Premium,Summer,6,6,Sunday,15,1,58.86,57.47,44,4008.84,2468.84
2025-06-15,HOME_001,Espresso Machine & Milk Frother,Home & Living,164.01,159.99,65.0,168.17,0.0,363,4.54,842,187.81,0.0,Premium,Summer,6,6,Sunday,15,1,42.0,43.3,41,6724.41,4059.41
2025-06-15,HOME_002,Cordless Handheld Vacuum Cleaner,Home & Living,99.66,99.99,40.0,101.0,0.0,710,4.06,840,154.12,0.0,Standard,Summer,6,6,Sunday,15,1,64.43,67.53,61,6079.26,3639.26
2025-06-15,HOSP_001,Deluxe City Center King Room (Per Night),Hospitality & Stays,197.99,175.0,45.0,154.58,0.0,609,4.38,865,101.53,0.0,Budget,Summer,6,6,Sunday,15,1,209.29,155.93,155,30688.45,23713.45
2025-06-15,HOSP_002,Executive Skyline Suite (Per Night),Hospitality & Stays,426.2,350.0,90.0,363.19,0.0,436,4.37,882,124.87,0.0,Budget,Summer,6,6,Sunday,15,1,32.71,25.53,32,13638.4,10758.4
2025-06-15,RIDE_001,Standard Urban Commute Ride (10 km),Rideshare & Mobility,25.24,24.5,8.0,23.19,0.0,564,4.85,880,120.29,0.0,Standard,Summer,6,6,Sunday,15,1,327.14,333.23,356,8985.44,6137.44
2025-06-15,RIDE_002,Premium Black Airport Transfer,Rideshare & Mobility,66.03,65.0,22.0,67.2,0.0,557,4.53,828,132.08,0.0,Premium,Summer,6,6,Sunday,15,1,121.14,110.63,97,6404.91,4270.91
2025-06-16,APP_001,Premium Merino Wool Sweater,Apparel & Fashion,80.57,79.99,28.0,72.97,0.0,699,4.89,964,128.12,0.0,Standard,Summer,6,0,Monday,16,0,84.57,79.97,77,6203.89,4047.89
2025-06-16,APP_002,Breathable Performance Running Shoes,Apparel & Fashion,121.41,119.99,42.0,125.52,0.0,230,4.64,825,182.37,0.0,Standard,Summer,6,0,Monday,16,0,115.71,114.47,109,13233.69,8655.69
2025-06-16,APP_003,Classic Waterproof Trench Coat,Apparel & Fashion,144.91,149.99,55.0,154.39,0.0,91,4.01,854,168.2,0.0,Standard,Summer,6,0,Monday,16,0,36.71,38.37,43,6231.13,3866.13
2025-06-16,ELEC_001,Pro Wireless Noise-Cancelling Headphones,Electronics,203.34,199.99,85.0,208.02,0.0,307,4.09,803,116.59,0.0,Standard,Summer,6,0,Monday,16,0,72.43,68.03,70,14233.8,8283.8
2025-06-16,ELEC_002,Ultra HD 4K Smart TV 55-inch,Electronics,530.1,549.99,280.0,511.96,0.0,648,4.66,772,226.31,0.0,Premium,Summer,6,0,Monday,16,0,32.43,32.07,26,13782.6,6502.6
2025-06-16,ELEC_003,Smart Fitness Watch Gen-4,Electronics,135.03,129.99,50.0,134.76,0.0,117,4.29,870,170.5,0.0,Standard,Summer,6,0,Monday,16,0,93.0,98.7,73,9857.19,6207.19
2025-06-16,ELEC_004,Ergonomic Mechanical Keyboard,Electronics,79.17,89.99,35.0,83.21,15.0,105,4.86,829,147.19,0.0,Standard,Summer,6,0,Monday,16,0,62.29,58.6,74,5858.58,3268.58
2025-06-16,HOME_001,Espresso Machine & Milk Frother,Home & Living,167.5,159.99,65.0,158.26,0.0,324,4.72,827,61.2,0.0,Budget,Summer,6,0,Monday,16,0,42.14,43.3,39,6532.5,3997.5
2025-06-16,HOME_002,Cordless Handheld Vacuum Cleaner,Home & Living,97.73,99.99,40.0,100.16,0.0,638,4.83,840,110.02,0.0,Budget,Summer,6,0,Monday,16,0,65.57,67.57,72,7036.56,4156.56
2025-06-16,HOSP_001,Deluxe City Center King Room (Per Night),Hospitality & Stays,144.38,175.0,45.0,172.1,15.0,311,4.37,900,190.97,0.0,Budget,Summer,6,0,Monday,16,0,213.14,161.77,298,43025.24,29615.24
2025-06-16,HOSP_002,Executive Skyline Suite (Per Night),Hospitality & Stays,353.77,350.0,90.0,374.23,0.0,405,4.64,759,132.86,0.0,Standard,Summer,6,0,Monday,16,0,31.86,25.9,31,10966.87,8176.87
2025-06-16,RIDE_001,Standard Urban Commute Ride (10 km),Rideshare & Mobility,24.12,24.5,8.0,25.3,0.0,127,4.75,854,140.68,0.0,Budget,Summer,6,0,Monday,16,0,358.71,340.8,437,10540.44,7044.44
2025-06-16,RIDE_002,Premium Black Airport Transfer,Rideshare & Mobility,66.66,65.0,22.0,63.58,0.0,427,4.7,784,137.84,0.0,Standard,Summer,6,0,Monday,16,0,121.0,111.87,130,8665.8,5805.8
2025-06-17,APP_001,Premium Merino Wool Sweater,Apparel & Fashion,68.84,79.99,28.0,82.62,15.0,583,4.61,800,126.8,0.0,Standard,Summer,6,1,Tuesday,17,0,92.71,80.63,116,7985.44,4737.44
2025-06-17,APP_002,Breathable Performance Running Shoes,Apparel & Fashion,124.86,119.99,42.0,123.67,0.0,127,4.04,816,172.7,0.0,Budget,Summer,6,1,Tuesday,17,0,113.43,114.0,103,12860.58,8534.58
2025-06-17,APP_003,Classic Waterproof Trench Coat,Apparel & Fashion,117.25,149.99,55.0,147.93,25.0,594,4.8,899,114.97,0.0,Premium,Summer,6,1,Tuesday,17,0,40.29,37.9,65,7621.25,4046.25
2025-06-17,ELEC_001,Pro Wireless Noise-Cancelling Headphones,Electronics,194.33,199.99,85.0,205.23,0.0,241,4.09,797,151.75,0.0,Standard,Summer,6,1,Tuesday,17,0,69.43,67.83,66,12825.78,7215.78
2025-06-17,ELEC_002,Ultra HD 4K Smart TV 55-inch,Electronics,550.85,549.99,280.0,502.57,0.0,617,4.45,797,164.47,0.0,Budget,Summer,6,1,Tuesday,17,0,32.29,32.23,31,17076.35,8396.35
2025-06-17,ELEC_003,Smart Fitness Watch Gen-4,Electronics,128.94,129.99,50.0,144.64,0.0,630,4.7,810,186.57,0.0,Budget,Summer,6,1,Tuesday,17,0,92.29,98.3,94,12120.36,7420.36
2025-06-17,ELEC_004,Ergonomic Mechanical Keyboard,Electronics,86.07,89.99,35.0,82.42,0.0,716,4.72,889,140.32,0.0,Standard,Summer,6,1,Tuesday,17,0,61.14,57.9,51,4389.57,2604.57
2025-06-17,HOME_001,Espresso Machine & Milk Frother,Home & Living,161.17,159.99,65.0,166.21,0.0,284,4.13,954,177.47,0.0,Standard,Summer,6,1,Tuesday,17,0,42.0,43.23,40,6446.8,3846.8
2025-06-17,HOME_002,Cordless Handheld Vacuum Cleaner,Home & Living,88.01,99.99,40.0,95.47,15.0,551,4.59,851,137.93,0.0,Budget,Summer,6,1,Tuesday,17,0,68.29,65.6,87,7656.87,4176.87
2025-06-17,HOSP_001,Deluxe City Center King Room (Per Night),Hospitality & Stays,176.24,175.0,45.0,169.93,0.0,137,4.13,803,119.32,0.0,Budget,Summer,6,1,Tuesday,17,0,213.14,164.03,174,30665.76,22835.76
2025-06-17,HOSP_002,Executive Skyline Suite (Per Night),Hospitality & Stays,363.74,350.0,90.0,334.52,0.0,377,4.32,880,120.58,0.0,Standard,Summer,6,1,Tuesday,17,0,31.86,26.2,28,10184.72,7664.72
2025-06-17,RIDE_001,Standard Urban Commute Ride (10 km),Rideshare & Mobility,24.97,24.5,8.0,24.28,0.0,620,4.22,873,143.64,0.0,Standard,Summer,6,1,Tuesday,17,0,320.14,336.17,127,3171.19,2155.19
2025-06-17,RIDE_002,Premium Black Airport Transfer,Rideshare & Mobility,67.74,65.0,22.0,63.95,0.0,346,4.65,813,196.22,0.0,Standard,Summer,6,1,Tuesday,17,0,114.57,111.47,81,5486.94,3704.94
2025-06-18,APP_001,Premium Merino Wool Sweater,Apparel & Fashion,77.59,79.99,28.0,81.96,0.0,484,4.8,874,102.2,0.0,Budget,Summer,6,2,Wednesday,18,0,94.29,81.57,99,7681.41,4909.41
2025-06-18,APP_002,Breathable Performance Running Shoes,Apparel & Fashion,124.43,119.99,42.0,120.99,0.0,436,4.7,885,152.45,0.0,Standard,Summer,6,2,Wednesday,18,0,114.29,114.8,98,12194.14,8078.14
2025-06-18,APP_003,Classic Waterproof Trench Coat,Apparel & Fashion,148.73,149.99,55.0,143.55,0.0,564,4.8,920,202.62,0.0,Premium,Summer,6,2,Wednesday,18,0,39.29,37.8,30,4461.9,2811.9
2025-06-18,ELEC_001,Pro Wireless Noise-Cancelling Headphones,Electronics,201.88,199.99,85.0,184.62,0.0,176,4.45,849,117.85,0.0,Standard,Summer,6,2,Wednesday,18,0,63.71,67.77,65,13122.2,7597.2
2025-06-18,ELEC_002,Ultra HD 4K Smart TV 55-inch,Electronics,533.87,549.99,280.0,556.65,0.0,588,4.77,768,140.64,0.0,Standard,Summer,6,2,Wednesday,18,0,31.71,31.93,29,15482.23,7362.23
2025-06-18,ELEC_003,Smart Fitness Watch Gen-4,Electronics,124.32,129.99,50.0,128.2,0.0,537,4.78,819,134.12,0.0,Standard,Summer,6,2,Wednesday,18,0,95.29,97.9,93,11561.76,6911.76
2025-06-18,ELEC_004,Ergonomic Mechanical Keyboard,Electronics,92.51,89.99,35.0,97.58,0.0,669,4.43,801,141.28,0.0,Premium,Summer,6,2,Wednesday,18,0,60.57,57.8,47,4347.97,2702.97
2025-06-18,HOME_001,Espresso Machine & Milk Frother,Home & Living,143.74,159.99,65.0,149.5,10.0,233,4.74,825,180.58,0.0,Standard,Summer,6,2,Wednesday,18,0,43.0,43.67,51,7330.74,4015.74
2025-06-18,HOME_002,Cordless Handheld Vacuum Cleaner,Home & Living,93.34,99.99,40.0,107.58,10.0,478,4.6,826,150.79,0.0,Standard,Summer,6,2,Wednesday,18,0,70.57,65.5,73,6813.82,3893.82
2025-06-18,HOSP_001,Deluxe City Center King Room (Per Night),Hospitality & Stays,172.05,175.0,45.0,174.82,0.0,545,4.5,908,115.57,0.0,Standard,Summer,6,2,Wednesday,18,0,210.86,162.2,137,23570.85,17405.85
2025-06-18,HOSP_002,Executive Skyline Suite (Per Night),Hospitality & Stays,365.0,350.0,90.0,358.79,0.0,353,4.42,791,149.17,0.0,Premium,Summer,6,2,Wednesday,18,0,31.43,26.17,24,8760.0,6600.0
2025-06-18,RIDE_001,Standard Urban Commute Ride (10 km),Rideshare & Mobility,23.4,24.5,8.0,24.02,0.0,279,4.45,824,143.66,0.0,Standard,Summer,6,2,Wednesday,18,0,335.43,335.53,341,7979.4,5251.4
2025-06-18,RIDE_002,Premium Black Airport Transfer,Rideshare & Mobility,53.2,65.0,22.0,70.42,15.0,163,4.74,841,134.11,0.0,Budget,Summer,6,2,Wednesday,18,0,128.29,114.4,183,9735.6,5709.6
2025-06-19,APP_001,Premium Merino Wool Sweater,Apparel & Fashion,58.74,79.99,28.0,83.77,25.0,294,4.73,834,144.58,0.0,Standard,Summer,6,3,Thursday,19,0,107.0,85.53,190,11160.6,5840.6
2025-06-19,APP_002,Breathable Performance Running Shoes,Apparel & Fashion,121.14,119.99,42.0,125.34,0.0,330,4.71,896,129.55,0.0,Standard,Summer,6,3,Thursday,19,0,109.14,110.57,106,12840.84,8388.84
2025-06-19,APP_003,Classic Waterproof Trench Coat,Apparel & Fashion,148.3,149.99,55.0,154.15,0.0,521,4.1,878,149.74,0.0,Budget,Summer,6,3,Thursday,19,0,41.14,37.77,43,6376.9,4011.9
2025-06-19,ELEC_001,Pro Wireless Noise-Cancelling Headphones,Electronics,192.56,199.99,85.0,209.75,0.0,90,4.09,893,172.76,0.0,Budget,Summer,6,3,Thursday,19,0,69.14,68.67,86,16560.16,9250.16
2025-06-19,ELEC_002,Ultra HD 4K Smart TV 55-inch,Electronics,565.89,549.99,280.0,571.62,0.0,564,4.11,810,132.72,0.0,Standard,Summer,6,3,Thursday,19,0,29.86,31.83,24,13581.36,6861.36
2025-06-19,ELEC_003,Smart Fitness Watch Gen-4,Electronics,131.99,129.99,50.0,119.72,0.0,467,4.37,808,172.12,0.0,Standard,Summer,6,3,Thursday,19,0,88.0,96.83,70,9239.3,5739.3
2025-06-19,ELEC_004,Ergonomic Mechanical Keyboard,Electronics,93.72,89.99,35.0,84.2,0.0,628,4.89,860,175.48,0.0,Premium,Summer,6,3,Thursday,19,0,52.86,57.47,41,3842.52,2407.52
2025-06-19,HOME_001,Espresso Machine & Milk Frother,Home & Living,138.85,159.99,65.0,162.68,10.0,169,4.35,794,125.56,0.0,Budget,Summer,6,3,Thursday,19,0,47.29,44.77,64,8886.4,4726.4
2025-06-19,HOME_002,Cordless Handheld Vacuum Cleaner,Home & Living,103.61,99.99,40.0,98.21,0.0,432,4.44,857,134.96,0.0,Budget,Summer,6,3,Thursday,19,0,65.14,65.17,46,4766.06,2926.06
2025-06-19,HOSP_001,Deluxe City Center King Room (Per Night),Hospitality & Stays,180.54,175.0,45.0,182.7,0.0,350,4.04,759,190.96,0.0,Budget,Summer,6,3,Thursday,19,0,189.57,164.9,195,35205.3,26430.3
2025-06-19,HOSP_002,Executive Skyline Suite (Per Night),Hospitality & Stays,350.93,350.0,90.0,354.99,0.0,322,4.19,842,145.68,0.0,Standard,Summer,6,3,Thursday,19,0,28.29,26.3,31,10878.83,8088.83
2025-06-19,RIDE_001,Standard Urban Commute Ride (10 km),Rideshare & Mobility,25.32,24.5,8.0,23.9,0.0,575,4.6,745,185.01,0.0,Premium,Summer,6,3,Thursday,19,0,319.71,339.43,264,6684.48,4572.48
2025-06-19,RIDE_002,Premium Black Airport Transfer,Rideshare & Mobility,63.36,65.0,22.0,64.96,0.0,829,4.89,856,55.9,0.0,Budget,Summer,6,3,Thursday,19,0,130.71,115.57,114,7223.04,4715.04
2025-06-20,APP_001,Premium Merino Wool Sweater,Apparel & Fashion,80.97,79.99,28.0,80.54,0.0,230,4.14,910,134.68,0.0,Premium,Summer,6,4,Friday,20,0,103.29,85.4,64,5182.08,3390.08
2025-06-20,APP_002,Breathable Performance Running Shoes,Apparel & Fashion,114.27,119.99,42.0,123.9,0.0,193,4.16,753,63.15,0.0,Budget,Summer,6,4,Friday,20,0,106.43,111.67,137,15654.99,9900.99
2025-06-20,APP_003,Classic Waterproof Trench Coat,Apparel & Fashion,155.19,149.99,55.0,156.26,0.0,485,4.25,889,147.77,0.0,Standard,Summer,6,4,Friday,20,0,41.57,37.67,36,5586.84,3606.84
2025-06-20,ELEC_001,Pro Wireless Noise-Cancelling Headphones,Electronics,191.38,199.99,85.0,188.98,0.0,489,4.47,804,159.35,0.0,Premium,Summer,6,4,Friday,20,0,67.0,68.83,50,9569.0,5319.0
2025-06-20,ELEC_002,Ultra HD 4K Smart TV 55-inch,Electronics,573.56,549.99,280.0,568.72,0.0,541,4.66,865,106.53,0.0,Standard,Summer,6,4,Friday,20,0,26.43,31.47,23,13191.88,6751.88
2025-06-20,ELEC_003,Smart Fitness Watch Gen-4,Electronics,109.85,129.99,50.0,134.27,15.0,349,4.85,894,165.08,0.0,Standard,Summer,6,4,Friday,20,0,91.0,97.63,118,12962.3,7062.3
2025-06-20,ELEC_004,Ergonomic Mechanical Keyboard,Electronics,88.15,89.99,35.0,88.61,0.0,571,4.78,829,86.51,0.0,Standard,Summer,6,4,Friday,20,0,53.86,57.67,57,5024.55,3029.55
2025-06-20,HOME_001,Espresso Machine & Milk Frother,Home & Living,154.99,159.99,65.0,156.7,0.0,127,4.31,742,75.12,0.0,Standard,Summer,6,4,Friday,20,0,47.29,45.1,42,6509.58,3779.58
2025-06-20,HOME_002,Cordless Handheld Vacuum Cleaner,Home & Living,95.29,99.99,40.0,105.87,0.0,357,4.64,864,211.54,0.0,Standard,Summer,6,4,Friday,20,0,68.71,65.47,75,7146.75,4146.75
2025-06-20,HOSP_001,Deluxe City Center King Room (Per Night),Hospitality & Stays,166.28,175.0,45.0,177.71,0.0,194,4.2,815,100.9,0.0,Premium,Summer,6,4,Friday,20,0,187.0,167.17,156,25939.68,18919.68
2025-06-20,HOSP_002,Executive Skyline Suite (Per Night),Hospitality & Stays,335.22,350.0,90.0,359.6,0.0,293,4.81,920,132.66,0.0,Standard,Summer,6,4,Friday,20,0,28.14,26.7,29,9721.38,7111.38
2025-06-20,RIDE_001,Standard Urban Commute Ride (10 km),Rideshare & Mobility,23.53,24.5,8.0,25.32,0.0,137,4.81,890,163.45,0.0,Premium,Summer,6,4,Friday,20,0,341.71,342.67,438,10306.14,6802.14
2025-06-20,RIDE_002,Premium Black Airport Transfer,Rideshare & Mobility,65.62,65.0,22.0,68.37,0.0,725,4.6,848,120.92,0.0,Standard,Summer,6,4,Friday,20,0,129.0,116.7,104,6824.48,4536.48
2025-06-21,APP_001,Premium Merino Wool Sweater,Apparel & Fashion,78.53,79.99,28.0,83.36,0.0,152,4.28,797,164.69,0.0,Premium,Summer,6,5,Saturday,21,1,101.57,85.83,78,6125.34,3941.34
2025-06-21,APP_002,Breathable Performance Running Shoes,Apparel & Fashion,115.93,119.99,42.0,119.61,0.0,717,4.55,919,199.29,0.0,Budget,Summer,6,5,Saturday,21,1,115.86,112.57,138,15998.34,10202.34
2025-06-21,APP_003,Classic Waterproof Trench Coat,Apparel & Fashion,143.02,149.99,55.0,138.44,0.0,441,4.88,782,114.87,0.0,Standard,Summer,6,5,Saturday,21,1,43.86,37.9,44,6292.88,3872.88
2025-06-21,ELEC_001,Pro Wireless Noise-Cancelling Headphones,Electronics,193.8,199.99,85.0,189.04,0.0,450,4.05,878,90.02,0.0,Enterprise,Summer,6,5,Saturday,21,1,61.43,67.97,39,7558.2,4243.2
2025-06-21,ELEC_002,Ultra HD 4K Smart TV 55-inch,Electronics,458.27,549.99,280.0,586.13,15.0,481,4.48,848,230.61,0.0,Budget,Summer,6,5,Saturday,21,1,32.0,32.73,60,27496.2,10696.2
2025-06-21,ELEC_003,Smart Fitness Watch Gen-4,Electronics,135.21,129.99,50.0,129.27,0.0,284,4.24,856,133.76,0.0,Standard,Summer,6,5,Saturday,21,1,89.43,96.93,65,8788.65,5538.65
2025-06-21,ELEC_004,Ergonomic Mechanical Keyboard,Electronics,74.09,89.99,35.0,86.47,15.0,491,4.71,848,116.21,0.0,Standard,Summer,6,5,Saturday,21,1,56.29,58.77,80,5927.2,3127.2
2025-06-21,HOME_001,Espresso Machine & Milk Frother,Home & Living,153.37,159.99,65.0,166.67,0.0,756,4.56,804,74.8,0.0,Budget,Summer,6,5,Saturday,21,1,47.29,44.27,54,8281.98,4771.98
2025-06-21,HOME_002,Cordless Handheld Vacuum Cleaner,Home & Living,96.77,99.99,40.0,99.29,0.0,282,4.81,752,122.91,0.0,Budget,Summer,6,5,Saturday,21,1,69.86,65.23,75,7257.75,4257.75
2025-06-21,HOSP_001,Deluxe City Center King Room (Per Night),Hospitality & Stays,210.43,175.0,45.0,173.34,0.0,594,4.29,763,180.75,0.0,Budget,Summer,6,5,Saturday,21,1,182.86,167.87,165,34720.95,27295.95
2025-06-21,HOSP_002,Executive Skyline Suite (Per Night),Hospitality & Stays,411.72,350.0,90.0,391.91,0.0,261,4.3,880,115.7,0.0,Standard,Summer,6,5,Saturday,21,1,29.57,27.23,32,13175.04,10295.04
2025-06-21,RIDE_001,Standard Urban Commute Ride (10 km),Rideshare & Mobility,24.41,24.5,8.0,22.13,0.0,569,4.58,940,208.18,0.0,Standard,Summer,6,5,Saturday,21,1,300.0,343.77,137,3344.17,2248.17
2025-06-21,RIDE_002,Premium Black Airport Transfer,Rideshare & Mobility,64.61,65.0,22.0,65.04,0.0,596,4.08,767,137.53,0.0,Budget,Summer,6,5,Saturday,21,1,119.71,117.5,129,8334.69,5496.69
2025-06-22,APP_001,Premium Merino Wool Sweater,Apparel & Fashion,77.2,79.99,28.0,84.4,0.0,672,4.36,788,61.7,0.0,Budget,Summer,6,6,Sunday,22,1,102.0,85.87,90,6948.0,4428.0
2025-06-22,APP_002,Breathable Performance Running Shoes,Apparel & Fashion,124.03,119.99,42.0,130.49,0.0,635,4.64,782,201.62,0.0,Premium,Summer,6,6,Sunday,22,1,110.43,111.53,82,10170.46,6726.46
2025-06-22,APP_003,Classic Waterproof Trench Coat,Apparel & Fashion,146.02,149.99,55.0,150.29,0.0,401,4.65,791,227.32,0.0,Budget,Summer,6,6,Sunday,22,1,43.0,38.23,40,5840.8,3640.8
2025-06-22,ELEC_001,Pro Wireless Noise-Cancelling Headphones,Electronics,191.77,199.99,85.0,180.48,0.0,372,4.87,812,202.45,0.0,Budget,Summer,6,6,Sunday,22,1,64.86,69.03,78,14958.06,8328.06
2025-06-22,ELEC_002,Ultra HD 4K Smart TV 55-inch,Electronics,562.51,549.99,280.0,590.08,0.0,447,4.83,769,170.25,0.0,Budget,Summer,6,6,Sunday,22,1,32.43,32.9,34,19125.34,9605.34
2025-06-22,ELEC_003,Smart Fitness Watch Gen-4,Electronics,125.71,129.99,50.0,125.31,0.0,193,4.79,797,130.02,0.0,Standard,Summer,6,6,Sunday,22,1,86.29,97.07,91,11439.61,6889.61
2025-06-22,ELEC_004,Ergonomic Mechanical Keyboard,Electronics,92.93,89.99,35.0,92.5,0.0,446,4.3,823,164.77,0.0,Standard,Summer,6,6,Sunday,22,1,56.43,58.2,45,4181.85,2606.85
2025-06-22,HOME_001,Espresso Machine & Milk Frother,Home & Living,152.26,159.99,65.0,149.72,0.0,715,4.12,825,182.1,0.0,Standard,Summer,6,6,Sunday,22,1,47.29,44.47,41,6242.66,3577.66
2025-06-22,HOME_002,Cordless Handheld Vacuum Cleaner,Home & Living,97.14,99.99,40.0,105.18,0.0,205,4.27,845,165.82,0.0,Budget,Summer,6,6,Sunday,22,1,72.14,65.33,77,7479.78,4399.78
2025-06-22,HOSP_001,Deluxe City Center King Room (Per Night),Hospitality & Stays,201.84,175.0,45.0,172.52,0.0,447,4.4,899,218.26,0.0,Premium,Summer,6,6,Sunday,22,1,181.71,166.77,147,29670.48,23055.48
2025-06-22,HOSP_002,Executive Skyline Suite (Per Night),Hospitality & Stays,301.24,350.0,90.0,350.81,20.0,189,4.73,842,112.07,0.0,Budget,Summer,6,6,Sunday,22,1,35.29,28.97,72,21689.28,15209.28
2025-06-22,RIDE_001,Standard Urban Commute Ride (10 km),Rideshare & Mobility,25.32,24.5,8.0,25.61,0.0,152,4.33,830,187.21,0.0,Budget,Summer,6,6,Sunday,22,1,308.71,343.17,417,10558.44,7222.44
2025-06-22,RIDE_002,Premium Black Airport Transfer,Rideshare & Mobility,63.45,65.0,22.0,67.06,0.0,442,4.9,929,175.88,0.0,Budget,Summer,6,6,Sunday,22,1,127.86,118.67,154,9771.3,6383.3
2025-06-23,APP_001,Premium Merino Wool Sweater,Apparel & Fashion,64.41,79.99,28.0,76.39,20.0,591,4.55,950,182.07,0.0,Enterprise,Summer,6,0,Monday,23,0,102.57,85.47,81,5217.21,2949.21
2025-06-23,APP_002,Breathable Performance Running Shoes,Apparel & Fashion,119.97,119.99,42.0,118.33,0.0,541,4.49,816,191.55,0.0,Standard,Summer,6,0,Monday,23,0,108.29,111.57,94,11277.18,7329.18
2025-06-23,APP_003,Classic Waterproof Trench Coat,Apparel & Fashion,136.81,149.99,55.0,152.94,10.0,360,4.07,844,138.79,0.0,Standard,Summer,6,0,Monday,23,0,42.71,38.3,41,5609.21,3354.21
2025-06-23,ELEC_001,Pro Wireless Noise-Cancelling Headphones,Electronics,190.02,199.99,85.0,184.43,0.0,303,4.27,754,149.2,0.0,Standard,Summer,6,0,Monday,23,0,64.71,69.37,69,13111.38,7246.38
2025-06-23,ELEC_002,Ultra HD 4K Smart TV 55-inch,Electronics,549.43,549.99,280.0,580.69,0.0,420,4.48,921,159.72,0.0,Budget,Summer,6,0,Monday,23,0,32.57,32.97,27,14834.61,7274.61
2025-06-23,ELEC_003,Smart Fitness Watch Gen-4,Electronics,93.69,129.99,50.0,132.39,25.0,600,4.38,852,147.33,0.0,Budget,Summer,6,0,Monday,23,0,103.29,100.87,192,17988.48,8388.48
2025-06-23,ELEC_004,Ergonomic Mechanical Keyboard,Electronics,93.11,89.99,35.0,90.47,0.0,399,4.61,833,150.6,0.0,Premium,Summer,6,0,Monday,23,0,52.57,58.03,47,4376.17,2731.17
2025-06-23,HOME_001,Espresso Machine & Milk Frother,Home & Living,163.88,159.99,65.0,151.24,0.0,685,4.34,828,241.73,0.0,Premium,Summer,6,0,Monday,23,0,46.0,44.33,30,4916.4,2966.4
2025-06-23,HOME_002,Cordless Handheld Vacuum Cleaner,Home & Living,97.66,99.99,40.0,96.37,0.0,146,4.7,995,270.87,0.0,Premium,Summer,6,0,Monday,23,0,70.29,65.23,59,5761.94,3401.94
2025-06-23,HOSP_001,Deluxe City Center King Room (Per Night),Hospitality & Stays,172.78,175.0,45.0,174.71,0.0,266,4.64,949,182.61,0.0,Premium,Summer,6,0,Monday,23,0,165.0,168.87,181,31273.18,23128.18
2025-06-23,HOSP_002,Executive Skyline Suite (Per Night),Hospitality & Stays,341.65,350.0,90.0,333.69,0.0,159,4.33,860,60.11,0.0,Standard,Summer,6,0,Monday,23,0,35.14,29.5,30,10249.5,7549.5
2025-06-23,RIDE_001,Standard Urban Commute Ride (10 km),Rideshare & Mobility,24.31,24.5,8.0,23.94,0.0,668,4.43,786,97.71,0.0,Standard,Summer,6,0,Monday,23,0,268.0,334.73,152,3695.12,2479.12
2025-06-23,RIDE_002,Premium Black Airport Transfer,Rideshare & Mobility,58.06,65.0,22.0,65.42,10.0,305,4.89,832,162.88,0.0,Premium,Summer,6,0,Monday,23,0,128.86,118.57,137,7954.22,4940.22
2025-06-24,APP_001,Premium Merino Wool Sweater,Apparel & Fashion,76.47,79.99,28.0,86.22,0.0,508,4.72,881,152.05,0.0,Standard,Summer,6,1,Tuesday,24,0,97.86,85.83,83,6347.01,4023.01
2025-06-24,APP_002,Breathable Performance Running Shoes,Apparel & Fashion,118.26,119.99,42.0,114.25,0.0,419,4.44,857,148.48,0.0,Budget,Summer,6,1,Tuesday,24,0,111.0,111.1,122,14427.72,9303.72
2025-06-24,APP_003,Classic Waterproof Trench Coat,Apparel & Fashion,150.01,149.99,55.0,143.97,0.0,332,4.24,757,103.13,0.0,Standard,Summer,6,1,Tuesday,24,0,37.43,37.3,28,4200.28,2660.28
2025-06-24,ELEC_001,Pro Wireless Noise-Cancelling Headphones,Electronics,191.85,199.99,85.0,192.46,0.0,234,4.23,887,167.01,0.0,Standard,Summer,6,1,Tuesday,24,0,65.14,69.43,69,13237.65,7372.65
2025-06-24,ELEC_002,Ultra HD 4K Smart TV 55-inch,Electronics,440.29,549.99,280.0,535.64,20.0,359,4.77,873,180.14,0.0,Budget,Summer,6,1,Tuesday,24,0,36.86,34.07,61,26857.69,9777.69
2025-06-24,ELEC_003,Smart Fitness Watch Gen-4,Electronics,107.1,129.99,50.0,119.76,20.0,488,4.81,852,111.22,0.0,Standard,Summer,6,1,Tuesday,24,0,105.86,100.73,112,11995.2,6395.2
2025-06-24,ELEC_004,Ergonomic Mechanical Keyboard,Electronics,89.57,89.99,35.0,85.59,0.0,354,4.79,817,139.28,0.0,Premium,Summer,6,1,Tuesday,24,0,51.71,57.27,45,4030.65,2455.65
2025-06-24,HOME_001,Espresso Machine & Milk Frother,Home & Living,159.45,159.99,65.0,157.32,0.0,643,4.63,767,200.55,0.0,Standard,Summer,6,1,Tuesday,24,0,46.29,44.1,42,6696.9,3966.9
2025-06-24,HOME_002,Cordless Handheld Vacuum Cleaner,Home & Living,100.04,99.99,40.0,101.13,0.0,615,4.35,880,164.42,0.0,Budget,Summer,6,1,Tuesday,24,0,68.0,65.47,71,7102.84,4262.84
2025-06-24,HOSP_001,Deluxe City Center King Room (Per Night),Hospitality & Stays,183.03,175.0,45.0,172.33,0.0,138,4.06,817,172.68,0.0,Premium,Summer,6,1,Tuesday,24,0,158.43,169.6,128,23427.84,17667.84
2025-06-24,HOSP_002,Executive Skyline Suite (Per Night),Hospitality & Stays,340.34,350.0,90.0,361.72,0.0,120,4.46,783,183.84,0.0,Standard,Summer,6,1,Tuesday,24,0,36.71,30.13,39,13273.26,9763.26
2025-06-24,RIDE_001,Standard Urban Commute Ride (10 km),Rideshare & Mobility,18.24,24.5,8.0,25.84,25.0,565,4.52,817,90.51,0.0,Budget,Summer,6,1,Tuesday,24,0,345.29,347.53,668,12184.32,6840.32
2025-06-24,RIDE_002,Premium Black Airport Transfer,Rideshare & Mobility,50.4,65.0,22.0,59.39,20.0,141,4.38,909,143.17,0.0,Budget,Summer,6,1,Tuesday,24,0,140.71,121.13,164,8265.6,4657.6
2025-06-25,APP_001,Premium Merino Wool Sweater,Apparel & Fashion,78.48,79.99,28.0,71.85,0.0,438,4.39,822,186.69,0.0,Budget,Summer,6,2,Wednesday,25,0,93.71,85.27,70,5493.6,3533.6
2025-06-25,APP_002,Breathable Performance Running Shoes,Apparel & Fashion,120.15,119.99,42.0,127.69,0.0,351,4.22,837,247.44,0.0,Enterprise,Summer,6,2,Wednesday,25,0,106.71,109.63,68,8170.2,5314.2
2025-06-25,APP_003,Classic Waterproof Trench Coat,Apparel & Fashion,146.74,149.99,55.0,149.15,0.0,293,4.53,826,200.8,0.0,Budget,Summer,6,2,Wednesday,25,0,38.71,37.33,39,5722.86,3577.86
2025-06-25,ELEC_001,Pro Wireless Noise-Cancelling Headphones,Electronics,156.84,199.99,85.0,187.61,20.0,144,4.24,851,121.83,0.0,Premium,Summer,6,2,Wednesday,25,0,68.71,70.2,90,14115.6,6465.6
2025-06-25,ELEC_002,Ultra HD 4K Smart TV 55-inch,Electronics,568.49,549.99,280.0,508.33,0.0,333,4.78,809,183.98,0.0,Budget,Summer,6,2,Wednesday,25,0,36.43,34.07,26,14780.74,7500.74
2025-06-25,ELEC_003,Smart Fitness Watch Gen-4,Electronics,135.54,129.99,50.0,131.01,0.0,398,4.6,903,190.63,0.0,Budget,Summer,6,2,Wednesday,25,0,105.43,100.9,90,12198.6,7698.6
2025-06-25,ELEC_004,Ergonomic Mechanical Keyboard,Electronics,91.09,89.99,35.0,88.72,0.0,305,4.14,818,143.52,0.0,Premium,Summer,6,2,Wednesday,25,0,52.0,57.67,49,4463.41,2748.41
2025-06-25,HOME_001,Espresso Machine & Milk Frother,Home & Living,160.24,159.99,65.0,170.43,0.0,597,4.9,823,168.84,0.0,Standard,Summer,6,2,Wednesday,25,0,45.57,44.3,46,7371.04,4381.04
2025-06-25,HOME_002,Cordless Handheld Vacuum Cleaner,Home & Living,104.7,99.99,40.0,95.81,0.0,554,4.88,819,158.7,0.0,Budget,Summer,6,2,Wednesday,25,0,66.29,65.9,61,6386.7,3946.7
2025-06-25,HOSP_001,Deluxe City Center King Room (Per Night),Hospitality & Stays,175.09,175.0,45.0,171.43,0.0,452,4.56,888,181.64,0.0,Budget,Summer,6,2,Wednesday,25,0,158.57,169.9,138,24162.42,17952.42
2025-06-25,HOSP_002,Executive Skyline Suite (Per Night),Hospitality & Stays,351.14,350.0,90.0,345.94,0.0,94,4.02,853,236.6,0.0,Premium,Summer,6,2,Wednesday,25,0,37.0,30.63,26,9129.64,6789.64
2025-06-25,RIDE_001,Standard Urban Commute Ride (10 km),Rideshare & Mobility,21.36,24.5,8.0,23.63,10.0,126,4.38,829,177.67,0.0,Premium,Summer,6,2,Wednesday,25,0,359.29,347.93,439,9377.04,5865.04
2025-06-25,RIDE_002,Premium Black Airport Transfer,Rideshare & Mobility,65.02,65.0,22.0,65.92,0.0,636,4.27,775,78.03,0.0,Enterprise,Summer,6,2,Wednesday,25,0,124.14,118.87,67,4356.34,2882.34
2025-06-26,APP_001,Premium Merino Wool Sweater,Apparel & Fashion,74.63,79.99,28.0,79.99,10.0,325,4.02,867,170.54,0.0,Budget,Summer,6,3,Thursday,26,0,82.71,85.63,113,8433.19,5269.19
2025-06-26,APP_002,Breathable Performance Running Shoes,Apparel & Fashion,118.24,119.99,42.0,128.2,0.0,236,4.73,902,158.25,0.0,Standard,Summer,6,3,Thursday,26,0,108.0,109.23,115,13597.6,8767.6
2025-06-26,APP_003,Classic Waterproof Trench Coat,Apparel & Fashion,143.89,149.99,55.0,152.0,0.0,254,4.82,838,180.36,0.0,Budget,Summer,6,3,Thursday,26,0,38.14,37.43,39,5611.71,3466.71
2025-06-26,ELEC_001,Pro Wireless Noise-Cancelling Headphones,Electronics,198.93,199.99,85.0,181.63,0.0,84,4.54,877,183.45,0.0,Standard,Summer,6,3,Thursday,26,0,65.0,69.83,60,11935.8,6835.8
2025-06-26,ELEC_002,Ultra HD 4K Smart TV 55-inch,Electronics,448.11,549.99,280.0,553.79,15.0,274,4.88,826,245.63,0.0,Budget,Summer,6,3,Thursday,26,0,41.43,34.93,59,26438.49,9918.49
2025-06-26,ELEC_003,Smart Fitness Watch Gen-4,Electronics,134.98,129.99,50.0,131.88,0.0,328,4.41,847,139.18,0.0,Standard,Summer,6,3,Thursday,26,0,105.43,101.23,70,9448.6,5948.6
2025-06-26,ELEC_004,Ergonomic Mechanical Keyboard,Electronics,72.52,89.99,35.0,82.08,20.0,224,4.36,839,168.59,0.0,Standard,Summer,6,3,Thursday,26,0,57.71,58.13,81,5874.12,3039.12
2025-06-26,HOME_001,Espresso Machine & Milk Frother,Home & Living,165.07,159.99,65.0,164.17,0.0,556,4.1,834,166.73,0.0,Standard,Summer,6,3,Thursday,26,0,42.29,44.53,41,6767.87,4102.87
2025-06-26,HOME_002,Cordless Handheld Vacuum Cleaner,Home & Living,98.53,99.99,40.0,98.09,0.0,476,4.18,875,85.27,0.0,Budget,Summer,6,3,Thursday,26,0,70.86,66.7,78,7685.34,4565.34
2025-06-26,HOSP_001,Deluxe City Center King Room (Per Night),Hospitality & Stays,175.16,175.0,45.0,204.82,0.0,252,4.38,836,187.39,0.0,Standard,Summer,6,3,Thursday,26,0,159.29,172.87,200,35032.0,26032.0
2025-06-26,HOSP_002,Executive Skyline Suite (Per Night),Hospitality & Stays,352.55,350.0,90.0,321.53,0.0,665,4.79,915,234.07,0.0,Standard,Summer,6,3,Thursday,26,0,37.0,30.93,31,10929.05,8139.05
2025-06-26,RIDE_001,Standard Urban Commute Ride (10 km),Rideshare & Mobility,25.12,24.5,8.0,23.13,0.0,552,4.24,876,160.82,0.0,Standard,Summer,6,3,Thursday,26,0,339.57,342.63,126,3165.12,2157.12
2025-06-26,RIDE_002,Premium Black Airport Transfer,Rideshare & Mobility,66.54,65.0,22.0,62.93,0.0,534,4.2,826,209.14,0.0,Budget,Summer,6,3,Thursday,26,0,122.43,119.23,102,6787.08,4543.08
2025-06-27,APP_001,Premium Merino Wool Sweater,Apparel & Fashion,82.61,79.99,28.0,78.12,0.0,251,4.57,910,160.43,0.0,Standard,Summer,6,4,Friday,27,0,84.14,85.17,74,6113.14,4041.14
2025-06-27,APP_002,Breathable Performance Running Shoes,Apparel & Fashion,88.68,119.99,42.0,121.17,25.0,581,4.67,830,130.58,0.0,Standard,Summer,6,4,Friday,27,0,119.71,113.03,219,19420.92,10222.92
2025-06-27,APP_003,Classic Waterproof Trench Coat,Apparel & Fashion,150.37,149.99,55.0,143.33,0.0,219,4.42,746,169.65,0.0,Budget,Summer,6,4,Friday,27,0,38.0,36.8,35,5262.95,3337.95
2025-06-27,ELEC_001,Pro Wireless Noise-Cancelling Headphones,Electronics,207.55,199.99,85.0,200.81,0.0,488,4.78,849,172.74,0.0,Budget,Summer,6,4,Friday,27,0,67.57,70.4,68,14113.4,8333.4
2025-06-27,ELEC_002,Ultra HD 4K Smart TV 55-inch,Electronics,520.23,549.99,280.0,475.62,5.0,249,4.76,822,137.12,0.0,Premium,Summer,6,4,Friday,27,0,41.71,34.6,25,13005.75,6005.75
2025-06-27,ELEC_003,Smart Fitness Watch Gen-4,Electronics,103.21,129.99,50.0,124.8,20.0,208,4.14,788,198.66,0.0,Budget,Summer,6,4,Friday,27,0,105.71,102.13,120,12385.2,6385.2
2025-06-27,ELEC_004,Ergonomic Mechanical Keyboard,Electronics,73.86,89.99,35.0,88.67,15.0,132,4.86,851,165.16,0.0,Budget,Summer,6,4,Friday,27,0,62.71,59.13,92,6795.12,3575.12
2025-06-27,HOME_001,Espresso Machine & Milk Frother,Home & Living,161.19,159.99,65.0,159.6,0.0,510,4.1,928,142.05,0.0,Standard,Summer,6,4,Friday,27,0,42.86,44.63,46,7414.74,4424.74
2025-06-27,HOME_002,Cordless Handheld Vacuum Cleaner,Home & Living,101.29,99.99,40.0,90.5,0.0,412,4.58,920,154.3,0.0,Budget,Summer,6,4,Friday,27,0,69.29,66.87,64,6482.56,3922.56
2025-06-27,HOSP_001,Deluxe City Center King Room (Per Night),Hospitality & Stays,181.15,175.0,45.0,172.01,0.0,113,4.35,893,119.36,0.0,Premium,Summer,6,4,Friday,27,0,156.86,172.7,139,25179.85,18924.85
2025-06-27,HOSP_002,Executive Skyline Suite (Per Night),Hospitality & Stays,344.59,350.0,90.0,350.68,0.0,643,4.4,776,173.76,0.0,Enterprise,Summer,6,4,Friday,27,0,36.0,30.9,22,7580.98,5600.98
2025-06-27,RIDE_001,Standard Urban Commute Ride (10 km),Rideshare & Mobility,19.1,24.5,8.0,23.64,25.0,462,4.47,869,223.91,0.0,Budget,Summer,6,4,Friday,27,0,355.86,348.23,552,10543.2,6127.2
2025-06-27,RIDE_002,Premium Black Airport Transfer,Rideshare & Mobility,64.92,65.0,22.0,64.27,0.0,397,4.06,848,160.32,0.0,Budget,Summer,6,4,Friday,27,0,127.14,120.37,137,8894.04,5880.04
2025-06-28,APP_001,Premium Merino Wool Sweater,Apparel & Fashion,72.82,79.99,28.0,82.18,5.0,139,4.66,922,174.17,0.0,Budget,Summer,6,5,Saturday,28,1,89.0,86.17,112,8155.84,5019.84
2025-06-28,APP_002,Breathable Performance Running Shoes,Apparel & Fashion,117.55,119.99,42.0,120.03,0.0,484,4.69,847,159.3,0.0,Premium,Summer,6,5,Saturday,28,1,113.86,113.07,97,11402.35,7328.35
2025-06-28,APP_003,Classic Waterproof Trench Coat,Apparel & Fashion,156.45,149.99,55.0,132.09,0.0,190,4.25,727,111.08,0.0,Budget,Summer,6,5,Saturday,28,1,35.86,36.63,29,4537.05,2942.05
2025-06-28,ELEC_001,Pro Wireless Noise-Cancelling Headphones,Electronics,201.45,199.99,85.0,195.65,0.0,406,4.84,828,121.11,0.0,Budget,Summer,6,5,Saturday,28,1,73.71,68.37,82,16518.9,9548.9
2025-06-28,ELEC_002,Ultra HD 4K Smart TV 55-inch,Electronics,566.05,549.99,280.0,554.52,0.0,226,4.36,853,73.81,0.0,Standard,Summer,6,5,Saturday,28,1,36.43,33.97,23,13019.15,6579.15
2025-06-28,ELEC_003,Smart Fitness Watch Gen-4,Electronics,131.75,129.99,50.0,139.49,0.0,136,4.82,841,151.62,0.0,Premium,Summer,6,5,Saturday,28,1,106.71,99.2,72,9486.0,5886.0
2025-06-28,ELEC_004,Ergonomic Mechanical Keyboard,Electronics,92.45,89.99,35.0,87.17,0.0,86,4.48,867,145.05,0.0,Premium,Summer,6,5,Saturday,28,1,57.86,57.6,46,4252.7,2642.7
2025-06-28,HOME_001,Espresso Machine & Milk Frother,Home & Living,164.24,159.99,65.0,172.74,0.0,462,4.51,911,131.2,0.0,Budget,Summer,6,5,Saturday,28,1,42.0,44.87,48,7883.52,4763.52
2025-06-28,HOME_002,Cordless Handheld Vacuum Cleaner,Home & Living,98.75,99.99,40.0,98.62,0.0,341,4.76,753,163.91,0.0,Standard,Summer,6,5,Saturday,28,1,68.71,67.47,71,7011.25,4171.25
2025-06-28,HOSP_001,Deluxe City Center King Room (Per Night),Hospitality & Stays,197.98,175.0,45.0,160.19,0.0,515,4.57,873,90.26,0.0,Premium,Summer,6,5,Saturday,28,1,149.43,171.33,113,22371.74,17286.74
2025-06-28,HOSP_002,Executive Skyline Suite (Per Night),Hospitality & Stays,407.2,350.0,90.0,362.45,0.0,616,4.73,831,141.36,0.0,Premium,Summer,6,5,Saturday,28,1,35.29,31.1,27,10994.4,8564.4
2025-06-28,RIDE_001,Standard Urban Commute Ride (10 km),Rideshare & Mobility,25.32,24.5,8.0,22.76,0.0,134,4.66,818,103.37,0.0,Standard,Summer,6,5,Saturday,28,1,383.14,347.5,328,8304.96,5680.96
2025-06-28,RIDE_002,Premium Black Airport Transfer,Rideshare & Mobility,54.41,65.0,22.0,58.0,15.0,243,4.12,775,164.29,0.0,Standard,Summer,6,5,Saturday,28,1,130.71,121.47,154,8379.14,4991.14
2025-06-29,APP_001,Premium Merino Wool Sweater,Apparel & Fashion,81.77,79.99,28.0,74.75,0.0,778,4.65,882,163.92,0.0,Budget,Summer,6,6,Sunday,29,1,87.43,85.4,79,6459.83,4247.83
2025-06-29,APP_002,Breathable Performance Running Shoes,Apparel & Fashion,100.06,119.99,42.0,119.31,20.0,290,4.18,807,204.87,0.0,Budget,Summer,6,6,Sunday,29,1,129.86,115.3,194,19411.64,11263.64
2025-06-29,APP_003,Classic Waterproof Trench Coat,Apparel & Fashion,154.69,149.99,55.0,160.66,0.0,159,4.18,804,100.47,0.0,Standard,Summer,6,6,Sunday,29,1,34.57,36.77,31,4795.39,3090.39
2025-06-29,ELEC_001,Pro Wireless Noise-Cancelling Headphones,Electronics,206.58,199.99,85.0,189.76,0.0,350,4.29,873,118.02,0.0,Standard,Summer,6,6,Sunday,29,1,70.57,67.67,56,11568.48,6808.48
2025-06-29,ELEC_002,Ultra HD 4K Smart TV 55-inch,Electronics,528.02,549.99,280.0,568.42,0.0,190,4.35,861,190.03,0.0,Budget,Summer,6,6,Sunday,29,1,36.71,33.57,36,19008.72,8928.72
2025-06-29,ELEC_003,Smart Fitness Watch Gen-4,Electronics,108.73,129.99,50.0,117.23,20.0,487,4.66,881,191.56,0.0,Budget,Summer,6,6,Sunday,29,1,113.14,100.7,136,14787.28,7987.28
2025-06-29,ELEC_004,Ergonomic Mechanical Keyboard,Electronics,88.45,89.99,35.0,91.71,0.0,679,4.8,855,133.79,0.0,Standard,Summer,6,6,Sunday,29,1,60.29,58.23,62,5483.9,3313.9
2025-06-29,HOME_001,Espresso Machine & Milk Frother,Home & Living,164.38,159.99,65.0,157.23,0.0,419,4.46,920,145.34,0.0,Budget,Summer,6,6,Sunday,29,1,42.29,45.07,43,7068.34,4273.34
2025-06-29,HOME_002,Cordless Handheld Vacuum Cleaner,Home & Living,102.37,99.99,40.0,109.55,0.0,269,4.03,806,186.96,0.0,Budget,Summer,6,6,Sunday,29,1,68.0,67.47,72,7370.64,4490.64
2025-06-29,HOSP_001,Deluxe City Center King Room (Per Night),Hospitality & Stays,177.23,175.0,45.0,173.73,15.0,269,4.36,867,221.57,0.0,Budget,Summer,6,6,Sunday,29,1,163.57,176.0,246,43598.58,32528.58
2025-06-29,HOSP_002,Executive Skyline Suite (Per Night),Hospitality & Stays,386.87,350.0,90.0,350.15,0.0,585,4.01,941,152.48,0.0,Premium,Summer,6,6,Sunday,29,1,29.43,31.33,31,11992.97,9202.97
2025-06-29,RIDE_001,Standard Urban Commute Ride (10 km),Rideshare & Mobility,25.57,24.5,8.0,23.88,0.0,566,4.11,840,155.78,0.0,Standard,Summer,6,6,Sunday,29,1,342.71,344.1,134,3426.38,2354.38
2025-06-29,RIDE_002,Premium Black Airport Transfer,Rideshare & Mobility,61.84,65.0,22.0,61.88,0.0,117,4.61,838,105.92,0.0,Premium,Summer,6,6,Sunday,29,1,126.71,121.77,126,7791.84,5019.84
2025-06-30,APP_001,Premium Merino Wool Sweater,Apparel & Fashion,78.85,79.99,28.0,80.31,0.0,674,4.68,901,120.35,0.0,Budget,Summer,6,0,Monday,30,0,90.71,86.7,104,8200.4,5288.4
2025-06-30,APP_002,Breathable Performance Running Shoes,Apparel & Fashion,91.71,119.99,42.0,118.61,25.0,114,4.23,780,143.74,0.0,Premium,Summer,6,0,Monday,30,0,141.57,114.57,176,16140.96,8748.96
2025-06-30,APP_003,Classic Waterproof Trench Coat,Apparel & Fashion,145.62,149.99,55.0,145.54,0.0,117,4.44,879,137.06,0.0,Budget,Summer,6,0,Monday,30,0,34.71,37.17,42,6116.04,3806.04
2025-06-30,ELEC_001,Pro Wireless Noise-Cancelling Headphones,Electronics,167.44,199.99,85.0,184.18,20.0,273,4.39,861,152.58,0.0,Standard,Summer,6,0,Monday,30,0,71.71,66.97,77,12892.88,6347.88
2025-06-30,ELEC_002,Ultra HD 4K Smart TV 55-inch,Electronics,571.15,549.99,280.0,514.7,0.0,164,4.21,925,157.44,0.0,Standard,Summer,6,0,Monday,30,0,36.57,33.53,26,14849.9,7569.9
2025-06-30,ELEC_003,Smart Fitness Watch Gen-4,Electronics,133.93,129.99,50.0,123.07,0.0,425,4.34,943,117.7,0.0,Premium,Summer,6,0,Monday,30,0,94.57,99.47,62,8303.66,5203.66
2025-06-30,ELEC_004,Ergonomic Mechanical Keyboard,Electronics,88.45,89.99,35.0,91.83,0.0,611,4.63,848,190.89,0.0,Budget,Summer,6,0,Monday,30,0,63.29,58.4,68,6014.6,3634.6
2025-06-30,HOME_001,Espresso Machine & Milk Frother,Home & Living,156.52,159.99,65.0,158.14,0.0,371,4.23,906,194.85,0.0,Budget,Summer,6,0,Monday,30,0,44.86,45.27,48,7512.96,4392.96
2025-06-30,HOME_002,Cordless Handheld Vacuum Cleaner,Home & Living,103.21,99.99,40.0,101.99,0.0,231,4.17,835,202.87,0.0,Premium,Summer,6,0,Monday,30,0,65.0,66.87,38,3921.98,2401.98
2025-06-30,HOSP_001,Deluxe City Center King Room (Per Night),Hospitality & Stays,167.63,175.0,45.0,176.07,0.0,449,4.46,920,171.13,0.0,Budget,Summer,6,0,Monday,30,0,172.57,181.47,244,40901.72,29921.72
2025-06-30,HOSP_002,Executive Skyline Suite (Per Night),Hospitality & Stays,345.09,350.0,90.0,303.41,0.0,554,4.15,816,135.83,0.0,Standard,Summer,6,0,Monday,30,0,29.57,31.67,31,10697.79,7907.79
2025-06-30,RIDE_001,Standard Urban Commute Ride (10 km),Rideshare & Mobility,23.04,24.5,8.0,26.73,5.0,413,4.42,881,80.52,0.0,Budget,Summer,6,0,Monday,30,0,401.14,339.33,561,12925.44,8437.44
2025-06-30,RIDE_002,Premium Black Airport Transfer,Rideshare & Mobility,62.0,65.0,22.0,70.21,0.0,744,4.19,877,148.27,0.0,Budget,Summer,6,0,Monday,30,0,123.86,121.73,117,7254.0,4680.0
2025-07-01,APP_001,Premium Merino Wool Sweater,Apparel & Fashion,83.1,79.99,28.0,83.68,0.0,609,4.21,787,156.06,0.0,Premium,Summer,7,1,Tuesday,1,0,88.14,87.17,65,5401.5,3581.5
2025-07-01,APP_002,Breathable Performance Running Shoes,Apparel & Fashion,115.68,119.99,42.0,126.32,0.0,700,4.58,845,135.38,0.0,Budget,Summer,7,1,Tuesday,1,0,140.43,115.27,114,13187.52,8399.52
2025-07-01,APP_003,Classic Waterproof Trench Coat,Apparel & Fashion,154.71,149.99,55.0,147.26,0.0,641,4.82,840,110.03,0.0,Budget,Summer,7,1,Tuesday,1,0,36.43,37.23,40,6188.4,3988.4
2025-07-01,ELEC_001,Pro Wireless Noise-Cancelling Headphones,Electronics,202.38,199.99,85.0,202.82,0.0,186,4.59,822,141.46,0.0,Budget,Summer,7,1,Tuesday,1,0,74.29,67.77,87,17607.06,10212.06
2025-07-01,ELEC_002,Ultra HD 4K Smart TV 55-inch,Electronics,560.17,549.99,280.0,554.0,0.0,133,4.26,770,124.07,0.0,Budget,Summer,7,1,Tuesday,1,0,32.29,33.5,31,17365.27,8685.27
2025-07-01,ELEC_003,Smart Fitness Watch Gen-4,Electronics,128.76,129.99,50.0,131.64,0.0,345,4.61,826,155.89,0.0,Premium,Summer,7,1,Tuesday,1,0,90.0,99.3,80,10300.8,6300.8
2025-07-01,ELEC_004,Ergonomic Mechanical Keyboard,Electronics,77.99,89.99,35.0,99.37,15.0,536,4.23,868,147.25,0.0,Premium,Summer,7,1,Tuesday,1,0,67.57,58.7,75,5849.25,3224.25
2025-07-01,HOME_001,Espresso Machine & Milk Frother,Home & Living,155.49,159.99,65.0,176.05,0.0,329,4.06,921,156.93,0.0,Premium,Summer,7,1,Tuesday,1,0,44.86,44.9,42,6530.58,3800.58
2025-07-01,HOME_002,Cordless Handheld Vacuum Cleaner,Home & Living,101.83,99.99,40.0,100.38,0.0,177,4.12,819,146.2,0.0,Standard,Summer,7,1,Tuesday,1,0,62.57,66.2,54,5498.82,3338.82
2025-07-01,HOSP_001,Deluxe City Center King Room (Per Night),Hospitality & Stays,167.73,175.0,45.0,167.76,0.0,230,4.37,824,168.48,0.0,Budget,Summer,7,1,Tuesday,1,0,185.57,185.37,219,36732.87,26877.87
2025-07-01,HOSP_002,Executive Skyline Suite (Per Night),Hospitality & Stays,338.27,350.0,90.0,366.77,0.0,529,4.1,874,161.97,0.0,Enterprise,Summer,7,1,Tuesday,1,0,27.57,31.3,25,8456.75,6206.75
2025-07-01,RIDE_001,Standard Urban Commute Ride (10 km),Rideshare & Mobility,24.91,24.5,8.0,24.9,0.0,823,4.78,826,116.88,0.0,Standard,Summer,7,1,Tuesday,1,0,355.29,340.1,347,8643.77,5867.77
2025-07-01,RIDE_002,Premium Black Airport Transfer,Rideshare & Mobility,67.71,65.0,22.0,63.61,0.0,640,4.54,886,167.38,0.0,Standard,Summer,7,1,Tuesday,1,0,115.29,121.4,104,7041.84,4753.84
2025-07-02,APP_001,Premium Merino Wool Sweater,Apparel & Fashion,80.46,79.99,28.0,85.63,0.0,518,4.71,799,203.34,0.0,Budget,Summer,7,2,Wednesday,2,0,91.14,86.83,91,7321.86,4773.86
2025-07-02,APP_002,Breathable Performance Running Shoes,Apparel & Fashion,117.24,119.99,42.0,118.9,0.0,578,4.22,869,163.2,0.0,Standard,Summer,7,2,Wednesday,2,0,148.14,115.77,122,14303.28,9179.28
2025-07-02,APP_003,Classic Waterproof Trench Coat,Apparel & Fashion,154.36,149.99,55.0,144.01,0.0,615,4.07,869,157.55,0.0,Enterprise,Summer,7,2,Wednesday,2,0,34.57,36.77,26,4013.36,2583.36
2025-07-02,ELEC_001,Pro Wireless Noise-Cancelling Headphones,Electronics,164.51,199.99,85.0,194.35,15.0,543,4.62,843,210.85,0.0,Budget,Summer,7,2,Wednesday,2,0,81.86,70.87,143,23524.93,11369.93
2025-07-02,ELEC_002,Ultra HD 4K Smart TV 55-inch,Electronics,515.42,549.99,280.0,545.26,10.0,90,4.55,820,85.36,0.0,Budget,Summer,7,2,Wednesday,2,0,34.71,34.0,43,22163.06,10123.06
2025-07-02,ELEC_003,Smart Fitness Watch Gen-4,Electronics,132.02,129.99,50.0,127.51,0.0,271,4.79,882,267.42,0.0,Premium,Summer,7,2,Wednesday,2,0,87.71,95.87,74,9769.48,6069.48
2025-07-02,ELEC_004,Ergonomic Mechanical Keyboard,Electronics,67.21,89.99,35.0,86.52,25.0,423,4.71,897,152.76,0.0,Standard,Summer,7,2,Wednesday,2,0,76.71,60.5,113,7594.73,3639.73
2025-07-02,HOME_001,Espresso Machine & Milk Frother,Home & Living,153.16,159.99,65.0,156.67,0.0,295,4.07,857,173.02,0.0,Premium,Summer,7,2,Wednesday,2,0,43.14,44.7,34,5207.44,2997.44
2025-07-02,HOME_002,Cordless Handheld Vacuum Cleaner,Home & Living,93.71,99.99,40.0,101.72,10.0,104,4.14,880,123.64,0.0,Standard,Summer,7,2,Wednesday,2,0,64.29,66.1,73,6840.83,3920.83
2025-07-02,HOSP_001,Deluxe City Center King Room (Per Night),Hospitality & Stays,182.3,175.0,45.0,148.89,0.0,88,4.59,773,195.31,0.0,Standard,Summer,7,2,Wednesday,2,0,186.14,185.5,142,25886.6,19496.6
2025-07-02,HOSP_002,Executive Skyline Suite (Per Night),Hospitality & Stays,358.49,350.0,90.0,388.34,0.0,493,4.9,937,189.85,0.0,Standard,Summer,7,2,Wednesday,2,0,29.0,31.77,36,12905.64,9665.64
2025-07-02,RIDE_001,Standard Urban Commute Ride (10 km),Rideshare & Mobility,24.34,24.5,8.0,24.44,0.0,514,4.0,851,140.91,0.0,Standard,Summer,7,2,Wednesday,2,0,336.71,341.6,309,7521.06,5049.06
2025-07-02,RIDE_002,Premium Black Airport Transfer,Rideshare & Mobility,67.1,65.0,22.0,67.56,0.0,540,4.46,849,126.91,0.0,Budget,Summer,7,2,Wednesday,2,0,120.0,120.7,100,6710.0,4510.0
2025-07-03,APP_001,Premium Merino Wool Sweater,Apparel & Fashion,82.51,79.99,28.0,81.13,0.0,449,4.26,962,137.58,0.0,Premium,Summer,7,3,Thursday,3,0,84.86,86.77,69,5693.19,3761.19
2025-07-03,APP_002,Breathable Performance Running Shoes,Apparel & Fashion,118.19,119.99,42.0,112.7,0.0,475,4.29,913,128.68,0.0,Standard,Summer,7,3,Thursday,3,0,146.43,116.0,103,12173.57,7847.57
2025-07-03,APP_003,Classic Waterproof Trench Coat,Apparel & Fashion,142.85,149.99,55.0,156.79,0.0,561,4.85,962,121.39,0.0,Budget,Summer,7,3,Thursday,3,0,36.71,37.03,54,7713.9,4743.9
2025-07-03,ELEC_001,Pro Wireless Noise-Cancelling Headphones,Electronics,200.53,199.99,85.0,184.65,0.0,478,4.38,911,95.32,0.0,Standard,Summer,7,3,Thursday,3,0,82.57,70.7,65,13034.45,7509.45
2025-07-03,ELEC_002,Ultra HD 4K Smart TV 55-inch,Electronics,527.97,549.99,280.0,555.29,0.0,711,4.01,923,145.83,0.0,Standard,Summer,7,3,Thursday,3,0,31.43,34.13,36,19006.92,8926.92
2025-07-03,ELEC_003,Smart Fitness Watch Gen-4,Electronics,128.6,129.99,50.0,129.22,0.0,195,4.35,911,109.95,0.0,Premium,Summer,7,3,Thursday,3,0,88.57,95.33,76,9773.6,5973.6
2025-07-03,ELEC_004,Ergonomic Mechanical Keyboard,Electronics,90.2,89.99,35.0,88.3,0.0,349,4.81,853,153.06,0.0,Standard,Summer,7,3,Thursday,3,0,75.71,60.83,74,6674.8,4084.8
2025-07-03,HOME_001,Espresso Machine & Milk Frother,Home & Living,153.91,159.99,65.0,153.09,0.0,248,4.1,852,124.09,0.0,Standard,Summer,7,3,Thursday,3,0,44.0,44.63,47,7233.77,4178.77
2025-07-03,HOME_002,Cordless Handheld Vacuum Cleaner,Home & Living,101.88,99.99,40.0,97.77,0.0,568,4.47,933,172.58,0.0,Premium,Summer,7,3,Thursday,3,0,60.43,65.27,51,5195.88,3155.88
2025-07-03,HOSP_001,Deluxe City Center King Room (Per Night),Hospitality & Stays,166.37,175.0,45.0,176.15,0.0,532,4.88,918,167.12,0.0,Budget,Summer,7,3,Thursday,3,0,170.14,183.47,88,14640.56,10680.56
2025-07-03,HOSP_002,Executive Skyline Suite (Per Night),Hospitality & Stays,359.95,350.0,90.0,331.73,0.0,464,4.05,930,177.97,0.0,Standard,Summer,7,3,Thursday,3,0,28.71,31.77,29,10438.55,7828.55
2025-07-03,RIDE_001,Standard Urban Commute Ride (10 km),Rideshare & Mobility,22.61,24.5,8.0,24.27,5.0,112,4.59,804,198.44,0.0,Standard,Summer,7,3,Thursday,3,0,376.14,338.77,402,9089.22,5873.22
2025-07-03,RIDE_002,Premium Black Airport Transfer,Rideshare & Mobility,66.78,65.0,22.0,66.18,0.0,447,4.11,898,130.88,0.0,Budget,Summer,7,3,Thursday,3,0,118.71,121.17,93,6210.54,4164.54
2025-07-04,APP_001,Premium Merino Wool Sweater,Apparel & Fashion,78.14,79.99,28.0,77.37,0.0,334,4.89,903,141.23,0.0,Budget,Summer,7,4,Friday,4,0,90.71,88.3,115,8986.1,5766.1
2025-07-04,APP_002,Breathable Performance Running Shoes,Apparel & Fashion,90.24,119.99,42.0,119.65,25.0,294,4.76,814,122.92,0.0,Premium,Summer,7,4,Friday,4,0,141.0,117.97,181,16333.44,8731.44
2025-07-04,APP_003,Classic Waterproof Trench Coat,Apparel & Fashion,149.99,149.99,55.0,150.98,0.0,507,4.28,840,209.38,0.0,Budget,Summer,7,4,Friday,4,0,39.43,37.87,54,8099.46,5129.46
2025-07-04,ELEC_001,Pro Wireless Noise-Cancelling Headphones,Electronics,205.38,199.99,85.0,212.07,0.0,419,4.01,852,126.94,0.0,Budget,Summer,7,4,Friday,4,0,81.29,70.7,59,12117.42,7102.42
2025-07-04,ELEC_002,Ultra HD 4K Smart TV 55-inch,Electronics,453.28,549.99,280.0,538.59,20.0,658,4.14,915,95.15,0.0,Standard,Summer,7,4,Friday,4,0,35.43,35.07,53,24023.84,9183.84
2025-07-04,ELEC_003,Smart Fitness Watch Gen-4,Electronics,95.48,129.99,50.0,131.32,25.0,450,4.19,843,130.76,0.0,Budget,Summer,7,4,Friday,4,0,99.0,97.2,193,18427.64,8777.64
2025-07-04,ELEC_004,Ergonomic Mechanical Keyboard,Electronics,78.66,89.99,35.0,83.72,10.0,264,4.19,843,141.56,0.0,Budget,Summer,7,4,Friday,4,0,74.71,62.17,85,6686.1,3711.1
2025-07-04,HOME_001,Espresso Machine & Milk Frother,Home & Living,157.6,159.99,65.0,152.57,0.0,205,4.86,789,169.15,0.0,Standard,Summer,7,4,Friday,4,0,43.57,44.53,43,6776.8,3981.8
2025-07-04,HOME_002,Cordless Handheld Vacuum Cleaner,Home & Living,100.65,99.99,40.0,102.14,0.0,505,4.51,776,130.14,0.0,Standard,Summer,7,4,Friday,4,0,60.29,65.53,63,6340.95,3820.95
2025-07-04,HOSP_001,Deluxe City Center King Room (Per Night),Hospitality & Stays,177.83,175.0,45.0,188.42,0.0,347,4.06,944,230.53,0.0,Budget,Summer,7,4,Friday,4,0,176.71,181.9,185,32898.55,24573.55
2025-07-04,HOSP_002,Executive Skyline Suite (Per Night),Hospitality & Stays,280.89,350.0,90.0,348.99,20.0,418,4.46,912,135.63,0.0,Budget,Summer,7,4,Friday,4,0,32.14,32.37,46,12920.94,8780.94
2025-07-04,RIDE_001,Standard Urban Commute Ride (10 km),Rideshare & Mobility,25.0,24.5,8.0,25.77,0.0,769,4.41,929,147.11,0.0,Budget,Summer,7,4,Friday,4,0,313.29,330.3,112,2800.0,1904.0
2025-07-04,RIDE_002,Premium Black Airport Transfer,Rideshare & Mobility,65.17,65.0,22.0,65.88,0.0,349,4.24,921,120.36,0.0,Premium,Summer,7,4,Friday,4,0,113.14,121.1,98,6386.66,4230.66
2025-07-05,APP_001,Premium Merino Wool Sweater,Apparel & Fashion,83.35,79.99,28.0,78.1,0.0,260,4.89,850,190.14,0.0,Standard,Summer,7,5,Saturday,5,1,85.29,88.07,74,6167.9,4095.9
2025-07-05,APP_002,Breathable Performance Running Shoes,Apparel & Fashion,118.08,119.99,42.0,112.41,5.0,158,4.14,845,133.67,0.0,Budget,Summer,7,5,Saturday,5,1,146.57,119.83,136,16058.88,10346.88
2025-07-05,APP_003,Classic Waterproof Trench Coat,Apparel & Fashion,153.37,149.99,55.0,148.94,0.0,469,4.9,866,178.15,0.0,Standard,Summer,7,5,Saturday,5,1,40.71,38.03,38,5828.06,3738.06
2025-07-05,ELEC_001,Pro Wireless Noise-Cancelling Headphones,Electronics,145.72,199.99,85.0,208.62,25.0,263,4.01,830,110.24,0.0,Standard,Summer,7,5,Saturday,5,1,91.86,74.43,156,22732.32,9472.32
2025-07-05,ELEC_002,Ultra HD 4K Smart TV 55-inch,Electronics,548.69,549.99,280.0,524.8,0.0,629,4.6,813,85.52,0.0,Standard,Summer,7,5,Saturday,5,1,36.29,34.03,29,15912.01,7792.01
2025-07-05,ELEC_003,Smart Fitness Watch Gen-4,Electronics,133.86,129.99,50.0,127.66,0.0,365,4.48,885,117.21,0.0,Standard,Summer,7,5,Saturday,5,1,100.86,96.67,85,11378.1,7128.1
2025-07-05,ELEC_004,Ergonomic Mechanical Keyboard,Electronics,91.22,89.99,35.0,85.75,0.0,200,4.88,953,144.63,0.0,Budget,Summer,7,5,Saturday,5,1,77.29,63.0,64,5838.08,3598.08
2025-07-05,HOME_001,Espresso Machine & Milk Frother,Home & Living,160.14,159.99,65.0,162.38,0.0,166,4.26,899,110.25,0.0,Standard,Summer,7,5,Saturday,5,1,42.29,44.63,39,6245.46,3710.46
2025-07-05,HOME_002,Cordless Handheld Vacuum Cleaner,Home & Living,72.01,99.99,40.0,113.01,25.0,396,4.74,900,95.14,0.0,Enterprise,Summer,7,5,Saturday,5,1,65.71,66.73,109,7849.09,3489.09
2025-07-05,HOSP_001,Deluxe City Center King Room (Per Night),Hospitality & Stays,213.6,175.0,45.0,168.43,0.0,220,4.48,851,140.66,0.0,Premium,Summer,7,5,Saturday,5,1,178.71,178.4,127,27127.2,21412.2
2025-07-05,HOSP_002,Executive Skyline Suite (Per Night),Hospitality & Stays,409.71,350.0,90.0,339.78,0.0,395,4.26,859,198.71,0.0,Premium,Summer,7,5,Saturday,5,1,31.57,32.1,23,9423.33,7353.33
2025-07-05,RIDE_001,Standard Urban Commute Ride (10 km),Rideshare & Mobility,18.29,24.5,8.0,21.92,25.0,682,4.22,894,144.35,0.0,Premium,Summer,7,5,Saturday,5,1,372.71,343.57,744,13607.76,7655.76
2025-07-05,RIDE_002,Premium Black Airport Transfer,Rideshare & Mobility,65.15,65.0,22.0,67.23,0.0,214,4.84,842,187.73,0.0,Budget,Summer,7,5,Saturday,5,1,110.43,123.07,135,8795.25,5825.25
2025-07-06,APP_001,Premium Merino Wool Sweater,Apparel & Fashion,83.55,79.99,28.0,88.37,0.0,162,4.63,865,117.63,0.0,Budget,Summer,7,6,Sunday,6,1,88.0,88.47,98,8187.9,5443.9
2025-07-06,APP_002,Breathable Performance Running Shoes,Apparel & Fashion,117.36,119.99,42.0,122.64,0.0,578,4.89,816,156.31,0.0,Standard,Summer,7,6,Sunday,6,1,136.71,120.43,125,14670.0,9420.0
2025-07-06,APP_003,Classic Waterproof Trench Coat,Apparel & Fashion,156.05,149.99,55.0,138.78,0.0,447,4.21,859,171.75,0.0,Enterprise,Summer,7,6,Sunday,6,1,39.43,37.77,22,3433.1,2223.1
2025-07-06,ELEC_001,Pro Wireless Noise-Cancelling Headphones,Electronics,173.28,199.99,85.0,211.96,10.0,179,4.78,864,179.29,0.0,Premium,Summer,7,6,Sunday,6,1,95.86,74.97,84,14555.52,7415.52
2025-07-06,ELEC_002,Ultra HD 4K Smart TV 55-inch,Electronics,560.76,549.99,280.0,539.46,0.0,595,4.85,819,149.49,0.0,Budget,Summer,7,6,Sunday,6,1,36.0,34.1,34,19065.84,9545.84
2025-07-06,ELEC_003,Smart Fitness Watch Gen-4,Electronics,110.82,129.99,50.0,140.83,15.0,217,4.31,926,235.42,0.0,Standard,Summer,7,6,Sunday,6,1,102.57,98.3,148,16401.36,9001.36
2025-07-06,ELEC_004,Ergonomic Mechanical Keyboard,Electronics,91.45,89.99,35.0,93.71,0.0,137,4.4,869,145.18,0.0,Standard,Summer,7,6,Sunday,6,1,77.43,62.4,63,5761.35,3556.35
2025-07-06,HOME_001,Espresso Machine & Milk Frother,Home & Living,165.91,159.99,65.0,157.68,0.0,127,4.58,824,115.93,0.0,Budget,Summer,7,6,Sunday,6,1,41.71,44.13,39,6470.49,3935.49
2025-07-06,HOME_002,Cordless Handheld Vacuum Cleaner,Home & Living,102.49,99.99,40.0,97.24,0.0,352,4.36,882,149.71,0.0,Premium,Summer,7,6,Sunday,6,1,61.71,66.23,44,4509.56,2749.56
2025-07-06,HOSP_001,Deluxe City Center King Room (Per Night),Hospitality & Stays,186.74,175.0,45.0,165.02,0.0,635,4.12,806,170.8,0.0,Standard,Summer,7,6,Sunday,6,1,172.14,178.83,200,37348.0,28348.0
2025-07-06,HOSP_002,Executive Skyline Suite (Per Night),Hospitality & Stays,409.42,350.0,90.0,354.22,0.0,364,4.38,794,118.26,0.0,Standard,Summer,7,6,Sunday,6,1,31.57,32.07,31,12692.02,9902.02
2025-07-06,RIDE_001,Standard Urban Commute Ride (10 km),Rideshare & Mobility,23.61,24.5,8.0,25.56,0.0,248,4.43,824,161.86,0.0,Premium,Summer,7,6,Sunday,6,1,415.57,341.77,434,10246.74,6774.74
2025-07-06,RIDE_002,Premium Black Airport Transfer,Rideshare & Mobility,63.7,65.0,22.0,63.59,0.0,93,4.4,796,123.29,0.0,Standard,Summer,7,6,Sunday,6,1,109.71,123.6,121,7707.7,5045.7
2025-07-07,APP_001,Premium Merino Wool Sweater,Apparel & Fashion,79.41,79.99,28.0,85.53,0.0,861,4.7,846,75.62,0.0,Standard,Summer,7,0,Monday,7,0,86.14,89.47,91,7226.31,4678.31
2025-07-07,APP_002,Breathable Performance Running Shoes,Apparel & Fashion,115.28,119.99,42.0,123.04,0.0,411,4.17,837,279.71,0.0,Budget,Summer,7,0,Monday,7,0,135.43,123.1,167,19251.76,12237.76
2025-07-07,APP_003,Classic Waterproof Trench Coat,Apparel & Fashion,148.25,149.99,55.0,143.68,0.0,397,4.77,922,168.65,0.0,Budget,Summer,7,0,Monday,7,0,40.57,38.37,50,7412.5,4662.5
2025-07-07,ELEC_001,Pro Wireless Noise-Cancelling Headphones,Electronics,209.11,199.99,85.0,210.11,0.0,127,4.12,890,161.66,0.0,Premium,Summer,7,0,Monday,7,0,92.29,74.07,52,10873.72,6453.72
2025-07-07,ELEC_002,Ultra HD 4K Smart TV 55-inch,Electronics,574.85,549.99,280.0,582.15,0.0,561,4.31,864,126.53,0.0,Budget,Summer,7,0,Monday,7,0,37.14,34.37,34,19544.9,10024.9
2025-07-07,ELEC_003,Smart Fitness Watch Gen-4,Electronics,103.86,129.99,50.0,134.66,20.0,553,4.57,895,149.05,0.0,Budget,Summer,7,0,Monday,7,0,117.71,101.03,168,17448.48,9048.48
2025-07-07,ELEC_004,Ergonomic Mechanical Keyboard,Electronics,92.76,89.99,35.0,80.99,0.0,81,4.05,909,145.89,0.0,Budget,Summer,7,0,Monday,7,0,75.71,62.87,56,5194.56,3234.56
2025-07-07,HOME_001,Espresso Machine & Milk Frother,Home & Living,115.81,159.99,65.0,163.5,25.0,562,4.12,874,193.37,0.0,Standard,Summer,7,0,Monday,7,0,47.43,45.73,88,10191.28,4471.28
2025-07-07,HOME_002,Cordless Handheld Vacuum Cleaner,Home & Living,103.14,99.99,40.0,105.14,0.0,285,4.83,976,208.67,0.0,Budget,Summer,7,0,Monday,7,0,65.86,66.17,67,6910.38,4230.38
2025-07-07,HOSP_001,Deluxe City Center King Room (Per Night),Hospitality & Stays,135.68,175.0,45.0,166.02,25.0,296,4.87,894,82.99,0.0,Standard,Summer,7,0,Monday,7,0,185.71,184.63,339,45995.52,30740.52
2025-07-07,HOSP_002,Executive Skyline Suite (Per Night),Hospitality & Stays,347.29,350.0,90.0,332.63,0.0,335,4.6,796,121.11,0.0,Premium,Summer,7,0,Monday,7,0,31.29,32.1,29,10071.41,7461.41
2025-07-07,RIDE_001,Standard Urban Commute Ride (10 km),Rideshare & Mobility,24.4,24.5,8.0,26.18,0.0,485,4.29,855,172.72,0.0,Enterprise,Summer,7,0,Monday,7,0,370.86,346.47,248,6051.2,4067.2
2025-07-07,RIDE_002,Premium Black Airport Transfer,Rideshare & Mobility,62.13,65.0,22.0,69.39,0.0,698,4.45,865,237.16,0.0,Budget,Summer,7,0,Monday,7,0,106.29,122.03,93,5778.09,3732.09
2025-07-08,APP_001,Premium Merino Wool Sweater,Apparel & Fashion,82.37,79.99,28.0,80.23,0.0,787,4.19,920,114.59,0.0,Standard,Summer,7,1,Tuesday,8,0,87.43,90.17,74,6095.38,4023.38
2025-07-08,APP_002,Breathable Performance Running Shoes,Apparel & Fashion,122.98,119.99,42.0,122.6,0.0,297,4.58,883,124.35,0.0,Standard,Summer,7,1,Tuesday,8,0,135.43,124.77,114,14019.72,9231.72
2025-07-08,APP_003,Classic Waterproof Trench Coat,Apparel & Fashion,151.19,149.99,55.0,151.34,0.0,367,4.74,901,128.22,0.0,Enterprise,Summer,7,1,Tuesday,8,0,39.14,38.13,30,4535.7,2885.7
2025-07-08,ELEC_001,Pro Wireless Noise-Cancelling Headphones,Electronics,205.61,199.99,85.0,203.24,0.0,539,4.74,867,52.73,0.0,Standard,Summer,7,1,Tuesday,8,0,89.29,74.67,66,13570.26,7960.26
2025-07-08,ELEC_002,Ultra HD 4K Smart TV 55-inch,Electronics,524.49,549.99,280.0,508.4,5.0,523,4.82,831,195.58,0.0,Budget,Summer,7,1,Tuesday,8,0,38.14,34.6,38,19930.62,9290.62
2025-07-08,ELEC_003,Smart Fitness Watch Gen-4,Electronics,124.87,129.99,50.0,135.35,0.0,473,4.21,867,150.43,0.0,Premium,Summer,7,1,Tuesday,8,0,117.71,101.13,80,9989.6,5989.6
2025-07-08,ELEC_004,Ergonomic Mechanical Keyboard,Electronics,88.41,89.99,35.0,93.28,0.0,672,4.67,942,134.66,0.0,Budget,Summer,7,1,Tuesday,8,0,76.57,63.6,81,7161.21,4326.21
2025-07-08,HOME_001,Espresso Machine & Milk Frother,Home & Living,161.91,159.99,65.0,165.08,0.0,519,4.48,867,100.32,0.0,Budget,Summer,7,1,Tuesday,8,0,47.57,44.8,43,6962.13,4167.13
2025-07-08,HOME_002,Cordless Handheld Vacuum Cleaner,Home & Living,100.69,99.99,40.0,104.76,0.0,234,4.43,808,124.34,0.0,Premium,Summer,7,1,Tuesday,8,0,65.43,66.07,51,5135.19,3095.19
2025-07-08,HOSP_001,Deluxe City Center King Room (Per Night),Hospitality & Stays,150.79,175.0,45.0,175.03,10.0,451,4.75,836,104.47,0.0,Budget,Summer,7,1,Tuesday,8,0,191.0,189.4,256,38602.24,27082.24
2025-07-08,HOSP_002,Executive Skyline Suite (Per Night),Hospitality & Stays,342.23,350.0,90.0,349.27,0.0,295,4.23,862,187.39,0.0,Budget,Summer,7,1,Tuesday,8,0,33.43,32.4,40,13689.2,10089.2
2025-07-08,RIDE_001,Standard Urban Commute Ride (10 km),Rideshare & Mobility,23.38,24.5,8.0,25.35,0.0,178,4.4,925,167.02,0.0,Premium,Summer,7,1,Tuesday,8,0,365.14,343.8,307,7177.66,4721.66
2025-07-08,RIDE_002,Premium Black Airport Transfer,Rideshare & Mobility,63.13,65.0,22.0,64.98,0.0,632,4.33,977,104.15,0.0,Enterprise,Summer,7,1,Tuesday,8,0,100.86,118.57,66,4166.58,2714.58
2025-07-09,APP_001,Premium Merino Wool Sweater,Apparel & Fashion,82.98,79.99,28.0,76.43,0.0,700,4.51,855,141.38,0.0,Budget,Summer,7,2,Wednesday,9,0,86.86,90.3,87,7219.26,4783.26
2025-07-09,APP_002,Breathable Performance Running Shoes,Apparel & Fashion,123.27,119.99,42.0,112.5,0.0,190,4.87,847,177.95,0.0,Standard,Summer,7,2,Wednesday,9,0,133.29,124.27,107,13189.89,8695.89
2025-07-09,APP_003,Classic Waterproof Trench Coat,Apparel & Fashion,150.92,149.99,55.0,149.39,0.0,330,4.69,889,161.33,0.0,Premium,Summer,7,2,Wednesday,9,0,40.71,38.33,37,5584.04,3549.04
2025-07-09,ELEC_001,Pro Wireless Noise-Cancelling Headphones,Electronics,192.1,199.99,85.0,198.75,0.0,450,4.89,926,125.83,0.0,Budget,Summer,7,2,Wednesday,9,0,81.57,75.43,89,17096.9,9531.9
2025-07-09,ELEC_002,Ultra HD 4K Smart TV 55-inch,Electronics,574.09,549.99,280.0,554.58,0.0,501,4.25,898,199.39,0.0,Premium,Summer,7,2,Wednesday,9,0,35.14,34.37,22,12629.98,6469.98
2025-07-09,ELEC_003,Smart Fitness Watch Gen-4,Electronics,134.7,129.99,50.0,130.37,0.0,367,4.26,864,194.73,0.0,Budget,Summer,7,2,Wednesday,9,0,122.29,101.53,106,14278.2,8978.2
2025-07-09,ELEC_004,Ergonomic Mechanical Keyboard,Electronics,87.85,89.99,35.0,93.63,0.0,608,4.88,939,124.27,0.0,Premium,Summer,7,2,Wednesday,9,0,69.57,64.07,64,5622.4,3382.4
2025-07-09,HOME_001,Espresso Machine & Milk Frother,Home & Living,155.26,159.99,65.0,155.76,0.0,485,4.88,822,194.41,0.0,Enterprise,Summer,7,2,Wednesday,9,0,47.57,44.67,34,5278.84,3068.84
2025-07-09,HOME_002,Cordless Handheld Vacuum Cleaner,Home & Living,96.47,99.99,40.0,98.99,0.0,161,4.11,822,106.87,0.0,Standard,Summer,7,2,Wednesday,9,0,65.43,66.37,73,7042.31,4122.31
2025-07-09,HOSP_001,Deluxe City Center King Room (Per Night),Hospitality & Stays,174.69,175.0,45.0,177.54,0.0,221,4.22,828,178.85,0.0,Budget,Summer,7,2,Wednesday,9,0,203.57,188.03,230,40178.7,29828.7
2025-07-09,HOSP_002,Executive Skyline Suite (Per Night),Hospitality & Stays,356.43,350.0,90.0,356.0,0.0,263,4.1,914,99.14,0.0,Budget,Summer,7,2,Wednesday,9,0,32.86,32.23,32,11405.76,8525.76
2025-07-09,RIDE_001,Standard Urban Commute Ride (10 km),Rideshare & Mobility,23.12,24.5,8.0,25.3,10.0,500,4.42,947,176.25,0.0,Budget,Summer,7,2,Wednesday,9,0,346.43,342.53,178,4115.36,2691.36
2025-07-09,RIDE_002,Premium Black Airport Transfer,Rideshare & Mobility,63.08,65.0,22.0,66.94,0.0,515,4.11,870,146.64,0.0,Budget,Summer,7,2,Wednesday,9,0,103.29,118.1,117,7380.36,4806.36
2025-07-10,APP_001,Premium Merino Wool Sweater,Apparel & Fashion,99.13,79.99,28.0,75.33,0.0,635,4.85,1000,146.8,0.35,Standard,Summer,7,3,Thursday,10,0,86.29,90.5,65,6443.45,4623.45
2025-07-10,APP_002,Breathable Performance Running Shoes,Apparel & Fashion,127.78,119.99,42.0,125.6,0.0,709,4.66,828,175.84,0.35,Budget,Summer,7,3,Thursday,10,0,140.14,125.33,151,19294.78,12952.78
2025-07-10,APP_003,Classic Waterproof Trench Coat,Apparel & Fashion,172.26,149.99,55.0,142.04,0.0,291,4.61,843,302.06,0.35,Budget,Summer,7,3,Thursday,10,0,38.57,38.3,39,6718.14,4573.14
2025-07-10,ELEC_001,Pro Wireless Noise-Cancelling Headphones,Electronics,204.26,199.99,85.0,207.92,0.0,396,4.46,941,178.85,0.35,Enterprise,Summer,7,3,Thursday,10,0,80.0,74.33,54,11030.04,6440.04
2025-07-10,ELEC_002,Ultra HD 4K Smart TV 55-inch,Electronics,498.29,549.99,280.0,567.85,15.0,444,4.86,920,164.65,0.35,Budget,Summer,7,3,Thursday,10,0,38.14,35.2,57,28402.53,12442.53
2025-07-10,ELEC_003,Smart Fitness Watch Gen-4,Electronics,162.25,129.99,50.0,129.41,0.0,290,4.41,857,317.35,0.35,Premium,Summer,7,3,Thursday,10,0,122.43,100.8,77,12493.25,8643.25
2025-07-10,ELEC_004,Ergonomic Mechanical Keyboard,Electronics,94.03,89.99,35.0,86.4,0.0,555,4.65,930,271.99,0.35,Enterprise,Summer,7,3,Thursday,10,0,66.57,63.87,53,4983.59,3128.59
2025-07-10,HOME_001,Espresso Machine & Milk Frother,Home & Living,207.8,159.99,65.0,149.92,0.0,458,4.78,885,229.16,0.35,Premium,Summer,7,3,Thursday,10,0,44.71,44.2,27,5610.6,3855.6
2025-07-10,HOME_002,Cordless Handheld Vacuum Cleaner,Home & Living,129.75,99.99,40.0,92.87,0.0,124,4.49,953,171.75,0.35,Budget,Summer,7,3,Thursday,10,0,63.43,65.33,37,4800.75,3320.75
2025-07-10,HOSP_001,Deluxe City Center King Room (Per Night),Hospitality & Stays,218.48,175.0,45.0,162.97,0.0,813,4.8,779,252.04,0.35,Budget,Summer,7,3,Thursday,10,0,212.71,187.3,152,33208.96,26368.96
2025-07-10,HOSP_002,Executive Skyline Suite (Per Night),Hospitality & Stays,400.12,350.0,90.0,333.75,0.0,241,4.02,858,220.51,0.35,Premium,Summer,7,3,Thursday,10,0,31.86,32.03,22,8802.64,6822.64
2025-07-10,RIDE_001,Standard Urban Commute Ride (10 km),Rideshare & Mobility,29.91,24.5,8.0,25.35,0.0,256,4.47,886,154.86,0.35,Standard,Summer,7,3,Thursday,10,0,323.86,337.43,244,7298.04,5346.04
2025-07-10,RIDE_002,Premium Black Airport Transfer,Rideshare & Mobility,53.96,65.0,22.0,61.84,20.0,331,4.33,895,320.45,0.35,Standard,Summer,7,3,Thursday,10,0,116.29,120.03,184,9928.64,5880.64
2025-07-11,APP_001,Premium Merino Wool Sweater,Apparel & Fashion,86.82,79.99,28.0,78.66,0.0,529,4.03,851,292.59,0.35,Standard,Summer,7,4,Friday,11,0,85.0,91.1,106,9202.92,6234.92
2025-07-11,APP_002,Breathable Performance Running Shoes,Apparel & Fashion,113.56,119.99,42.0,119.26,20.0,507,4.25,928,151.85,0.35,Standard,Summer,7,4,Friday,11,0,143.14,129.0,202,22939.12,14455.12
2025-07-11,APP_003,Classic Waterproof Trench Coat,Apparel & Fashion,184.19,149.99,55.0,158.91,0.0,261,4.81,948,153.38,0.35,Premium,Summer,7,4,Friday,11,0,35.14,38.07,30,5525.7,3875.7
2025-07-11,ELEC_001,Pro Wireless Noise-Cancelling Headphones,Electronics,239.64,199.99,85.0,193.88,0.0,338,4.06,941,177.12,0.35,Standard,Summer,7,4,Friday,11,0,79.86,72.77,58,13899.12,8969.12
2025-07-11,ELEC_002,Ultra HD 4K Smart TV 55-inch,Electronics,661.79,549.99,280.0,589.78,0.0,420,4.59,948,263.65,0.35,Standard,Summer,7,4,Friday,11,0,34.0,34.9,24,15882.96,9162.96
2025-07-11,ELEC_003,Smart Fitness Watch Gen-4,Electronics,149.66,129.99,50.0,119.33,0.0,195,4.4,854,240.55,0.35,Budget,Summer,7,4,Friday,11,0,108.43,101.57,95,14217.7,9467.7
2025-07-11,ELEC_004,Ergonomic Mechanical Keyboard,Electronics,111.51,89.99,35.0,89.76,0.0,519,4.31,841,359.59,0.35,Enterprise,Summer,7,4,Friday,11,0,59.57,63.37,36,4014.36,2754.36
2025-07-11,HOME_001,Espresso Machine & Milk Frother,Home & Living,196.38,159.99,65.0,149.87,0.0,424,4.53,930,117.35,0.35,Standard,Summer,7,4,Friday,11,0,43.43,43.87,34,6676.92,4466.92
2025-07-11,HOME_002,Cordless Handheld Vacuum Cleaner,Home & Living,90.34,99.99,40.0,98.62,25.0,628,4.4,880,183.14,0.35,Premium,Summer,7,4,Friday,11,0,67.71,66.53,93,8401.62,4681.62
2025-07-11,HOSP_001,Deluxe City Center King Room (Per Night),Hospitality & Stays,198.89,175.0,45.0,191.58,0.0,615,4.57,813,212.01,0.35,Standard,Summer,7,4,Friday,11,0,214.57,188.8,198,39380.22,30470.22
2025-07-11,HOSP_002,Executive Skyline Suite (Per Night),Hospitality & Stays,407.32,350.0,90.0,358.81,0.0,204,4.19,919,340.72,0.35,Budget,Summer,7,4,Friday,11,0,30.57,32.37,37,15070.84,11740.84
2025-07-11,RIDE_001,Standard Urban Commute Ride (10 km),Rideshare & Mobility,28.53,24.5,8.0,22.64,0.0,784,4.39,905,289.61,0.35,Standard,Summer,7,4,Friday,11,0,344.43,338.17,256,7303.68,5255.68
2025-07-11,RIDE_002,Premium Black Airport Transfer,Rideshare & Mobility,58.97,65.0,22.0,63.87,20.0,116,4.47,894,247.89,0.35,Standard,Summer,7,4,Friday,11,0,133.0,124.3,215,12678.55,7948.55
2025-07-12,APP_001,Premium Merino Wool Sweater,Apparel & Fashion,89.01,79.99,28.0,76.86,0.0,472,4.67,900,189.75,0.35,Enterprise,Summer,7,5,Saturday,12,1,82.57,89.63,57,5073.57,3477.57
2025-07-12,APP_002,Breathable Performance Running Shoes,Apparel & Fashion,136.2,119.99,42.0,116.3,0.0,388,4.86,897,326.94,0.35,Standard,Summer,7,5,Saturday,12,1,140.71,128.23,119,16207.8,11209.8
2025-07-12,APP_003,Classic Waterproof Trench Coat,Apparel & Fashion,192.25,149.99,55.0,146.44,0.0,235,4.86,961,176.9,0.35,Budget,Summer,7,5,Saturday,12,1,33.43,37.93,26,4998.5,3568.5
2025-07-12,ELEC_001,Pro Wireless Noise-Cancelling Headphones,Electronics,253.19,199.99,85.0,201.73,0.0,284,4.01,896,173.32,0.35,Budget,Summer,7,5,Saturday,12,1,65.29,72.97,54,13672.26,9082.26
2025-07-12,ELEC_002,Ultra HD 4K Smart TV 55-inch,Electronics,660.85,549.99,280.0,539.52,0.0,395,4.26,856,312.49,0.35,Budget,Summer,7,5,Saturday,12,1,33.43,34.5,25,16521.25,9521.25
2025-07-12,ELEC_003,Smart Fitness Watch Gen-4,Electronics,149.72,129.99,50.0,127.55,0.0,92,4.4,818,139.56,0.35,Budget,Summer,7,5,Saturday,12,1,111.0,100.97,103,15421.16,10271.16
2025-07-12,ELEC_004,Ergonomic Mechanical Keyboard,Electronics,114.2,89.99,35.0,92.49,0.0,457,4.42,872,136.66,0.35,Budget,Summer,7,5,Saturday,12,1,59.29,62.27,62,7080.4,4910.4
2025-07-12,HOME_001,Espresso Machine & Milk Frother,Home & Living,189.57,159.99,65.0,147.35,0.0,395,4.56,886,271.09,0.35,Standard,Summer,7,5,Saturday,12,1,42.0,43.7,29,5497.53,3612.53
2025-07-12,HOME_002,Cordless Handheld Vacuum Cleaner,Home & Living,109.29,99.99,40.0,108.99,0.0,566,4.25,860,131.87,0.35,Premium,Summer,7,5,Saturday,12,1,61.0,65.8,62,6775.98,4295.98
2025-07-12,HOSP_001,Deluxe City Center King Room (Per Night),Hospitality & Stays,204.5,175.0,45.0,170.07,0.0,430,4.37,889,271.77,0.35,Premium,Summer,7,5,Saturday,12,1,222.86,183.5,185,37832.5,29507.5
2025-07-12,HOSP_002,Executive Skyline Suite (Per Night),Hospitality & Stays,436.44,350.0,90.0,355.25,0.0,169,4.52,935,163.88,0.35,Standard,Summer,7,5,Saturday,12,1,32.29,31.77,35,15275.4,12125.4
2025-07-12,RIDE_001,Standard Urban Commute Ride (10 km),Rideshare & Mobility,29.11,24.5,8.0,22.87,0.0,366,4.39,889,173.4,0.35,Budget,Summer,7,5,Saturday,12,1,297.86,339.63,418,12167.98,8823.98
2025-07-12,RIDE_002,Premium Black Airport Transfer,Rideshare & Mobility,84.75,65.0,22.0,63.44,0.0,798,4.01,923,101.46,0.35,Budget,Summer,7,5,Saturday,12,1,128.86,124.6,106,8983.5,6651.5
2025-07-13,APP_001,Premium Merino Wool Sweater,Apparel & Fashion,89.83,79.99,28.0,85.17,0.0,364,4.62,906,258.1,0.35,Standard,Summer,7,6,Sunday,13,1,84.0,90.23,108,9701.64,6677.64
2025-07-13,APP_002,Breathable Performance Running Shoes,Apparel & Fashion,141.53,119.99,42.0,106.09,0.0,279,4.76,845,186.78,0.35,Budget,Summer,7,6,Sunday,13,1,138.43,126.67,109,15426.77,10848.77
2025-07-13,APP_003,Classic Waterproof Trench Coat,Apparel & Fashion,179.03,149.99,55.0,153.69,0.0,203,4.7,869,190.87,0.35,Standard,Summer,7,6,Sunday,13,1,34.86,37.9,32,5728.96,3968.96
2025-07-13,ELEC_001,Pro Wireless Noise-Cancelling Headphones,Electronics,214.52,199.99,85.0,199.72,0.0,220,4.43,914,222.79,0.35,Premium,Summer,7,6,Sunday,13,1,62.43,72.93,64,13729.28,8289.28
2025-07-13,ELEC_002,Ultra HD 4K Smart TV 55-inch,Electronics,519.01,549.99,280.0,599.39,20.0,340,4.45,925,208.09,0.35,Standard,Summer,7,6,Sunday,13,1,36.43,34.77,55,28545.55,13145.55
2025-07-13,ELEC_003,Smart Fitness Watch Gen-4,Electronics,137.39,129.99,50.0,128.86,0.0,422,4.5,936,330.97,0.35,Budget,Summer,7,6,Sunday,13,1,103.0,100.8,92,12639.88,8039.88
2025-07-13,ELEC_004,Ergonomic Mechanical Keyboard,Electronics,99.73,89.99,35.0,95.49,0.0,374,4.54,850,230.52,0.35,Budget,Summer,7,6,Sunday,13,1,62.14,63.37,83,8277.59,5372.59
2025-07-13,HOME_001,Espresso Machine & Milk Frother,Home & Living,159.23,159.99,65.0,143.92,5.0,339,4.04,871,183.32,0.35,Budget,Summer,7,6,Sunday,13,1,44.43,44.17,56,8916.88,5276.88
2025-07-13,HOME_002,Cordless Handheld Vacuum Cleaner,Home & Living,112.75,99.99,40.0,103.44,0.0,503,4.7,872,247.41,0.35,Standard,Summer,7,6,Sunday,13,1,63.71,66.23,63,7103.25,4583.25
2025-07-13,HOSP_001,Deluxe City Center King Room (Per Night),Hospitality & Stays,164.3,175.0,45.0,159.18,25.0,660,4.84,950,263.02,0.35,Standard,Summer,7,6,Sunday,13,1,250.14,190.73,391,64241.3,46646.3
2025-07-13,HOSP_002,Executive Skyline Suite (Per Night),Hospitality & Stays,390.95,350.0,90.0,333.31,0.0,125,4.13,822,325.56,0.35,Standard,Summer,7,6,Sunday,13,1,34.14,32.23,44,17201.8,13241.8
2025-07-13,RIDE_001,Standard Urban Commute Ride (10 km),Rideshare & Mobility,28.4,24.5,8.0,23.2,0.0,578,4.21,917,256.17,0.35,Budget,Summer,7,6,Sunday,13,1,288.14,342.37,366,10394.4,7466.4
2025-07-13,RIDE_002,Premium Black Airport Transfer,Rideshare & Mobility,58.46,65.0,22.0,61.98,25.0,593,4.89,929,226.42,0.35,Standard,Summer,7,6,Sunday,13,1,140.86,127.57,205,11984.3,7474.3
2025-07-14,APP_001,Premium Merino Wool Sweater,Apparel & Fashion,96.06,79.99,28.0,76.38,0.0,312,4.49,934,110.68,0.35,Premium,Summer,7,0,Monday,14,0,78.43,88.97,52,4995.12,3539.12
2025-07-14,APP_002,Breathable Performance Running Shoes,Apparel & Fashion,130.25,119.99,42.0,119.48,0.0,140,4.6,893,217.66,0.35,Standard,Summer,7,0,Monday,14,0,134.43,128.9,139,18104.75,12266.75
2025-07-14,APP_003,Classic Waterproof Trench Coat,Apparel & Fashion,172.72,149.99,55.0,149.42,0.0,158,4.2,951,210.38,0.35,Budget,Summer,7,0,Monday,14,0,34.14,38.47,45,7772.4,5297.4
2025-07-14,ELEC_001,Pro Wireless Noise-Cancelling Headphones,Electronics,209.78,199.99,85.0,223.63,10.0,143,4.2,909,162.31,0.35,Standard,Summer,7,0,Monday,14,0,66.0,72.9,77,16153.06,9608.06
2025-07-14,ELEC_002,Ultra HD 4K Smart TV 55-inch,Electronics,692.3,549.99,280.0,548.45,0.0,317,4.52,904,247.88,0.35,Standard,Summer,7,0,Monday,14,0,34.86,34.83,23,15922.9,9482.9
2025-07-14,ELEC_003,Smart Fitness Watch Gen-4,Electronics,132.85,129.99,50.0,130.43,0.0,295,4.45,811,159.66,0.35,Standard,Summer,7,0,Monday,14,0,97.14,102.5,127,16871.95,10521.95
2025-07-14,ELEC_004,Ergonomic Mechanical Keyboard,Electronics,105.52,89.99,35.0,99.69,5.0,299,4.62,868,270.8,0.35,Budget,Summer,7,0,Monday,14,0,64.86,63.77,75,7914.0,5289.0
2025-07-14,HOME_001,Espresso Machine & Milk Frother,Home & Living,191.89,159.99,65.0,162.95,0.0,307,4.49,943,179.42,0.35,Premium,Summer,7,0,Monday,14,0,36.43,43.43,32,6140.48,4060.48
2025-07-14,HOME_002,Cordless Handheld Vacuum Cleaner,Home & Living,107.85,99.99,40.0,98.73,0.0,431,4.46,850,289.64,0.35,Budget,Summer,7,0,Monday,14,0,64.43,66.4,72,7765.2,4885.2
2025-07-14,HOSP_001,Deluxe City Center King Room (Per Night),Hospitality & Stays,225.91,175.0,45.0,171.03,0.0,523,4.66,892,244.2,0.35,Standard,Summer,7,0,Monday,14,0,221.29,188.83,137,30949.67,24784.67
2025-07-14,HOSP_002,Executive Skyline Suite (Per Night),Hospitality & Stays,442.56,350.0,90.0,343.0,0.0,101,4.71,777,230.64,0.35,Premium,Summer,7,0,Monday,14,0,33.43,32.3,24,10621.44,8461.44
2025-07-14,RIDE_001,Standard Urban Commute Ride (10 km),Rideshare & Mobility,29.39,24.5,8.0,23.91,0.0,286,4.37,914,240.3,0.35,Premium,Summer,7,0,Monday,14,0,294.43,337.8,292,8581.88,6245.88
2025-07-14,RIDE_002,Premium Black Airport Transfer,Rideshare & Mobility,66.57,65.0,22.0,60.06,5.0,508,4.28,935,156.78,0.35,Enterprise,Summer,7,0,Monday,14,0,139.71,123.93,85,5658.45,3788.45
2025-07-15,APP_001,Premium Merino Wool Sweater,Apparel & Fashion,90.14,79.99,28.0,82.48,0.0,261,4.79,931,153.21,0.35,Enterprise,Summer,7,1,Tuesday,15,0,75.14,87.77,51,4597.14,3169.14
2025-07-15,APP_002,Breathable Performance Running Shoes,Apparel & Fashion,135.96,119.99,42.0,117.77,0.0,438,4.87,964,136.62,0.35,Budget,Summer,7,1,Tuesday,15,0,136.57,129.2,129,17538.84,12120.84
2025-07-15,APP_003,Classic Waterproof Trench Coat,Apparel & Fashion,162.23,149.99,55.0,145.0,0.0,107,4.64,812,298.2,0.35,Budget,Summer,7,1,Tuesday,15,0,37.14,38.63,51,8273.73,5468.73
2025-07-15,ELEC_001,Pro Wireless Noise-Cancelling Headphones,Electronics,208.35,199.99,85.0,205.78,0.0,578,4.8,897,144.57,0.35,Premium,Summer,7,1,Tuesday,15,0,68.43,73.87,83,17293.05,10238.05
2025-07-15,ELEC_002,Ultra HD 4K Smart TV 55-inch,Electronics,626.91,549.99,280.0,485.16,0.0,289,4.78,864,179.05,0.35,Standard,Summer,7,1,Tuesday,15,0,33.43,34.73,28,17553.48,9713.48
2025-07-15,ELEC_003,Smart Fitness Watch Gen-4,Electronics,150.43,129.99,50.0,140.41,0.0,210,4.55,844,198.48,0.35,Premium,Summer,7,1,Tuesday,15,0,97.86,101.57,85,12786.55,8536.55
2025-07-15,ELEC_004,Ergonomic Mechanical Keyboard,Electronics,106.77,89.99,35.0,87.35,0.0,241,4.75,921,119.02,0.35,Premium,Summer,7,1,Tuesday,15,0,61.57,64.23,58,6192.66,4162.66
2025-07-15,HOME_001,Espresso Machine & Milk Frother,Home & Living,167.13,159.99,65.0,174.06,10.0,263,4.58,848,254.13,0.35,Premium,Summer,7,1,Tuesday,15,0,36.57,43.53,44,7353.72,4493.72
2025-07-15,HOME_002,Cordless Handheld Vacuum Cleaner,Home & Living,105.02,99.99,40.0,119.44,5.0,351,4.01,823,221.69,0.35,Budget,Summer,7,1,Tuesday,15,0,68.57,67.03,80,8401.6,5201.6
2025-07-15,HOSP_001,Deluxe City Center King Room (Per Night),Hospitality & Stays,156.57,175.0,45.0,166.68,15.0,231,4.86,926,287.42,0.35,Premium,Summer,7,1,Tuesday,15,0,226.43,193.4,292,45718.44,32578.44
2025-07-15,HOSP_002,Executive Skyline Suite (Per Night),Hospitality & Stays,412.53,350.0,90.0,317.83,0.0,838,4.59,895,251.43,0.35,Budget,Summer,7,1,Tuesday,15,0,32.57,32.37,34,14026.02,10966.02
2025-07-15,RIDE_001,Standard Urban Commute Ride (10 km),Rideshare & Mobility,30.33,24.5,8.0,24.23,0.0,588,4.66,898,142.06,0.35,Budget,Summer,7,1,Tuesday,15,0,290.14,335.17,277,8401.41,6185.41
2025-07-15,RIDE_002,Premium Black Airport Transfer,Rideshare & Mobility,77.15,65.0,22.0,64.83,0.0,421,4.05,804,114.49,0.35,Standard,Summer,7,1,Tuesday,15,0,142.71,123.6,87,6712.05,4798.05
2025-07-16,APP_001,Premium Merino Wool Sweater,Apparel & Fashion,64.85,79.99,28.0,76.46,20.0,104,4.15,976,184.56,0.0,Budget,Summer,7,2,Wednesday,16,0,85.14,90.43,157,10181.45,5785.45
2025-07-16,APP_002,Breathable Performance Running Shoes,Apparel & Fashion,118.55,119.99,42.0,105.5,0.0,320,4.32,892,79.79,0.0,Budget,Summer,7,2,Wednesday,16,0,138.14,129.5,118,13988.9,9032.9
2025-07-16,APP_003,Classic Waterproof Trench Coat,Apparel & Fashion,151.66,149.99,55.0,154.78,0.0,504,4.66,898,199.62,0.0,Premium,Summer,7,2,Wednesday,16,0,36.43,38.27,32,4853.12,3093.12
2025-07-16,ELEC_001,Pro Wireless Noise-Cancelling Headphones,Electronics,202.71,199.99,85.0,196.49,0.0,503,4.2,919,98.26,0.0,Budget,Summer,7,2,Wednesday,16,0,66.43,74.03,75,15203.25,8828.25
2025-07-16,ELEC_002,Ultra HD 4K Smart TV 55-inch,Electronics,567.95,549.99,280.0,577.22,0.0,259,4.5,881,75.52,0.0,Standard,Summer,7,2,Wednesday,16,0,34.57,34.87,30,17038.5,8638.5
2025-07-16,ELEC_003,Smart Fitness Watch Gen-4,Electronics,131.65,129.99,50.0,122.7,0.0,127,4.71,775,200.85,0.0,Premium,Summer,7,2,Wednesday,16,0,94.57,101.9,83,10926.95,6776.95
2025-07-16,ELEC_004,Ergonomic Mechanical Keyboard,Electronics,88.88,89.99,35.0,93.34,0.0,173,4.0,860,81.36,0.0,Budget,Summer,7,2,Wednesday,16,0,62.14,64.03,68,6043.84,3663.84
2025-07-16,HOME_001,Espresso Machine & Milk Frother,Home & Living,152.76,159.99,65.0,157.37,0.0,214,4.36,928,161.5,0.0,Budget,Summer,7,2,Wednesday,16,0,38.71,43.87,49,7485.24,4300.24
2025-07-16,HOME_002,Cordless Handheld Vacuum Cleaner,Home & Living,97.04,99.99,40.0,96.5,0.0,283,4.31,915,64.02,0.0,Budget,Summer,7,2,Wednesday,16,0,67.86,66.9,68,6598.72,3878.72
2025-07-16,HOSP_001,Deluxe City Center King Room (Per Night),Hospitality & Stays,179.93,175.0,45.0,154.86,0.0,112,4.01,884,144.47,0.0,Premium,Summer,7,2,Wednesday,16,0,210.57,187.43,119,21411.67,16056.67
2025-07-16,HOSP_002,Executive Skyline Suite (Per Night),Hospitality & Stays,270.73,350.0,90.0,368.2,25.0,789,4.6,892,96.76,0.0,Standard,Summer,7,2,Wednesday,16,0,35.0,32.97,49,13265.77,8855.77
2025-07-16,RIDE_001,Standard Urban Commute Ride (10 km),Rideshare & Mobility,25.51,24.5,8.0,24.22,0.0,262,4.12,970,188.38,0.0,Standard,Summer,7,2,Wednesday,16,0,311.29,331.47,326,8316.26,5708.26
2025-07-16,RIDE_002,Premium Black Airport Transfer,Rideshare & Mobility,62.01,65.0,22.0,68.38,5.0,302,4.88,826,97.09,0.0,Budget,Summer,7,2,Wednesday,16,0,143.0,123.23,119,7379.19,4761.19
2025-07-17,APP_001,Premium Merino Wool Sweater,Apparel & Fashion,80.31,79.99,28.0,75.6,0.0,681,4.52,924,216.4,0.0,Budget,Summer,7,3,Thursday,17,0,90.57,90.0,103,8271.93,5387.93
2025-07-17,APP_002,Breathable Performance Running Shoes,Apparel & Fashion,109.92,119.99,42.0,127.13,10.0,143,4.76,903,171.85,0.0,Budget,Summer,7,3,Thursday,17,0,141.86,131.97,177,19455.84,12021.84
2025-07-17,APP_003,Classic Waterproof Trench Coat,Apparel & Fashion,155.27,149.99,55.0,147.54,0.0,469,4.74,915,229.79,0.0,Standard,Summer,7,3,Thursday,17,0,35.86,37.27,35,5434.45,3509.45
2025-07-17,ELEC_001,Pro Wireless Noise-Cancelling Headphones,Electronics,200.78,199.99,85.0,211.24,0.0,425,4.66,854,162.9,0.0,Budget,Summer,7,3,Thursday,17,0,69.86,74.43,78,15660.84,9030.84
2025-07-17,ELEC_002,Ultra HD 4K Smart TV 55-inch,Electronics,431.1,549.99,280.0,538.09,20.0,191,4.7,933,88.29,0.0,Budget,Summer,7,3,Thursday,17,0,36.14,36.1,68,29314.8,10274.8
2025-07-17,ELEC_003,Smart Fitness Watch Gen-4,Electronics,131.78,129.99,50.0,132.6,0.0,460,4.46,935,182.09,0.0,Standard,Summer,7,3,Thursday,17,0,97.71,102.07,99,13046.22,8096.22
2025-07-17,ELEC_004,Ergonomic Mechanical Keyboard,Electronics,93.03,89.99,35.0,89.02,0.0,122,4.17,863,74.22,0.0,Standard,Summer,7,3,Thursday,17,0,61.86,64.03,51,4744.53,2959.53
2025-07-17,HOME_001,Espresso Machine & Milk Frother,Home & Living,160.29,159.99,65.0,140.97,0.0,172,4.54,874,87.49,0.0,Budget,Summer,7,3,Thursday,17,0,40.86,43.93,42,6732.18,4002.18
2025-07-17,HOME_002,Cordless Handheld Vacuum Cleaner,Home & Living,81.98,99.99,40.0,98.67,20.0,199,4.71,919,147.66,0.0,Premium,Summer,7,3,Thursday,17,0,74.57,66.8,84,6886.32,3526.32
2025-07-17,HOSP_001,Deluxe City Center King Room (Per Night),Hospitality & Stays,170.27,175.0,45.0,176.53,0.0,422,4.46,837,151.05,0.0,Budget,Summer,7,3,Thursday,17,0,204.86,185.37,112,19070.24,14030.24
2025-07-17,HOSP_002,Executive Skyline Suite (Per Night),Hospitality & Stays,343.42,350.0,90.0,373.9,0.0,756,4.63,878,68.47,0.0,Standard,Summer,7,3,Thursday,17,0,36.57,33.13,33,11332.86,8362.86
2025-07-17,RIDE_001,Standard Urban Commute Ride (10 km),Rideshare & Mobility,24.14,24.5,8.0,24.65,0.0,631,4.35,905,158.31,0.0,Standard,Summer,7,3,Thursday,17,0,313.86,335.97,262,6324.68,4228.68
2025-07-17,RIDE_002,Premium Black Airport Transfer,Rideshare & Mobility,62.23,65.0,22.0,67.71,0.0,187,4.52,956,160.9,0.0,Budget,Summer,7,3,Thursday,17,0,133.14,124.37,115,7156.45,4626.45
2025-07-18,APP_001,Premium Merino Wool Sweater,Apparel & Fashion,78.01,79.99,28.0,77.08,0.0,590,4.36,934,90.83,0.0,Budget,Summer,7,4,Friday,18,0,88.43,89.73,91,7098.91,4550.91
2025-07-18,APP_002,Breathable Performance Running Shoes,Apparel & Fashion,122.69,119.99,42.0,115.6,0.0,825,4.82,781,175.44,0.0,Standard,Summer,7,4,Friday,18,0,129.14,132.47,113,13863.97,9117.97
2025-07-18,APP_003,Classic Waterproof Trench Coat,Apparel & Fashion,150.01,149.99,55.0,143.4,0.0,424,4.73,800,111.01,0.0,Standard,Summer,7,4,Friday,18,0,38.0,37.77,45,6750.45,4275.45
2025-07-18,ELEC_001,Pro Wireless Noise-Cancelling Headphones,Electronics,163.72,199.99,85.0,199.86,20.0,267,4.49,922,159.63,0.0,Budget,Summer,7,4,Friday,18,0,84.14,77.53,158,25867.76,12437.76
2025-07-18,ELEC_002,Ultra HD 4K Smart TV 55-inch,Electronics,576.84,549.99,280.0,562.63,0.0,172,4.44,887,222.54,0.0,Enterprise,Summer,7,4,Friday,18,0,35.43,35.77,19,10959.96,5639.96
2025-07-18,ELEC_003,Smart Fitness Watch Gen-4,Electronics,135.74,129.99,50.0,137.5,0.0,348,4.75,948,210.32,0.0,Budget,Summer,7,4,Friday,18,0,100.14,102.7,112,15202.88,9602.88
2025-07-18,ELEC_004,Ergonomic Mechanical Keyboard,Electronics,90.16,89.99,35.0,91.04,0.0,810,4.54,963,200.79,0.0,Premium,Summer,7,4,Friday,18,0,64.43,64.27,54,4868.64,2978.64
2025-07-18,HOME_001,Espresso Machine & Milk Frother,Home & Living,155.03,159.99,65.0,165.38,0.0,133,4.01,861,96.05,0.0,Standard,Summer,7,4,Friday,18,0,41.57,43.53,39,6046.17,3511.17
2025-07-18,HOME_002,Cordless Handheld Vacuum Cleaner,Home & Living,104.29,99.99,40.0,96.55,0.0,156,4.44,873,218.71,0.0,Premium,Summer,7,4,Friday,18,0,67.43,65.8,43,4484.47,2764.47
2025-07-18,HOSP_001,Deluxe City Center King Room (Per Night),Hospitality & Stays,171.66,175.0,45.0,192.57,0.0,267,4.25,900,103.92,0.0,Premium,Summer,7,4,Friday,18,0,198.71,185.97,155,26607.3,19632.3
2025-07-18,HOSP_002,Executive Skyline Suite (Per Night),Hospitality & Stays,344.81,350.0,90.0,345.09,0.0,729,4.19,935,103.62,0.0,Premium,Summer,7,4,Friday,18,0,35.14,33.23,27,9309.87,6879.87
2025-07-18,RIDE_001,Standard Urban Commute Ride (10 km),Rideshare & Mobility,25.1,24.5,8.0,26.59,0.0,343,4.31,916,149.47,0.0,Premium,Summer,7,4,Friday,18,0,318.43,334.2,288,7228.8,4924.8
2025-07-18,RIDE_002,Premium Black Airport Transfer,Rideshare & Mobility,67.53,65.0,22.0,66.88,0.0,100,4.61,997,114.47,0.0,Premium,Summer,7,4,Friday,18,0,114.86,121.17,87,5875.11,3961.11
2025-07-19,APP_001,Premium Merino Wool Sweater,Apparel & Fashion,82.53,79.99,28.0,70.52,0.0,510,4.49,888,153.7,0.0,Budget,Summer,7,5,Saturday,19,1,91.71,86.07,80,6602.4,4362.4
2025-07-19,APP_002,Breathable Performance Running Shoes,Apparel & Fashion,113.91,119.99,42.0,123.6,5.0,669,4.84,991,237.47,0.0,Standard,Summer,7,5,Saturday,19,1,134.43,134.13,156,17769.96,11217.96
2025-07-19,APP_003,Classic Waterproof Trench Coat,Apparel & Fashion,153.18,149.99,55.0,151.46,0.0,399,4.5,963,89.21,0.0,Enterprise,Summer,7,5,Saturday,19,1,37.86,37.17,25,3829.5,2454.5
2025-07-19,ELEC_001,Pro Wireless Noise-Cancelling Headphones,Electronics,202.72,199.99,85.0,218.1,0.0,193,4.69,929,144.46,0.0,Budget,Summer,7,5,Saturday,19,1,87.0,77.13,74,15001.28,8711.28
2025-07-19,ELEC_002,Ultra HD 4K Smart TV 55-inch,Electronics,395.14,549.99,280.0,523.26,25.0,95,4.04,947,177.02,0.0,Standard,Summer,7,5,Saturday,19,1,42.86,37.53,77,30425.78,8865.78
2025-07-19,ELEC_003,Smart Fitness Watch Gen-4,Electronics,114.09,129.99,50.0,124.23,10.0,224,4.41,990,157.48,0.0,Standard,Summer,7,5,Saturday,19,1,103.14,104.5,124,14147.16,7947.16
2025-07-19,ELEC_004,Ergonomic Mechanical Keyboard,Electronics,90.83,89.99,35.0,90.97,0.0,738,4.21,1018,155.12,0.0,Budget,Summer,7,5,Saturday,19,1,65.86,65.3,72,6539.76,4019.76
2025-07-19,HOME_001,Espresso Machine & Milk Frother,Home & Living,162.15,159.99,65.0,158.3,0.0,96,4.38,932,148.18,0.0,Standard,Summer,7,5,Saturday,19,1,42.71,42.63,37,5999.55,3594.55
2025-07-19,HOME_002,Cordless Handheld Vacuum Cleaner,Home & Living,98.26,99.99,40.0,94.89,0.0,97,4.36,860,92.47,0.0,Standard,Summer,7,5,Saturday,19,1,67.0,66.23,59,5797.34,3437.34
2025-07-19,HOSP_001,Deluxe City Center King Room (Per Night),Hospitality & Stays,213.67,175.0,45.0,169.76,0.0,134,4.23,968,138.9,0.0,Standard,Summer,7,5,Saturday,19,1,191.29,183.9,133,28418.11,22433.11
2025-07-19,HOSP_002,Executive Skyline Suite (Per Night),Hospitality & Stays,296.15,350.0,90.0,358.65,25.0,667,4.35,828,133.79,0.0,Budget,Summer,7,5,Saturday,19,1,39.0,34.27,62,18361.3,12781.3
2025-07-19,RIDE_001,Standard Urban Commute Ride (10 km),Rideshare & Mobility,20.09,24.5,8.0,23.53,15.0,688,4.45,931,183.7,0.0,Enterprise,Summer,7,5,Saturday,19,1,307.71,336.83,343,6890.87,4146.87
2025-07-19,RIDE_002,Premium Black Airport Transfer,Rideshare & Mobility,62.42,65.0,22.0,69.43,0.0,579,4.3,918,168.17,0.0,Standard,Summer,7,5,Saturday,19,1,114.0,120.7,100,6242.0,4042.0
2025-07-20,APP_001,Premium Merino Wool Sweater,Apparel & Fashion,76.2,79.99,28.0,86.15,5.0,399,4.34,948,177.13,0.0,Budget,Summer,7,6,Sunday,20,1,92.14,87.63,111,8458.2,5350.2
2025-07-20,APP_002,Breathable Performance Running Shoes,Apparel & Fashion,122.06,119.99,42.0,127.04,0.0,547,4.75,847,167.1,0.0,Budget,Summer,7,6,Sunday,20,1,136.29,133.63,122,14891.32,9767.32
2025-07-20,APP_003,Classic Waterproof Trench Coat,Apparel & Fashion,147.32,149.99,55.0,165.16,0.0,348,4.3,926,139.97,0.0,Standard,Summer,7,6,Sunday,20,1,40.57,37.67,51,7513.32,4708.32
2025-07-20,ELEC_001,Pro Wireless Noise-Cancelling Headphones,Electronics,191.97,199.99,85.0,208.27,0.0,108,4.36,853,126.78,0.0,Standard,Summer,7,6,Sunday,20,1,90.0,78.3,85,16317.45,9092.45
2025-07-20,ELEC_002,Ultra HD 4K Smart TV 55-inch,Electronics,526.07,549.99,280.0,564.15,5.0,681,4.71,812,185.85,0.0,Premium,Summer,7,6,Sunday,20,1,39.57,37.83,32,16834.24,7874.24
2025-07-20,ELEC_003,Smart Fitness Watch Gen-4,Electronics,129.1,129.99,50.0,140.99,0.0,82,4.05,977,190.43,0.0,Budget,Summer,7,6,Sunday,20,1,110.29,105.3,142,18332.2,11232.2
2025-07-20,ELEC_004,Ergonomic Mechanical Keyboard,Electronics,68.7,89.99,35.0,96.13,25.0,639,4.28,888,134.75,0.0,Premium,Summer,7,6,Sunday,20,1,68.14,66.7,99,6801.3,3336.3
2025-07-20,HOME_001,Espresso Machine & Milk Frother,Home & Living,164.59,159.99,65.0,151.6,0.0,718,4.35,907,167.17,0.0,Enterprise,Summer,7,6,Sunday,20,1,38.14,42.03,24,3950.16,2390.16
2025-07-20,HOME_002,Cordless Handheld Vacuum Cleaner,Home & Living,103.54,99.99,40.0,103.87,0.0,703,4.71,928,131.08,0.0,Standard,Summer,7,6,Sunday,20,1,66.0,65.6,56,5798.24,3558.24
2025-07-20,HOSP_001,Deluxe City Center King Room (Per Night),Hospitality & Stays,206.09,175.0,45.0,179.47,0.0,511,4.87,839,129.58,0.0,Premium,Summer,7,6,Sunday,20,1,153.71,182.97,128,26379.52,20619.52
2025-07-20,HOSP_002,Executive Skyline Suite (Per Night),Hospitality & Stays,402.02,350.0,90.0,331.23,0.0,638,4.46,846,134.32,0.0,Standard,Summer,7,6,Sunday,20,1,36.86,34.27,29,11658.58,9048.58
2025-07-20,RIDE_001,Standard Urban Commute Ride (10 km),Rideshare & Mobility,23.96,24.5,8.0,25.4,0.0,237,4.37,830,106.52,0.0,Standard,Summer,7,6,Sunday,20,1,319.86,337.27,451,10805.96,7197.96
2025-07-20,RIDE_002,Premium Black Airport Transfer,Rideshare & Mobility,63.81,65.0,22.0,59.21,0.0,458,4.64,993,86.48,0.0,Standard,Summer,7,6,Sunday,20,1,102.0,121.27,121,7721.01,5059.01
2025-07-21,APP_001,Premium Merino Wool Sweater,Apparel & Fashion,62.57,79.99,28.0,81.58,25.0,221,4.11,836,161.79,0.0,Budget,Summer,7,0,Monday,21,0,110.14,90.97,178,11137.46,6153.46
2025-07-21,APP_002,Breathable Performance Running Shoes,Apparel & Fashion,102.54,119.99,42.0,121.8,15.0,347,4.11,867,173.7,0.0,Budget,Summer,7,0,Monday,21,0,145.0,135.7,200,20508.0,12108.0
2025-07-21,APP_003,Classic Waterproof Trench Coat,Apparel & Fashion,111.82,149.99,55.0,160.66,25.0,251,4.25,926,221.44,0.0,Budget,Summer,7,0,Monday,21,0,48.0,39.43,97,10846.54,5511.54
2025-07-21,ELEC_001,Pro Wireless Noise-Cancelling Headphones,Electronics,187.62,199.99,85.0,207.19,5.0,444,4.48,974,197.88,0.0,Premium,Summer,7,0,Monday,21,0,89.71,79.5,75,14071.5,7696.5
2025-07-21,ELEC_002,Ultra HD 4K Smart TV 55-inch,Electronics,550.48,549.99,280.0,568.61,0.0,648,4.41,911,159.75,0.0,Budget,Summer,7,0,Monday,21,0,41.0,36.93,33,18165.84,8925.84
2025-07-21,ELEC_003,Smart Fitness Watch Gen-4,Electronics,119.46,129.99,50.0,131.49,5.0,703,4.86,860,133.54,0.0,Budget,Summer,7,0,Monday,21,0,103.86,105.87,82,9795.72,5695.72
2025-07-21,ELEC_004,Ergonomic Mechanical Keyboard,Electronics,87.58,89.99,35.0,90.81,0.0,591,4.56,946,160.36,0.0,Enterprise,Summer,7,0,Monday,21,0,64.29,65.63,48,4203.84,2523.84
2025-07-21,HOME_001,Espresso Machine & Milk Frother,Home & Living,162.63,159.99,65.0,154.45,0.0,679,4.8,806,83.01,0.0,Budget,Summer,7,0,Monday,21,0,39.14,41.53,39,6342.57,3807.57
2025-07-21,HOME_002,Cordless Handheld Vacuum Cleaner,Home & Living,96.99,99.99,40.0,93.44,0.0,633,4.63,871,230.72,0.0,Budget,Summer,7,0,Monday,21,0,65.71,65.43,70,6789.3,3989.3
2025-07-21,HOSP_001,Deluxe City Center King Room (Per Night),Hospitality & Stays,177.6,175.0,45.0,170.01,0.0,386,4.85,796,164.11,0.0,Enterprise,Summer,7,0,Monday,21,0,152.0,181.63,125,22200.0,16575.0
2025-07-21,HOSP_002,Executive Skyline Suite (Per Night),Hospitality & Stays,350.12,350.0,90.0,368.38,0.0,599,4.85,765,126.34,0.0,Budget,Summer,7,0,Monday,21,0,39.0,34.5,39,13654.68,10144.68
2025-07-21,RIDE_001,Standard Urban Commute Ride (10 km),Rideshare & Mobility,24.31,24.5,8.0,23.07,0.0,701,4.12,881,164.25,0.0,Standard,Summer,7,0,Monday,21,0,312.0,340.6,237,5761.47,3865.47
2025-07-21,RIDE_002,Premium Black Airport Transfer,Rideshare & Mobility,63.93,65.0,22.0,63.87,0.0,346,4.74,937,245.55,0.0,Premium,Summer,7,0,Monday,21,0,105.86,120.7,112,7160.16,4696.16
2025-07-22,APP_001,Premium Merino Wool Sweater,Apparel & Fashion,68.58,79.99,28.0,81.31,15.0,86,4.54,1002,155.31,0.0,Budget,Summer,7,1,Tuesday,22,0,122.14,92.47,135,9258.3,5478.3
2025-07-22,APP_002,Breathable Performance Running Shoes,Apparel & Fashion,122.84,119.99,42.0,116.1,0.0,238,4.81,895,139.64,0.0,Budget,Summer,7,1,Tuesday,22,0,142.14,136.6,109,13389.56,8811.56
2025-07-22,APP_003,Classic Waterproof Trench Coat,Apparel & Fashion,150.76,149.99,55.0,152.34,0.0,213,4.16,870,211.15,0.0,Standard,Summer,7,1,Tuesday,22,0,46.14,39.37,38,5728.88,3638.88
2025-07-22,ELEC_001,Pro Wireless Noise-Cancelling Headphones,Electronics,197.35,199.99,85.0,192.14,0.0,387,4.29,936,131.83,0.0,Premium,Summer,7,1,Tuesday,22,0,86.0,78.8,57,11248.95,6403.95
2025-07-22,ELEC_002,Ultra HD 4K Smart TV 55-inch,Electronics,525.51,549.99,280.0,531.41,0.0,618,4.52,825,169.76,0.0,Budget,Summer,7,1,Tuesday,22,0,41.29,36.8,30,15765.3,7365.3
2025-07-22,ELEC_003,Smart Fitness Watch Gen-4,Electronics,126.78,129.99,50.0,126.51,0.0,595,4.22,920,121.83,0.0,Budget,Summer,7,1,Tuesday,22,0,107.14,106.43,108,13692.24,8292.24
2025-07-22,ELEC_004,Ergonomic Mechanical Keyboard,Electronics,91.63,89.99,35.0,86.11,0.0,528,4.09,1006,128.06,0.0,Budget,Summer,7,1,Tuesday,22,0,65.0,66.23,63,5772.69,3567.69
2025-07-22,HOME_001,Espresso Machine & Milk Frother,Home & Living,159.39,159.99,65.0,174.01,0.0,626,4.2,889,115.04,0.0,Budget,Summer,7,1,Tuesday,22,0,40.43,41.93,53,8447.67,5002.67
2025-07-22,HOME_002,Cordless Handheld Vacuum Cleaner,Home & Living,98.07,99.99,40.0,97.5,0.0,568,4.68,921,153.26,0.0,Standard,Summer,7,1,Tuesday,22,0,63.57,65.03,65,6374.55,3774.55
2025-07-22,HOSP_001,Deluxe City Center King Room (Per Night),Hospitality & Stays,177.17,175.0,45.0,180.09,0.0,269,4.88,837,144.46,0.0,Enterprise,Summer,7,1,Tuesday,22,0,127.0,180.63,117,20728.89,15463.89
2025-07-22,HOSP_002,Executive Skyline Suite (Per Night),Hospitality & Stays,336.3,350.0,90.0,352.22,0.0,573,4.7,902,204.12,0.0,Premium,Summer,7,1,Tuesday,22,0,37.86,32.97,26,8743.8,6403.8
2025-07-22,RIDE_001,Standard Urban Commute Ride (10 km),Rideshare & Mobility,24.43,24.5,8.0,25.67,0.0,288,4.68,916,172.36,0.0,Budget,Summer,7,1,Tuesday,22,0,331.43,340.47,413,10089.59,6785.59
2025-07-22,RIDE_002,Premium Black Airport Transfer,Rideshare & Mobility,64.38,65.0,22.0,64.56,0.0,229,4.03,877,103.53,0.0,Budget,Summer,7,1,Tuesday,22,0,110.14,119.47,117,7532.46,4958.46
2025-07-23,APP_001,Premium Merino Wool Sweater,Apparel & Fashion,68.6,79.99,28.0,87.7,10.0,770,4.19,906,73.25,0.0,Budget,Summer,7,2,Wednesday,23,0,112.0,92.63,86,5899.6,3491.6
2025-07-23,APP_002,Breathable Performance Running Shoes,Apparel & Fashion,106.02,119.99,42.0,122.36,15.0,115,4.35,791,216.54,0.0,Premium,Summer,7,2,Wednesday,23,0,142.86,137.57,123,13040.46,7874.46
2025-07-23,APP_003,Classic Waterproof Trench Coat,Apparel & Fashion,147.4,149.99,55.0,144.77,0.0,173,4.89,871,141.13,0.0,Standard,Summer,7,2,Wednesday,23,0,47.29,39.33,40,5896.0,3696.0
2025-07-23,ELEC_001,Pro Wireless Noise-Cancelling Headphones,Electronics,201.85,199.99,85.0,217.26,0.0,310,4.35,886,217.24,0.0,Budget,Summer,7,2,Wednesday,23,0,86.29,79.07,77,15542.45,8997.45
2025-07-23,ELEC_002,Ultra HD 4K Smart TV 55-inch,Electronics,575.65,549.99,280.0,534.02,0.0,597,4.85,893,181.91,0.0,Premium,Summer,7,2,Wednesday,23,0,40.0,36.6,21,12088.65,6208.65
2025-07-23,ELEC_003,Smart Fitness Watch Gen-4,Electronics,134.49,129.99,50.0,131.73,0.0,509,4.44,821,151.65,0.0,Standard,Summer,7,2,Wednesday,23,0,107.57,102.9,86,11566.14,7266.14
2025-07-23,ELEC_004,Ergonomic Mechanical Keyboard,Electronics,89.86,89.99,35.0,89.68,0.0,463,4.3,835,153.98,0.0,Budget,Summer,7,2,Wednesday,23,0,64.57,66.83,65,5840.9,3565.9
2025-07-23,HOME_001,Espresso Machine & Milk Frother,Home & Living,163.7,159.99,65.0,159.66,0.0,583,4.59,964,185.95,0.0,Standard,Summer,7,2,Wednesday,23,0,39.57,42.37,43,7039.1,4244.1
2025-07-23,HOME_002,Cordless Handheld Vacuum Cleaner,Home & Living,104.22,99.99,40.0,93.63,0.0,515,4.0,901,192.38,0.0,Standard,Summer,7,2,Wednesday,23,0,61.43,64.83,53,5523.66,3403.66
2025-07-23,HOSP_001,Deluxe City Center King Room (Per Night),Hospitality & Stays,154.04,175.0,45.0,187.34,15.0,779,4.51,870,53.6,0.0,Budget,Summer,7,2,Wednesday,23,0,148.43,183.57,269,41436.76,29331.76
2025-07-23,HOSP_002,Executive Skyline Suite (Per Night),Hospitality & Stays,353.93,350.0,90.0,383.03,0.0,541,4.14,957,141.44,0.0,Standard,Summer,7,2,Wednesday,23,0,35.43,33.03,32,11325.76,8445.76
2025-07-23,RIDE_001,Standard Urban Commute Ride (10 km),Rideshare & Mobility,25.66,24.5,8.0,24.4,0.0,556,4.01,854,212.85,0.0,Budget,Summer,7,2,Wednesday,23,0,326.0,345.0,288,7390.08,5086.08
2025-07-23,RIDE_002,Premium Black Airport Transfer,Rideshare & Mobility,62.96,65.0,22.0,63.41,0.0,139,4.33,877,179.81,0.0,Premium,Summer,7,2,Wednesday,23,0,106.0,117.9,90,5666.4,3686.4
2025-07-24,APP_001,Premium Merino Wool Sweater,Apparel & Fashion,76.27,79.99,28.0,82.85,0.0,633,4.71,904,164.72,0.0,Budget,Summer,7,3,Thursday,24,0,116.86,94.43,137,10448.99,6612.99
2025-07-24,APP_002,Breathable Performance Running Shoes,Apparel & Fashion,120.73,119.99,42.0,117.01,0.0,793,4.66,1002,168.35,0.0,Standard,Summer,7,3,Thursday,24,0,134.0,137.33,115,13883.95,9053.95
2025-07-24,APP_003,Classic Waterproof Trench Coat,Apparel & Fashion,142.54,149.99,55.0,147.25,5.0,135,4.64,907,86.23,0.0,Premium,Summer,7,3,Thursday,24,0,47.71,39.67,38,5416.52,3326.52
2025-07-24,ELEC_001,Pro Wireless Noise-Cancelling Headphones,Electronics,191.85,199.99,85.0,184.73,0.0,227,4.53,971,238.57,0.0,Budget,Summer,7,3,Thursday,24,0,87.0,79.53,83,15923.55,8868.55
2025-07-24,ELEC_002,Ultra HD 4K Smart TV 55-inch,Electronics,547.24,549.99,280.0,541.18,0.0,569,4.62,909,162.98,0.0,Standard,Summer,7,3,Thursday,24,0,34.29,35.5,28,15322.72,7482.72
2025-07-24,ELEC_003,Smart Fitness Watch Gen-4,Electronics,133.52,129.99,50.0,125.0,0.0,406,4.32,892,127.08,0.0,Budget,Summer,7,3,Thursday,24,0,108.14,102.6,103,13752.56,8602.56
2025-07-24,ELEC_004,Ergonomic Mechanical Keyboard,Electronics,85.26,89.99,35.0,91.18,5.0,380,4.87,911,162.6,0.0,Budget,Summer,7,3,Thursday,24,0,69.14,68.1,83,7076.58,4171.58
2025-07-24,HOME_001,Espresso Machine & Milk Frother,Home & Living,167.51,159.99,65.0,149.52,0.0,549,4.32,873,139.84,0.0,Standard,Summer,7,3,Thursday,24,0,38.43,42.1,34,5695.34,3485.34
2025-07-24,HOME_002,Cordless Handheld Vacuum Cleaner,Home & Living,84.19,99.99,40.0,89.89,15.0,440,4.42,855,270.1,0.0,Premium,Summer,7,3,Thursday,24,0,60.14,64.97,75,6314.25,3314.25
2025-07-24,HOSP_001,Deluxe City Center King Room (Per Night),Hospitality & Stays,179.9,175.0,45.0,173.07,0.0,607,4.47,917,149.01,0.0,Standard,Summer,7,3,Thursday,24,0,157.0,185.03,172,30942.8,23202.8
2025-07-24,HOSP_002,Executive Skyline Suite (Per Night),Hospitality & Stays,349.76,350.0,90.0,318.78,0.0,518,4.23,944,189.9,0.0,Premium,Summer,7,3,Thursday,24,0,34.0,32.5,23,8044.48,5974.48
2025-07-24,RIDE_001,Standard Urban Commute Ride (10 km),Rideshare & Mobility,24.58,24.5,8.0,24.91,0.0,158,4.03,912,153.42,0.0,Budget,Summer,7,3,Thursday,24,0,345.43,336.0,398,9782.84,6598.84
2025-07-24,RIDE_002,Premium Black Airport Transfer,Rideshare & Mobility,67.95,65.0,22.0,66.31,0.0,471,4.79,1001,132.08,0.0,Standard,Summer,7,3,Thursday,24,0,105.0,116.03,108,7338.6,4962.6
2025-07-25,APP_001,Premium Merino Wool Sweater,Apparel & Fashion,81.48,79.99,28.0,75.88,0.0,553,4.64,933,167.56,0.0,Standard,Summer,7,4,Friday,25,0,115.29,94.77,80,6518.4,4278.4
2025-07-25,APP_002,Breathable Performance Running Shoes,Apparel & Fashion,116.03,119.99,42.0,116.82,0.0,660,4.02,860,184.49,0.0,Budget,Summer,7,4,Friday,25,0,136.86,139.5,133,15431.99,9845.99
2025-07-25,APP_003,Classic Waterproof Trench Coat,Apparel & Fashion,147.84,149.99,55.0,153.31,0.0,88,4.85,863,136.75,0.0,Budget,Summer,7,4,Friday,25,0,48.0,39.93,47,6948.48,4363.48
2025-07-25,ELEC_001,Pro Wireless Noise-Cancelling Headphones,Electronics,202.06,199.99,85.0,215.41,0.0,160,4.61,1010,125.01,0.0,Premium,Summer,7,4,Friday,25,0,74.0,78.77,67,13538.02,7843.02
2025-07-25,ELEC_002,Ultra HD 4K Smart TV 55-inch,Electronics,569.42,549.99,280.0,517.65,0.0,540,4.45,893,95.06,0.0,Standard,Summer,7,4,Friday,25,0,35.71,35.6,29,16513.18,8393.18
2025-07-25,ELEC_003,Smart Fitness Watch Gen-4,Electronics,119.71,129.99,50.0,119.48,10.0,285,4.08,801,178.58,0.0,Budget,Summer,7,4,Friday,25,0,109.43,103.63,121,14484.91,8434.91
2025-07-25,ELEC_004,Ergonomic Mechanical Keyboard,Electronics,91.5,89.99,35.0,89.26,0.0,320,4.7,898,157.71,0.0,Premium,Summer,7,4,Friday,25,0,70.0,68.47,60,5490.0,3390.0
2025-07-25,HOME_001,Espresso Machine & Milk Frother,Home & Living,167.41,159.99,65.0,164.01,0.0,515,4.01,880,143.54,0.0,Standard,Summer,7,4,Friday,25,0,37.71,41.7,34,5691.94,3481.94
2025-07-25,HOME_002,Cordless Handheld Vacuum Cleaner,Home & Living,96.12,99.99,40.0,99.09,0.0,372,4.06,1001,151.22,0.0,Standard,Summer,7,4,Friday,25,0,63.71,65.2,68,6536.16,3816.16
2025-07-25,HOSP_001,Deluxe City Center King Room (Per Night),Hospitality & Stays,170.27,175.0,45.0,181.08,0.0,397,4.29,910,149.72,0.0,Standard,Summer,7,4,Friday,25,0,164.86,187.43,210,35756.7,26306.7
2025-07-25,HOSP_002,Executive Skyline Suite (Per Night),Hospitality & Stays,362.3,350.0,90.0,381.45,0.0,486,4.3,897,153.07,0.0,Standard,Summer,7,4,Friday,25,0,34.71,32.7,32,11593.6,8713.6
2025-07-25,RIDE_001,Standard Urban Commute Ride (10 km),Rideshare & Mobility,23.94,24.5,8.0,24.68,0.0,780,4.11,909,117.96,0.0,Premium,Summer,7,4,Friday,25,0,326.86,326.63,158,3782.52,2518.52
2025-07-25,RIDE_002,Premium Black Airport Transfer,Rideshare & Mobility,63.62,65.0,22.0,63.89,0.0,323,4.13,977,128.09,0.0,Budget,Summer,7,4,Friday,25,0,113.71,118.73,148,9415.76,6159.76
2025-07-26,APP_001,Premium Merino Wool Sweater,Apparel & Fashion,80.59,79.99,28.0,78.24,0.0,474,4.04,946,100.59,0.0,Standard,Summer,7,5,Saturday,26,1,115.14,93.63,79,6366.61,4154.61
2025-07-26,APP_002,Breathable Performance Running Shoes,Apparel & Fashion,125.82,119.99,42.0,129.04,0.0,524,4.38,891,180.17,0.0,Budget,Summer,7,5,Saturday,26,1,134.0,140.2,136,17111.52,11399.52
2025-07-26,APP_003,Classic Waterproof Trench Coat,Apparel & Fashion,152.84,149.99,55.0,166.82,0.0,546,4.05,915,161.41,0.0,Enterprise,Summer,7,5,Saturday,26,1,48.43,39.57,28,4279.52,2739.52
2025-07-26,ELEC_001,Pro Wireless Noise-Cancelling Headphones,Electronics,153.68,199.99,85.0,191.81,25.0,598,4.88,911,172.13,0.0,Standard,Summer,7,5,Saturday,26,1,82.57,81.23,134,20593.12,9203.12
2025-07-26,ELEC_002,Ultra HD 4K Smart TV 55-inch,Electronics,556.11,549.99,280.0,554.12,0.0,508,4.33,1008,125.57,0.0,Standard,Summer,7,5,Saturday,26,1,29.29,34.7,32,17795.52,8835.52
2025-07-26,ELEC_003,Smart Fitness Watch Gen-4,Electronics,128.74,129.99,50.0,132.8,0.0,189,4.12,876,106.8,0.0,Standard,Summer,7,5,Saturday,26,1,105.43,104.5,96,12359.04,7559.04
2025-07-26,ELEC_004,Ergonomic Mechanical Keyboard,Electronics,90.29,89.99,35.0,82.52,0.0,267,4.74,954,147.92,0.0,Premium,Summer,7,5,Saturday,26,1,67.29,67.53,53,4785.37,2930.37
2025-07-26,HOME_001,Espresso Machine & Milk Frother,Home & Living,167.53,159.99,65.0,159.35,0.0,479,4.21,858,174.67,0.0,Standard,Summer,7,5,Saturday,26,1,37.57,41.53,36,6031.08,3691.08
2025-07-26,HOME_002,Cordless Handheld Vacuum Cleaner,Home & Living,101.6,99.99,40.0,98.54,0.0,315,4.41,921,121.43,0.0,Standard,Summer,7,5,Saturday,26,1,63.43,64.5,57,5791.2,3511.2
2025-07-26,HOSP_001,Deluxe City Center King Room (Per Night),Hospitality & Stays,151.95,175.0,45.0,165.44,25.0,80,4.87,918,158.55,0.0,Premium,Summer,7,5,Saturday,26,1,191.14,191.33,317,48168.15,33903.15
2025-07-26,HOSP_002,Executive Skyline Suite (Per Night),Hospitality & Stays,385.93,350.0,90.0,329.18,0.0,459,4.61,975,101.11,0.0,Premium,Summer,7,5,Saturday,26,1,29.71,32.57,27,10420.11,7990.11
2025-07-26,RIDE_001,Standard Urban Commute Ride (10 km),Rideshare & Mobility,24.36,24.5,8.0,22.6,0.0,339,4.08,967,151.12,0.0,Standard,Summer,7,5,Saturday,26,1,340.86,337.13,441,10742.76,7214.76
2025-07-26,RIDE_002,Premium Black Airport Transfer,Rideshare & Mobility,63.6,65.0,22.0,65.77,0.0,205,4.66,858,128.79,0.0,Standard,Summer,7,5,Saturday,26,1,116.29,119.27,118,7504.8,4908.8
2025-07-27,APP_001,Premium Merino Wool Sweater,Apparel & Fashion,80.56,79.99,28.0,77.98,0.0,396,4.04,796,107.53,0.0,Standard,Summer,7,6,Sunday,27,1,110.43,93.77,78,6283.68,4099.68
2025-07-27,APP_002,Breathable Performance Running Shoes,Apparel & Fashion,118.28,119.99,42.0,113.42,0.0,443,4.56,915,133.11,0.0,Enterprise,Summer,7,6,Sunday,27,1,128.14,135.6,81,9580.68,6178.68
2025-07-27,APP_003,Classic Waterproof Trench Coat,Apparel & Fashion,150.32,149.99,55.0,155.75,0.0,508,4.46,861,204.83,0.0,Standard,Summer,7,6,Sunday,27,1,46.57,39.67,38,5712.16,3622.16
2025-07-27,ELEC_001,Pro Wireless Noise-Cancelling Headphones,Electronics,191.76,199.99,85.0,195.67,0.0,541,4.2,869,210.54,0.0,Enterprise,Summer,7,6,Sunday,27,1,78.57,80.87,57,10930.32,6085.32
2025-07-27,ELEC_002,Ultra HD 4K Smart TV 55-inch,Electronics,549.12,549.99,280.0,526.58,0.0,480,4.71,818,76.32,0.0,Premium,Summer,7,6,Sunday,27,1,28.71,34.8,28,15375.36,7535.36
2025-07-27,ELEC_003,Smart Fitness Watch Gen-4,Electronics,136.39,129.99,50.0,124.91,0.0,111,4.62,956,138.52,0.0,Premium,Summer,7,6,Sunday,27,1,96.29,103.1,78,10638.42,6738.42
2025-07-27,ELEC_004,Ergonomic Mechanical Keyboard,Electronics,85.84,89.99,35.0,90.83,0.0,207,4.33,900,113.0,0.0,Premium,Summer,7,6,Sunday,27,1,61.71,66.47,60,5150.4,3050.4
2025-07-27,HOME_001,Espresso Machine & Milk Frother,Home & Living,137.37,159.99,65.0,165.49,15.0,431,4.86,876,147.69,0.0,Premium,Summer,7,6,Sunday,27,1,41.0,41.6,48,6593.76,3473.76
2025-07-27,HOME_002,Cordless Handheld Vacuum Cleaner,Home & Living,101.19,99.99,40.0,107.63,0.0,244,4.19,936,137.7,0.0,Budget,Summer,7,6,Sunday,27,1,65.57,64.73,71,7184.49,4344.49
2025-07-27,HOSP_001,Deluxe City Center King Room (Per Night),Hospitality & Stays,209.44,175.0,45.0,171.6,0.0,606,4.58,909,124.07,0.0,Budget,Summer,7,6,Sunday,27,1,184.29,189.37,80,16755.2,13155.2
2025-07-27,HOSP_002,Executive Skyline Suite (Per Night),Hospitality & Stays,441.58,350.0,90.0,353.57,0.0,431,4.82,948,205.31,0.0,Budget,Summer,7,6,Sunday,27,1,29.57,32.77,28,12364.24,9844.24
2025-07-27,RIDE_001,Standard Urban Commute Ride (10 km),Rideshare & Mobility,25.27,24.5,8.0,24.53,0.0,699,4.7,834,217.65,0.0,Budget,Summer,7,6,Sunday,27,1,324.86,330.03,339,8566.53,5854.53
2025-07-27,RIDE_002,Premium Black Airport Transfer,Rideshare & Mobility,63.84,65.0,22.0,60.94,5.0,92,4.07,957,138.05,0.0,Standard,Summer,7,6,Sunday,27,1,115.14,118.47,113,7213.92,4727.92
2025-07-28,APP_001,Premium Merino Wool Sweater,Apparel & Fashion,77.16,79.99,28.0,84.09,0.0,289,4.75,974,92.65,0.0,Budget,Summer,7,0,Monday,28,0,100.29,93.6,107,8256.12,5260.12
2025-07-28,APP_002,Breathable Performance Running Shoes,Apparel & Fashion,119.93,119.99,42.0,114.95,0.0,305,4.16,890,118.09,0.0,Budget,Summer,7,0,Monday,28,0,119.29,136.97,138,16550.34,10754.34
2025-07-28,APP_003,Classic Waterproof Trench Coat,Apparel & Fashion,156.82,149.99,55.0,152.79,0.0,472,4.79,916,118.87,0.0,Budget,Summer,7,0,Monday,28,0,37.86,39.9,36,5645.52,3665.52
2025-07-28,ELEC_001,Pro Wireless Noise-Cancelling Headphones,Electronics,202.71,199.99,85.0,201.89,0.0,485,4.71,944,140.94,0.0,Premium,Summer,7,0,Monday,28,0,75.86,80.0,56,11351.76,6591.76
2025-07-28,ELEC_002,Ultra HD 4K Smart TV 55-inch,Electronics,536.84,549.99,280.0,529.1,0.0,442,4.01,879,156.57,0.0,Standard,Summer,7,0,Monday,28,0,29.43,35.3,38,20399.92,9759.92
2025-07-28,ELEC_003,Smart Fitness Watch Gen-4,Electronics,127.99,129.99,50.0,127.2,0.0,559,4.59,850,177.11,0.0,Standard,Summer,7,0,Monday,28,0,100.43,104.4,111,14206.89,8656.89
2025-07-28,ELEC_004,Ergonomic Mechanical Keyboard,Electronics,92.16,89.99,35.0,85.48,0.0,141,4.54,976,108.95,0.0,Standard,Summer,7,0,Monday,28,0,64.29,67.13,66,6082.56,3772.56
2025-07-28,HOME_001,Espresso Machine & Milk Frother,Home & Living,142.68,159.99,65.0,148.71,10.0,384,4.26,950,161.95,0.0,Standard,Summer,7,0,Monday,28,0,42.14,41.57,47,6705.96,3650.96
2025-07-28,HOME_002,Cordless Handheld Vacuum Cleaner,Home & Living,98.33,99.99,40.0,99.18,0.0,174,4.46,820,125.46,0.0,Budget,Summer,7,0,Monday,28,0,65.57,64.7,70,6883.1,4083.1
2025-07-28,HOSP_001,Deluxe City Center King Room (Per Night),Hospitality & Stays,172.2,175.0,45.0,176.34,0.0,395,4.35,887,128.06,0.0,Budget,Summer,7,0,Monday,28,0,196.57,192.63,211,36334.2,26839.2
2025-07-28,HOSP_002,Executive Skyline Suite (Per Night),Hospitality & Stays,354.86,350.0,90.0,359.54,0.0,398,4.77,939,128.28,0.0,Standard,Summer,7,0,Monday,28,0,28.71,32.97,33,11710.38,8740.38
2025-07-28,RIDE_001,Standard Urban Commute Ride (10 km),Rideshare & Mobility,24.74,24.5,8.0,25.73,0.0,257,4.0,859,157.74,0.0,Budget,Summer,7,0,Monday,28,0,354.14,333.83,442,10935.08,7399.08
2025-07-28,RIDE_002,Premium Black Airport Transfer,Rideshare & Mobility,62.34,65.0,22.0,62.81,0.0,615,4.42,954,129.72,0.0,Standard,Summer,7,0,Monday,28,0,112.29,116.4,92,5735.28,3711.28
2025-07-29,APP_001,Premium Merino Wool Sweater,Apparel & Fashion,83.69,79.99,28.0,87.27,0.0,208,4.14,853,189.42,0.0,Standard,Summer,7,1,Tuesday,29,0,92.57,93.67,81,6778.89,4510.89
2025-07-29,APP_002,Breathable Performance Running Shoes,Apparel & Fashion,119.77,119.99,42.0,124.29,0.0,164,4.47,823,158.31,0.0,Budget,Summer,7,1,Tuesday,29,0,123.86,135.2,141,16887.57,10965.57
2025-07-29,APP_003,Classic Waterproof Trench Coat,Apparel & Fashion,146.2,149.99,55.0,141.13,0.0,439,4.58,891,155.23,0.0,Premium,Summer,7,1,Tuesday,29,0,37.14,39.97,33,4824.6,3009.6
2025-07-29,ELEC_001,Pro Wireless Noise-Cancelling Headphones,Electronics,193.68,199.99,85.0,211.98,0.0,409,4.33,821,155.64,0.0,Budget,Summer,7,1,Tuesday,29,0,78.57,80.67,76,14719.68,8259.68
2025-07-29,ELEC_002,Ultra HD 4K Smart TV 55-inch,Electronics,530.16,549.99,280.0,551.97,0.0,403,4.51,941,159.35,0.0,Standard,Summer,7,1,Tuesday,29,0,30.71,35.4,39,20676.24,9756.24
2025-07-29,ELEC_003,Smart Fitness Watch Gen-4,Electronics,127.41,129.99,50.0,119.79,0.0,459,4.87,905,120.07,0.0,Standard,Summer,7,1,Tuesday,29,0,99.29,103.2,100,12741.0,7741.0
2025-07-29,ELEC_004,Ergonomic Mechanical Keyboard,Electronics,92.37,89.99,35.0,82.48,0.0,107,4.26,885,74.68,0.0,Enterprise,Summer,7,1,Tuesday,29,0,60.14,66.2,34,3140.58,1950.58
2025-07-29,HOME_001,Espresso Machine & Milk Frother,Home & Living,155.18,159.99,65.0,152.84,0.0,325,4.54,945,155.59,0.0,Budget,Summer,7,1,Tuesday,29,0,43.0,42.1,59,9155.62,5320.62
2025-07-29,HOME_002,Cordless Handheld Vacuum Cleaner,Home & Living,97.98,99.99,40.0,102.21,0.0,96,4.75,874,138.7,0.0,Budget,Summer,7,1,Tuesday,29,0,67.43,64.9,78,7642.44,4522.44
2025-07-29,HOSP_001,Deluxe City Center King Room (Per Night),Hospitality & Stays,178.74,175.0,45.0,194.41,0.0,254,4.05,918,89.65,0.0,Premium,Summer,7,1,Tuesday,29,0,200.0,189.13,141,25202.34,18857.34
2025-07-29,HOSP_002,Executive Skyline Suite (Per Night),Hospitality & Stays,346.8,350.0,90.0,342.91,0.0,365,4.67,910,253.53,0.0,Budget,Summer,7,1,Tuesday,29,0,29.71,33.03,33,11444.4,8474.4
2025-07-29,RIDE_001,Standard Urban Commute Ride (10 km),Rideshare & Mobility,21.61,24.5,8.0,22.89,15.0,533,4.53,905,205.03,0.0,Standard,Summer,7,1,Tuesday,29,0,331.86,337.93,257,5553.77,3497.77
2025-07-29,RIDE_002,Premium Black Airport Transfer,Rideshare & Mobility,48.79,65.0,22.0,60.92,25.0,429,4.14,870,167.4,0.0,Standard,Summer,7,1,Tuesday,29,0,122.14,118.4,186,9074.94,4982.94
2025-07-30,APP_001,Premium Merino Wool Sweater,Apparel & Fashion,81.58,79.99,28.0,83.25,0.0,124,4.81,903,229.98,0.0,Standard,Summer,7,2,Wednesday,30,0,92.29,93.0,84,6852.72,4500.72
2025-07-30,APP_002,Breathable Performance Running Shoes,Apparel & Fashion,125.94,119.99,42.0,133.21,0.0,757,4.77,951,199.82,0.0,Standard,Summer,7,2,Wednesday,30,0,123.71,133.4,122,15364.68,10240.68
2025-07-30,APP_003,Classic Waterproof Trench Coat,Apparel & Fashion,154.04,149.99,55.0,145.69,0.0,401,4.0,941,185.7,0.0,Standard,Summer,7,2,Wednesday,30,0,36.86,39.83,38,5853.52,3763.52
2025-07-30,ELEC_001,Pro Wireless Noise-Cancelling Headphones,Electronics,193.71,199.99,85.0,210.32,0.0,340,4.72,910,103.2,0.0,Budget,Summer,7,2,Wednesday,30,0,77.43,80.4,69,13365.99,7500.99
2025-07-30,ELEC_002,Ultra HD 4K Smart TV 55-inch,Electronics,544.19,549.99,280.0,529.17,0.0,380,4.78,908,180.38,0.0,Enterprise,Summer,7,2,Wednesday,30,0,31.0,35.3,23,12516.37,6076.37
2025-07-30,ELEC_003,Smart Fitness Watch Gen-4,Electronics,131.07,129.99,50.0,134.44,0.0,346,4.06,805,176.78,0.0,Budget,Summer,7,2,Wednesday,30,0,103.14,104.9,113,14810.91,9160.91
2025-07-30,ELEC_004,Ergonomic Mechanical Keyboard,Electronics,89.91,89.99,35.0,82.46,0.0,762,4.54,909,140.77,0.0,Premium,Summer,7,2,Wednesday,30,0,57.71,65.53,48,4315.68,2635.68
2025-07-30,HOME_001,Espresso Machine & Milk Frother,Home & Living,130.24,159.99,65.0,163.25,15.0,260,4.82,906,148.57,0.0,Standard,Summer,7,2,Wednesday,30,0,46.14,42.67,65,8465.6,4240.6
2025-07-30,HOME_002,Cordless Handheld Vacuum Cleaner,Home & Living,92.23,99.99,40.0,98.77,5.0,453,4.36,950,138.71,0.0,Budget,Summer,7,2,Wednesday,30,0,71.71,66.4,83,7655.09,4335.09
2025-07-30,HOSP_001,Deluxe City Center King Room (Per Night),Hospitality & Stays,125.92,175.0,45.0,171.62,25.0,416,4.53,952,146.38,0.0,Budget,Summer,7,2,Wednesday,30,0,197.86,189.47,254,31983.68,20553.68
2025-07-30,HOSP_002,Executive Skyline Suite (Per Night),Hospitality & Stays,327.09,350.0,90.0,353.19,10.0,329,4.68,913,210.25,0.0,Budget,Summer,7,2,Wednesday,30,0,30.29,33.2,36,11775.24,8535.24
2025-07-30,RIDE_001,Standard Urban Commute Ride (10 km),Rideshare & Mobility,24.48,24.5,8.0,25.37,0.0,94,4.48,907,163.08,0.0,Budget,Summer,7,2,Wednesday,30,0,353.43,333.87,439,10746.72,7234.72
2025-07-30,RIDE_002,Premium Black Airport Transfer,Rideshare & Mobility,67.53,65.0,22.0,68.16,0.0,337,4.54,909,165.12,0.0,Budget,Summer,7,2,Wednesday,30,0,122.43,117.57,92,6212.76,4188.76
2025-07-31,APP_001,Premium Merino Wool Sweater,Apparel & Fashion,76.37,79.99,28.0,76.65,0.0,766,4.65,917,139.88,0.0,Budget,Summer,7,3,Thursday,31,0,88.86,94.6,113,8629.81,5465.81
2025-07-31,APP_002,Breathable Performance Running Shoes,Apparel & Fashion,124.28,119.99,42.0,113.01,0.0,672,4.03,915,138.75,0.0,Premium,Summer,7,3,Thursday,31,0,119.43,132.43,85,10563.8,6993.8
2025-07-31,APP_003,Classic Waterproof Trench Coat,Apparel & Fashion,146.55,149.99,55.0,150.73,0.0,364,4.6,893,188.14,0.0,Standard,Summer,7,3,Thursday,31,0,36.71,39.73,37,5422.35,3387.35
2025-07-31,ELEC_001,Pro Wireless Noise-Cancelling Headphones,Electronics,198.73,199.99,85.0,202.05,0.0,263,4.66,903,125.91,0.0,Standard,Summer,7,3,Thursday,31,0,76.57,80.07,77,15302.21,8757.21
2025-07-31,ELEC_002,Ultra HD 4K Smart TV 55-inch,Electronics,560.32,549.99,280.0,498.08,0.0,353,4.25,892,144.71,0.0,Standard,Summer,7,3,Thursday,31,0,30.86,35.17,27,15128.64,7568.64
2025-07-31,ELEC_003,Smart Fitness Watch Gen-4,Electronics,128.07,129.99,50.0,136.02,0.0,235,4.27,889,142.25,0.0,Budget,Summer,7,3,Thursday,31,0,104.29,105.93,111,14215.77,8665.77
2025-07-31,ELEC_004,Ergonomic Mechanical Keyboard,Electronics,94.39,89.99,35.0,85.01,0.0,713,4.8,871,117.68,0.0,Standard,Summer,7,3,Thursday,31,0,52.86,64.67,49,4625.11,2910.11
2025-07-31,HOME_001,Espresso Machine & Milk Frother,Home & Living,156.01,159.99,65.0,157.8,0.0,219,4.23,936,179.86,0.0,Budget,Summer,7,3,Thursday,31,0,47.14,42.63,41,6396.41,3731.41
2025-07-31,HOME_002,Cordless Handheld Vacuum Cleaner,Home & Living,102.9,99.99,40.0,101.63,0.0,387,4.33,921,156.48,0.0,Budget,Summer,7,3,Thursday,31,0,70.43,66.8,66,6791.4,4151.4
2025-07-31,HOSP_001,Deluxe City Center King Room (Per Night),Hospitality & Stays,172.81,175.0,45.0,171.79,5.0,218,4.7,903,166.96,0.0,Budget,Summer,7,3,Thursday,31,0,201.57,188.77,198,34216.38,25306.38
2025-07-31,HOSP_002,Executive Skyline Suite (Per Night),Hospitality & Stays,342.45,350.0,90.0,365.45,0.0,301,4.24,949,170.47,0.0,Premium,Summer,7,3,Thursday,31,0,31.0,33.3,28,9588.6,7068.6
2025-07-31,RIDE_001,Standard Urban Commute Ride (10 km),Rideshare & Mobility,23.3,24.5,8.0,24.92,0.0,711,4.7,983,175.45,0.0,Budget,Summer,7,3,Thursday,31,0,310.0,325.43,94,2190.2,1438.2
2025-07-31,RIDE_002,Premium Black Airport Transfer,Rideshare & Mobility,65.58,65.0,22.0,66.27,0.0,246,4.72,876,168.86,0.0,Standard,Summer,7,3,Thursday,31,0,120.0,117.13,91,5967.78,3965.78
2025-08-01,APP_001,Premium Merino Wool Sweater,Apparel & Fashion,76.78,79.99,28.0,78.8,0.0,680,4.61,928,124.83,0.0,Standard,Summer,8,4,Friday,1,0,89.71,94.43,86,6603.08,4195.08
2025-08-01,APP_002,Breathable Performance Running Shoes,Apparel & Fashion,119.92,119.99,42.0,124.56,0.0,584,4.89,985,107.65,0.0,Premium,Summer,8,4,Friday,1,0,113.0,131.3,88,10552.96,6856.96
2025-08-01,APP_003,Classic Waterproof Trench Coat,Apparel & Fashion,147.67,149.99,55.0,155.97,0.0,319,4.39,902,188.14,0.0,Standard,Summer,8,4,Friday,1,0,36.43,40.37,45,6645.15,4170.15
2025-08-01,ELEC_001,Pro Wireless Noise-Cancelling Headphones,Electronics,209.12,199.99,85.0,203.94,0.0,195,4.06,895,145.99,0.0,Budget,Summer,8,4,Friday,1,0,76.71,77.57,68,14220.16,8440.16
2025-08-01,ELEC_002,Ultra HD 4K Smart TV 55-inch,Electronics,533.06,549.99,280.0,547.32,0.0,318,4.28,824,147.28,0.0,Standard,Summer,8,4,Friday,1,0,31.71,34.9,35,18657.1,8857.1
2025-08-01,ELEC_003,Smart Fitness Watch Gen-4,Electronics,136.39,129.99,50.0,128.72,0.0,154,4.59,912,151.67,0.0,Standard,Summer,8,4,Friday,1,0,98.57,106.17,81,11047.59,6997.59
2025-08-01,ELEC_004,Ergonomic Mechanical Keyboard,Electronics,67.23,89.99,35.0,86.96,25.0,584,4.82,813,126.48,0.0,Budget,Summer,8,4,Friday,1,0,62.71,65.2,129,8672.67,4157.67
2025-08-01,HOME_001,Espresso Machine & Milk Frother,Home & Living,161.31,159.99,65.0,149.95,0.0,180,4.78,905,171.41,0.0,Standard,Summer,8,4,Friday,1,0,47.86,42.8,39,6291.09,3756.09
2025-08-01,HOME_002,Cordless Handheld Vacuum Cleaner,Home & Living,103.52,99.99,40.0,97.15,0.0,330,4.09,975,166.96,0.0,Budget,Summer,8,4,Friday,1,0,68.86,66.27,57,5900.64,3620.64
2025-08-01,HOSP_001,Deluxe City Center King Room (Per Night),Hospitality & Stays,166.96,175.0,45.0,168.27,0.0,656,4.14,916,156.35,0.0,Premium,Summer,8,4,Friday,1,0,196.14,189.77,172,28717.12,20977.12
2025-08-01,HOSP_002,Executive Skyline Suite (Per Night),Hospitality & Stays,341.63,350.0,90.0,371.41,0.0,267,4.75,893,115.92,0.0,Budget,Summer,8,4,Friday,1,0,31.29,33.23,34,11615.42,8555.42
2025-08-01,RIDE_001,Standard Urban Commute Ride (10 km),Rideshare & Mobility,23.66,24.5,8.0,23.38,0.0,297,4.49,928,139.37,0.0,Standard,Summer,8,4,Friday,1,0,346.57,328.93,414,9795.24,6483.24
2025-08-01,RIDE_002,Premium Black Airport Transfer,Rideshare & Mobility,67.73,65.0,22.0,63.99,0.0,118,4.89,996,178.92,0.0,Budget,Summer,8,4,Friday,1,0,117.14,118.07,128,8669.44,5853.44
2025-08-02,APP_001,Premium Merino Wool Sweater,Apparel & Fashion,78.72,79.99,28.0,73.67,0.0,571,4.86,905,142.18,0.0,Budget,Summer,8,5,Saturday,2,1,94.0,95.77,109,8580.48,5528.48
2025-08-02,APP_002,Breathable Performance Running Shoes,Apparel & Fashion,118.99,119.99,42.0,116.5,0.0,447,4.87,929,217.43,0.0,Standard,Summer,8,5,Saturday,2,1,113.14,132.43,137,16301.63,10547.63
2025-08-02,APP_003,Classic Waterproof Trench Coat,Apparel & Fashion,144.22,149.99,55.0,154.51,0.0,270,4.5,928,203.15,0.0,Budget,Summer,8,5,Saturday,2,1,39.43,40.2,49,7066.78,4371.78
2025-08-02,ELEC_001,Pro Wireless Noise-Cancelling Headphones,Electronics,195.43,199.99,85.0,203.54,0.0,110,4.68,914,209.71,0.0,Budget,Summer,8,5,Saturday,2,1,69.71,78.23,85,16611.55,9386.55
2025-08-02,ELEC_002,Ultra HD 4K Smart TV 55-inch,Electronics,559.96,549.99,280.0,557.96,0.0,287,4.64,928,118.84,0.0,Standard,Summer,8,5,Saturday,2,1,31.57,34.73,31,17358.76,8678.76
2025-08-02,ELEC_003,Smart Fitness Watch Gen-4,Electronics,131.39,129.99,50.0,130.79,0.0,524,4.09,925,87.25,0.0,Premium,Summer,8,5,Saturday,2,1,95.57,106.13,75,9854.25,6104.25
2025-08-02,ELEC_004,Ergonomic Mechanical Keyboard,Electronics,85.93,89.99,35.0,97.68,0.0,527,4.09,959,171.9,0.0,Premium,Summer,8,5,Saturday,2,1,63.29,64.63,57,4898.01,2903.01
2025-08-02,HOME_001,Espresso Machine & Milk Frother,Home & Living,167.92,159.99,65.0,164.34,0.0,144,4.7,892,132.78,0.0,Standard,Summer,8,5,Saturday,2,1,47.86,42.43,36,6045.12,3705.12
2025-08-02,HOME_002,Cordless Handheld Vacuum Cleaner,Home & Living,95.01,99.99,40.0,93.62,0.0,260,4.1,888,138.22,0.0,Budget,Summer,8,5,Saturday,2,1,70.71,66.9,70,6650.7,3850.7
2025-08-02,HOSP_001,Deluxe City Center King Room (Per Night),Hospitality & Stays,223.39,175.0,45.0,177.3,0.0,526,4.62,923,101.59,0.0,Budget,Summer,8,5,Saturday,2,1,169.43,191.17,130,29040.7,23190.7
2025-08-02,HOSP_002,Executive Skyline Suite (Per Night),Hospitality & Stays,366.8,350.0,90.0,371.45,0.0,216,4.51,927,216.17,0.0,Budget,Summer,8,5,Saturday,2,1,34.71,33.97,51,18706.8,14116.8
2025-08-02,RIDE_001,Standard Urban Commute Ride (10 km),Rideshare & Mobility,25.53,24.5,8.0,25.36,0.0,636,4.65,990,174.12,0.0,Standard,Summer,8,5,Saturday,2,1,326.0,325.43,297,7582.41,5206.41
2025-08-02,RIDE_002,Premium Black Airport Transfer,Rideshare & Mobility,67.51,65.0,22.0,68.53,0.0,747,4.04,982,117.62,0.0,Standard,Summer,8,5,Saturday,2,1,115.71,118.57,108,7291.08,4915.08
2025-08-03,APP_001,Premium Merino Wool Sweater,Apparel & Fashion,78.92,79.99,28.0,78.34,0.0,482,4.79,946,78.27,0.0,Standard,Summer,8,6,Sunday,3,1,95.57,94.9,89,7023.88,4531.88
2025-08-03,APP_002,Breathable Performance Running Shoes,Apparel & Fashion,124.48,119.99,42.0,123.8,0.0,364,4.66,991,169.7,0.0,Enterprise,Summer,8,6,Sunday,3,1,113.43,129.17,83,10331.84,6845.84
2025-08-03,APP_003,Classic Waterproof Trench Coat,Apparel & Fashion,145.56,149.99,55.0,137.19,5.0,235,4.66,886,190.62,0.0,Standard,Summer,8,6,Sunday,3,1,39.0,39.57,35,5094.6,3169.6
2025-08-03,ELEC_001,Pro Wireless Noise-Cancelling Headphones,Electronics,181.11,199.99,85.0,194.73,10.0,814,4.31,927,192.84,0.0,Budget,Summer,8,6,Sunday,3,1,75.0,79.4,94,17024.34,9034.34
2025-08-03,ELEC_002,Ultra HD 4K Smart TV 55-inch,Electronics,534.09,549.99,280.0,553.98,0.0,249,4.76,895,90.64,0.0,Budget,Summer,8,6,Sunday,3,1,33.0,34.23,38,20295.42,9655.42
2025-08-03,ELEC_003,Smart Fitness Watch Gen-4,Electronics,131.93,129.99,50.0,125.32,0.0,439,4.32,1013,138.92,0.0,Standard,Summer,8,6,Sunday,3,1,96.57,102.53,85,11214.05,6964.05
2025-08-03,ELEC_004,Ergonomic Mechanical Keyboard,Electronics,94.25,89.99,35.0,97.5,0.0,459,4.31,888,116.57,0.0,Budget,Summer,8,6,Sunday,3,1,64.43,64.07,68,6409.0,4029.0
2025-08-03,HOME_001,Espresso Machine & Milk Frother,Home & Living,167.1,159.99,65.0,162.36,0.0,102,4.53,908,118.78,0.0,Budget,Summer,8,6,Sunday,3,1,47.0,42.4,42,7018.2,4288.2
2025-08-03,HOME_002,Cordless Handheld Vacuum Cleaner,Home & Living,96.05,99.99,40.0,96.92,0.0,199,4.52,863,155.03,0.0,Premium,Summer,8,6,Sunday,3,1,69.29,66.83,61,5859.05,3419.05
2025-08-03,HOSP_001,Deluxe City Center King Room (Per Night),Hospitality & Stays,222.47,175.0,45.0,182.12,0.0,407,4.89,920,153.97,0.0,Premium,Summer,8,6,Sunday,3,1,175.0,188.97,119,26473.93,21118.93
2025-08-03,HOSP_002,Executive Skyline Suite (Per Night),Hospitality & Stays,435.12,350.0,90.0,355.75,0.0,183,4.58,938,197.6,0.0,Budget,Summer,8,6,Sunday,3,1,35.43,33.53,33,14358.96,11388.96
2025-08-03,RIDE_001,Standard Urban Commute Ride (10 km),Rideshare & Mobility,19.23,24.5,8.0,24.67,25.0,557,4.19,948,184.54,0.0,Premium,Summer,8,6,Sunday,3,1,368.43,342.9,636,12230.28,7142.28
2025-08-03,RIDE_002,Premium Black Airport Transfer,Rideshare & Mobility,50.68,65.0,22.0,58.46,25.0,627,4.06,867,140.26,0.0,Enterprise,Summer,8,6,Sunday,3,1,116.71,119.3,120,6081.6,3441.6
2025-08-04,APP_001,Premium Merino Wool Sweater,Apparel & Fashion,66.94,79.99,28.0,71.33,20.0,372,4.16,849,180.28,0.0,Standard,Summer,8,0,Monday,4,0,96.0,96.1,110,7363.4,4283.4
2025-08-04,APP_002,Breathable Performance Running Shoes,Apparel & Fashion,117.94,119.99,42.0,119.94,0.0,268,4.76,870,181.63,0.0,Enterprise,Summer,8,0,Monday,4,0,107.43,127.83,96,11322.24,7290.24
2025-08-04,APP_003,Classic Waterproof Trench Coat,Apparel & Fashion,150.72,149.99,55.0,145.34,0.0,192,4.82,892,144.53,0.0,Budget,Summer,8,0,Monday,4,0,40.0,39.73,43,6480.96,4115.96
2025-08-04,ELEC_001,Pro Wireless Noise-Cancelling Headphones,Electronics,191.04,199.99,85.0,200.66,0.0,762,4.38,955,185.38,0.0,Enterprise,Summer,8,0,Monday,4,0,74.43,75.93,52,9934.08,5514.08
2025-08-04,ELEC_002,Ultra HD 4K Smart TV 55-inch,Electronics,552.45,549.99,280.0,534.41,0.0,218,4.11,873,110.61,0.0,Budget,Summer,8,0,Monday,4,0,32.0,34.3,31,17125.95,8445.95
2025-08-04,ELEC_003,Smart Fitness Watch Gen-4,Electronics,123.93,129.99,50.0,132.66,0.0,323,4.29,861,173.52,0.0,Standard,Summer,8,0,Monday,4,0,97.29,103.57,116,14375.88,8575.88
2025-08-04,ELEC_004,Ergonomic Mechanical Keyboard,Electronics,94.08,89.99,35.0,89.35,0.0,419,4.45,940,134.59,0.0,Premium,Summer,8,0,Monday,4,0,60.71,63.27,40,3763.2,2363.2
2025-08-04,HOME_001,Espresso Machine & Milk Frother,Home & Living,167.33,159.99,65.0,170.25,0.0,504,4.21,912,59.38,0.0,Standard,Summer,8,0,Monday,4,0,46.14,42.47,41,6860.53,4195.53
2025-08-04,HOME_002,Cordless Handheld Vacuum Cleaner,Home & Living,101.12,99.99,40.0,111.7,0.0,125,4.56,872,162.05,0.0,Budget,Summer,8,0,Monday,4,0,69.86,65.67,74,7482.88,4522.88
2025-08-04,HOSP_001,Deluxe City Center King Room (Per Night),Hospitality & Stays,178.87,175.0,45.0,182.39,0.0,232,4.34,981,81.98,0.0,Budget,Summer,8,0,Monday,4,0,169.86,190.57,175,31302.25,23427.25
2025-08-04,HOSP_002,Executive Skyline Suite (Per Night),Hospitality & Stays,363.9,350.0,90.0,370.15,0.0,155,4.56,943,225.49,0.0,Standard,Summer,8,0,Monday,4,0,34.71,33.7,28,10189.2,7669.2
2025-08-04,RIDE_001,Standard Urban Commute Ride (10 km),Rideshare & Mobility,25.0,24.5,8.0,24.62,0.0,94,4.71,886,141.0,0.0,Budget,Summer,8,0,Monday,4,0,371.43,333.53,463,11575.0,7871.0
2025-08-04,RIDE_002,Premium Black Airport Transfer,Rideshare & Mobility,66.15,65.0,22.0,64.14,0.0,497,4.63,972,173.12,0.0,Budget,Summer,8,0,Monday,4,0,122.14,119.13,130,8599.5,5739.5
2025-08-05,APP_001,Premium Merino Wool Sweater,Apparel & Fashion,81.8,79.99,28.0,85.16,0.0,277,4.64,870,180.32,0.0,Budget,Summer,8,1,Tuesday,5,0,98.0,96.0,95,7771.0,5111.0
2025-08-05,APP_002,Breathable Performance Running Shoes,Apparel & Fashion,117.75,119.99,42.0,125.27,0.0,153,4.14,887,158.5,0.0,Premium,Summer,8,1,Tuesday,5,0,103.71,127.5,115,13541.25,8711.25
2025-08-05,APP_003,Classic Waterproof Trench Coat,Apparel & Fashion,151.16,149.99,55.0,148.33,0.0,161,4.49,891,200.67,0.0,Premium,Summer,8,1,Tuesday,5,0,39.71,40.03,31,4685.96,2980.96
2025-08-05,ELEC_001,Pro Wireless Noise-Cancelling Headphones,Electronics,189.31,199.99,85.0,207.93,5.0,659,4.87,869,85.39,0.0,Budget,Summer,8,1,Tuesday,5,0,78.29,76.57,103,19498.93,10743.93
2025-08-05,ELEC_002,Ultra HD 4K Smart TV 55-inch,Electronics,542.66,549.99,280.0,595.36,0.0,178,4.35,896,124.8,0.0,Budget,Summer,8,1,Tuesday,5,0,32.14,34.5,40,21706.4,10506.4
2025-08-05,ELEC_003,Smart Fitness Watch Gen-4,Electronics,102.91,129.99,50.0,123.03,20.0,161,4.16,988,131.39,0.0,Standard,Summer,8,1,Tuesday,5,0,106.14,104.03,162,16671.42,8571.42
2025-08-05,ELEC_004,Ergonomic Mechanical Keyboard,Electronics,87.76,89.99,35.0,96.73,0.0,347,4.29,925,149.8,0.0,Budget,Summer,8,1,Tuesday,5,0,66.14,63.57,72,6318.72,3798.72
2025-08-05,HOME_001,Espresso Machine & Milk Frother,Home & Living,166.31,159.99,65.0,159.61,0.0,461,4.78,915,152.59,0.0,Budget,Summer,8,1,Tuesday,5,0,43.86,42.6,43,7151.33,4356.33
2025-08-05,HOME_002,Cordless Handheld Vacuum Cleaner,Home & Living,100.63,99.99,40.0,97.54,0.0,795,4.29,902,172.03,0.0,Standard,Summer,8,1,Tuesday,5,0,67.0,66.13,58,5836.54,3516.54
2025-08-05,HOSP_001,Deluxe City Center King Room (Per Night),Hospitality & Stays,167.23,175.0,45.0,183.13,0.0,432,4.73,927,121.5,0.0,Budget,Summer,8,1,Tuesday,5,0,182.86,191.63,232,38797.36,28357.36
2025-08-05,HOSP_002,Executive Skyline Suite (Per Night),Hospitality & Stays,350.34,350.0,90.0,348.86,0.0,128,4.59,994,124.38,0.0,Premium,Summer,8,1,Tuesday,5,0,33.86,33.57,27,9459.18,7029.18
2025-08-05,RIDE_001,Standard Urban Commute Ride (10 km),Rideshare & Mobility,25.26,24.5,8.0,26.23,0.0,701,4.2,875,150.19,0.0,Standard,Summer,8,1,Tuesday,5,0,348.14,322.2,94,2374.44,1622.44
2025-08-05,RIDE_002,Premium Black Airport Transfer,Rideshare & Mobility,65.73,65.0,22.0,62.43,0.0,407,4.15,952,187.87,0.0,Standard,Summer,8,1,Tuesday,5,0,108.43,118.1,90,5915.7,3935.7
2025-08-06,APP_001,Premium Merino Wool Sweater,Apparel & Fashion,82.88,79.99,28.0,77.79,0.0,197,4.12,874,169.63,0.0,Standard,Summer,8,2,Wednesday,6,0,97.43,95.63,80,6630.4,4390.4
2025-08-06,APP_002,Breathable Performance Running Shoes,Apparel & Fashion,118.57,119.99,42.0,111.07,0.0,822,4.88,946,171.71,0.0,Standard,Summer,8,2,Wednesday,6,0,103.57,125.97,121,14346.97,9264.97
2025-08-06,APP_003,Classic Waterproof Trench Coat,Apparel & Fashion,144.55,149.99,55.0,145.05,0.0,118,4.42,921,144.79,0.0,Budget,Summer,8,2,Wednesday,6,0,40.43,39.8,43,6215.65,3850.65
2025-08-06,ELEC_001,Pro Wireless Noise-Cancelling Headphones,Electronics,207.0,199.99,85.0,195.72,0.0,604,4.51,906,109.37,0.0,Premium,Summer,8,2,Wednesday,6,0,76.29,76.67,55,11385.0,6710.0
2025-08-06,ELEC_002,Ultra HD 4K Smart TV 55-inch,Electronics,565.26,549.99,280.0,518.72,0.0,147,4.77,889,133.63,0.0,Standard,Summer,8,2,Wednesday,6,0,33.29,34.4,31,17523.06,8843.06
2025-08-06,ELEC_003,Smart Fitness Watch Gen-4,Electronics,130.34,129.99,50.0,125.69,0.0,838,4.29,934,131.94,0.0,Budget,Summer,8,2,Wednesday,6,0,103.29,101.53,93,12121.62,7471.62
2025-08-06,ELEC_004,Ergonomic Mechanical Keyboard,Electronics,94.08,89.99,35.0,88.51,0.0,279,4.76,998,153.59,0.0,Budget,Summer,8,2,Wednesday,6,0,69.0,63.97,68,6397.44,4017.44
2025-08-06,HOME_001,Espresso Machine & Milk Frother,Home & Living,114.99,159.99,65.0,145.82,25.0,390,4.0,899,88.0,0.0,Premium,Summer,8,2,Wednesday,6,0,44.71,42.03,71,8164.29,3549.29
2025-08-06,HOME_002,Cordless Handheld Vacuum Cleaner,Home & Living,74.67,99.99,40.0,94.86,25.0,646,4.41,871,150.55,0.0,Standard,Summer,8,2,Wednesday,6,0,76.43,68.87,149,11125.83,5165.83
2025-08-06,HOSP_001,Deluxe City Center King Room (Per Night),Hospitality & Stays,180.03,175.0,45.0,171.16,0.0,258,4.4,956,125.42,0.0,Standard,Summer,8,2,Wednesday,6,0,171.43,186.13,174,31325.22,23495.22
2025-08-06,HOSP_002,Executive Skyline Suite (Per Night),Hospitality & Stays,335.12,350.0,90.0,361.25,0.0,83,4.12,941,167.92,0.0,Budget,Summer,8,2,Wednesday,6,0,35.14,34.1,45,15080.4,11030.4
2025-08-06,RIDE_001,Standard Urban Commute Ride (10 km),Rideshare & Mobility,25.23,24.5,8.0,26.34,0.0,289,4.78,896,141.55,0.0,Budget,Summer,8,2,Wednesday,6,0,344.29,327.67,412,10394.76,7098.76
2025-08-06,RIDE_002,Premium Black Airport Transfer,Rideshare & Mobility,54.31,65.0,22.0,62.69,15.0,284,4.78,961,103.36,0.0,Premium,Summer,8,2,Wednesday,6,0,112.86,119.1,123,6680.13,3974.13
2025-08-07,APP_001,Premium Merino Wool Sweater,Apparel & Fashion,62.71,79.99,28.0,77.26,20.0,658,4.41,964,160.26,0.0,Standard,Summer,8,3,Thursday,7,0,103.71,98.4,157,9845.47,5449.47
2025-08-07,APP_002,Breathable Performance Running Shoes,Apparel & Fashion,124.38,119.99,42.0,121.38,0.0,702,4.32,901,120.52,0.0,Budget,Summer,8,3,Thursday,7,0,108.57,126.17,120,14925.6,9885.6
2025-08-07,APP_003,Classic Waterproof Trench Coat,Apparel & Fashion,141.71,149.99,55.0,140.63,10.0,780,4.87,946,133.26,0.0,Budget,Summer,8,3,Thursday,7,0,43.14,40.67,56,7935.76,4855.76
2025-08-07,ELEC_001,Pro Wireless Noise-Cancelling Headphones,Electronics,200.86,199.99,85.0,197.03,0.0,547,4.07,943,107.11,0.0,Budget,Summer,8,3,Thursday,7,0,73.43,76.37,57,11449.02,6604.02
2025-08-07,ELEC_002,Ultra HD 4K Smart TV 55-inch,Electronics,523.03,549.99,280.0,539.09,0.0,119,4.37,927,198.81,0.0,Premium,Summer,8,3,Thursday,7,0,33.43,34.07,28,14644.84,6804.84
2025-08-07,ELEC_003,Smart Fitness Watch Gen-4,Electronics,124.94,129.99,50.0,137.0,0.0,726,4.13,940,96.65,0.0,Budget,Summer,8,3,Thursday,7,0,103.43,102.6,112,13993.28,8393.28
2025-08-07,ELEC_004,Ergonomic Mechanical Keyboard,Electronics,85.62,89.99,35.0,91.84,0.0,209,4.67,974,140.61,0.0,Standard,Summer,8,3,Thursday,7,0,72.0,63.6,70,5993.4,3543.4
2025-08-07,HOME_001,Espresso Machine & Milk Frother,Home & Living,131.66,159.99,65.0,153.7,20.0,312,4.53,940,143.86,0.0,Budget,Summer,8,3,Thursday,7,0,50.0,43.2,78,10269.48,5199.48
2025-08-07,HOME_002,Cordless Handheld Vacuum Cleaner,Home & Living,76.07,99.99,40.0,102.76,25.0,493,4.27,914,245.15,0.0,Budget,Summer,8,3,Thursday,7,0,88.86,72.27,153,11638.71,5518.71
2025-08-07,HOSP_001,Deluxe City Center King Room (Per Night),Hospitality & Stays,179.76,175.0,45.0,174.86,0.0,787,4.35,830,199.83,0.0,Budget,Summer,8,3,Thursday,7,0,171.14,184.13,196,35232.96,26412.96
2025-08-07,HOSP_002,Executive Skyline Suite (Per Night),Hospitality & Stays,342.71,350.0,90.0,353.18,5.0,608,4.71,883,156.25,0.0,Budget,Summer,8,3,Thursday,7,0,36.43,34.0,37,12680.27,9350.27
2025-08-07,RIDE_001,Standard Urban Commute Ride (10 km),Rideshare & Mobility,24.6,24.5,8.0,28.48,0.0,431,4.1,946,180.36,0.0,Budget,Summer,8,3,Thursday,7,0,372.14,327.07,289,7109.4,4797.4
2025-08-07,RIDE_002,Premium Black Airport Transfer,Rideshare & Mobility,66.24,65.0,22.0,64.41,0.0,178,4.03,914,162.54,0.0,Budget,Summer,8,3,Thursday,7,0,115.0,120.43,106,7021.44,4689.44
2025-08-08,APP_001,Premium Merino Wool Sweater,Apparel & Fashion,76.53,79.99,28.0,79.04,0.0,558,4.2,830,242.44,0.0,Budget,Summer,8,4,Friday,8,0,105.71,98.83,100,7653.0,4853.0
2025-08-08,APP_002,Breathable Performance Running Shoes,Apparel & Fashion,120.04,119.99,42.0,126.97,0.0,580,4.74,981,111.22,0.0,Standard,Summer,8,4,Friday,8,0,113.43,126.67,122,14644.88,9520.88
2025-08-08,APP_003,Classic Waterproof Trench Coat,Apparel & Fashion,147.43,149.99,55.0,147.72,0.0,748,4.69,961,192.15,0.0,Enterprise,Summer,8,4,Friday,8,0,41.29,40.5,32,4717.76,2957.76
2025-08-08,ELEC_001,Pro Wireless Noise-Cancelling Headphones,Electronics,203.01,199.99,85.0,195.51,0.0,492,4.49,1038,150.83,0.0,Premium,Summer,8,4,Friday,8,0,71.57,75.23,55,11165.55,6490.55
2025-08-08,ELEC_002,Ultra HD 4K Smart TV 55-inch,Electronics,547.04,549.99,280.0,575.76,0.0,88,4.65,908,177.25,0.0,Standard,Summer,8,4,Friday,8,0,32.86,34.37,31,16958.24,8278.24
2025-08-08,ELEC_003,Smart Fitness Watch Gen-4,Electronics,131.34,129.99,50.0,128.37,0.0,624,4.66,949,167.88,0.0,Standard,Summer,8,4,Friday,8,0,106.43,102.47,102,13396.68,8296.68
2025-08-08,ELEC_004,Ergonomic Mechanical Keyboard,Electronics,93.4,89.99,35.0,88.52,0.0,143,4.61,936,172.23,0.0,Budget,Summer,8,4,Friday,8,0,63.0,63.67,66,6164.4,3854.4
2025-08-08,HOME_001,Espresso Machine & Milk Frother,Home & Living,158.27,159.99,65.0,160.43,0.0,276,4.12,973,156.51,0.0,Premium,Summer,8,4,Friday,8,0,49.57,43.27,36,5697.72,3357.72
2025-08-08,HOME_002,Cordless Handheld Vacuum Cleaner,Home & Living,91.57,99.99,40.0,105.92,10.0,398,4.76,1002,80.88,0.0,Budget,Summer,8,4,Friday,8,0,94.29,73.0,95,8699.15,4899.15
2025-08-08,HOSP_001,Deluxe City Center King Room (Per Night),Hospitality & Stays,176.27,175.0,45.0,172.12,0.0,586,4.69,897,211.54,0.0,Budget,Summer,8,4,Friday,8,0,175.29,183.17,201,35430.27,26385.27
2025-08-08,HOSP_002,Executive Skyline Suite (Per Night),Hospitality & Stays,365.66,350.0,90.0,385.19,0.0,580,4.47,891,175.3,0.0,Standard,Summer,8,4,Friday,8,0,35.57,33.87,28,10238.48,7718.48
2025-08-08,RIDE_001,Standard Urban Commute Ride (10 km),Rideshare & Mobility,25.64,24.5,8.0,24.15,0.0,665,4.59,909,123.16,0.0,Budget,Summer,8,4,Friday,8,0,374.57,335.5,431,11050.84,7602.84
2025-08-08,RIDE_002,Premium Black Airport Transfer,Rideshare & Mobility,61.94,65.0,22.0,66.56,0.0,821,4.5,1041,144.21,0.0,Standard,Summer,8,4,Friday,8,0,114.0,120.57,121,7494.74,4832.74
2025-08-09,APP_001,Premium Merino Wool Sweater,Apparel & Fashion,79.27,79.99,28.0,90.07,0.0,456,4.23,1008,108.56,0.0,Budget,Summer,8,5,Saturday,9,1,104.71,100.07,102,8085.54,5229.54
2025-08-09,APP_002,Breathable Performance Running Shoes,Apparel & Fashion,118.89,119.99,42.0,126.9,0.0,443,4.15,858,77.82,0.0,Budget,Summer,8,5,Saturday,9,1,113.43,126.2,137,16287.93,10533.93
2025-08-09,APP_003,Classic Waterproof Trench Coat,Apparel & Fashion,155.12,149.99,55.0,152.53,0.0,706,4.85,949,141.61,0.0,Budget,Summer,8,5,Saturday,9,1,40.29,40.6,42,6515.04,4205.04
2025-08-09,ELEC_001,Pro Wireless Noise-Cancelling Headphones,Electronics,194.02,199.99,85.0,193.52,0.0,434,4.23,937,130.69,0.0,Premium,Summer,8,5,Saturday,9,1,67.71,75.37,58,11253.16,6323.16
2025-08-09,ELEC_002,Ultra HD 4K Smart TV 55-inch,Electronics,548.58,549.99,280.0,561.6,0.0,816,4.3,1017,187.65,0.0,Standard,Summer,8,5,Saturday,9,1,33.14,33.57,33,18103.14,8863.14
2025-08-09,ELEC_003,Smart Fitness Watch Gen-4,Electronics,124.9,129.99,50.0,137.21,0.0,503,4.38,954,128.4,0.0,Budget,Summer,8,5,Saturday,9,1,113.0,103.93,121,15112.9,9062.9
2025-08-09,ELEC_004,Ergonomic Mechanical Keyboard,Electronics,90.76,89.99,35.0,87.31,0.0,782,4.66,959,229.05,0.0,Standard,Summer,8,5,Saturday,9,1,65.57,64.4,75,6807.0,4182.0
2025-08-09,HOME_001,Espresso Machine & Milk Frother,Home & Living,124.6,159.99,65.0,176.45,25.0,194,4.38,963,134.7,0.0,Budget,Summer,8,5,Saturday,9,1,56.14,45.1,82,10217.2,4887.2
2025-08-09,HOME_002,Cordless Handheld Vacuum Cleaner,Home & Living,89.7,99.99,40.0,97.89,10.0,313,4.48,1053,162.23,0.0,Standard,Summer,8,5,Saturday,9,1,96.43,74.6,85,7624.5,4224.5
2025-08-09,HOSP_001,Deluxe City Center King Room (Per Night),Hospitality & Stays,164.5,175.0,45.0,175.88,20.0,307,4.77,992,180.18,0.0,Budget,Summer,8,5,Saturday,9,1,196.57,187.4,279,45895.5,33340.5
2025-08-09,HOSP_002,Executive Skyline Suite (Per Night),Hospitality & Stays,450.59,350.0,90.0,341.17,0.0,553,4.4,963,145.98,0.0,Budget,Summer,8,5,Saturday,9,1,32.14,34.03,27,12165.93,9735.93
2025-08-09,RIDE_001,Standard Urban Commute Ride (10 km),Rideshare & Mobility,25.7,24.5,8.0,22.3,0.0,238,4.31,987,189.57,0.0,Budget,Summer,8,5,Saturday,9,1,393.14,341.6,427,10973.9,7557.9
2025-08-09,RIDE_002,Premium Black Airport Transfer,Rideshare & Mobility,55.8,65.0,22.0,60.26,15.0,633,4.24,910,121.49,0.0,Budget,Summer,8,5,Saturday,9,1,125.43,120.7,188,10490.4,6354.4
2025-08-10,APP_001,Premium Merino Wool Sweater,Apparel & Fashion,79.5,79.99,28.0,81.85,0.0,351,4.72,932,150.23,0.0,Budget,Summer,8,6,Sunday,10,1,107.0,100.03,105,8347.5,5407.5
2025-08-10,APP_002,Breathable Performance Running Shoes,Apparel & Fashion,116.18,119.99,42.0,124.7,0.0,338,4.69,950,119.77,0.0,Premium,Summer,8,6,Sunday,10,1,116.57,122.97,105,12198.9,7788.9
2025-08-10,APP_003,Classic Waterproof Trench Coat,Apparel & Fashion,148.5,149.99,55.0,133.2,0.0,674,4.83,1019,188.4,0.0,Premium,Summer,8,6,Sunday,10,1,39.86,40.67,32,4752.0,2992.0
2025-08-10,ELEC_001,Pro Wireless Noise-Cancelling Headphones,Electronics,207.58,199.99,85.0,185.53,0.0,395,4.78,946,138.33,0.0,Enterprise,Summer,8,6,Sunday,10,1,59.86,74.73,39,8095.62,4780.62
2025-08-10,ELEC_002,Ultra HD 4K Smart TV 55-inch,Electronics,412.16,549.99,280.0,537.58,25.0,747,4.28,1029,150.7,0.0,Budget,Summer,8,6,Sunday,10,1,37.57,35.07,69,28439.04,9119.04
2025-08-10,ELEC_003,Smart Fitness Watch Gen-4,Electronics,121.19,129.99,50.0,132.38,5.0,408,4.42,920,190.15,0.0,Premium,Summer,8,6,Sunday,10,1,114.43,103.93,95,11513.05,6763.05
2025-08-10,ELEC_004,Ergonomic Mechanical Keyboard,Electronics,86.78,89.99,35.0,88.78,0.0,730,4.09,959,157.21,0.0,Premium,Summer,8,6,Sunday,10,1,63.29,64.93,52,4512.56,2692.56
2025-08-10,HOME_001,Espresso Machine & Milk Frother,Home & Living,165.49,159.99,65.0,164.64,0.0,155,4.73,955,111.98,0.0,Standard,Summer,8,6,Sunday,10,1,55.71,45.27,39,6454.11,3919.11
2025-08-10,HOME_002,Cordless Handheld Vacuum Cleaner,Home & Living,88.22,99.99,40.0,101.28,10.0,229,4.07,849,152.22,0.0,Premium,Summer,8,6,Sunday,10,1,99.71,74.3,84,7410.48,4050.48
2025-08-10,HOSP_001,Deluxe City Center King Room (Per Night),Hospitality & Stays,216.51,175.0,45.0,171.66,0.0,176,4.01,955,129.94,0.0,Standard,Summer,8,6,Sunday,10,1,198.29,185.17,131,28362.81,22467.81
2025-08-10,HOSP_002,Executive Skyline Suite (Per Night),Hospitality & Stays,373.03,350.0,90.0,319.76,0.0,512,4.6,901,160.8,0.0,Standard,Summer,8,6,Sunday,10,1,33.29,34.17,41,15294.23,11604.23
2025-08-10,RIDE_001,Standard Urban Commute Ride (10 km),Rideshare & Mobility,24.39,24.5,8.0,23.5,0.0,407,4.78,1005,126.03,0.0,Standard,Summer,8,6,Sunday,10,1,336.29,341.0,238,5804.82,3900.82
2025-08-10,RIDE_002,Premium Black Airport Transfer,Rideshare & Mobility,64.21,65.0,22.0,56.46,0.0,514,4.45,865,118.3,0.0,Budget,Summer,8,6,Sunday,10,1,125.29,117.5,119,7640.99,5022.99
2025-08-11,APP_001,Premium Merino Wool Sweater,Apparel & Fashion,70.73,79.99,28.0,79.52,10.0,220,4.38,997,106.35,0.0,Standard,Summer,8,0,Monday,11,0,110.0,102.5,131,9265.63,5597.63
2025-08-11,APP_002,Breathable Performance Running Shoes,Apparel & Fashion,124.51,119.99,42.0,119.02,0.0,229,4.11,926,86.43,0.0,Budget,Summer,8,0,Monday,11,0,118.43,122.63,109,13571.59,8993.59
2025-08-11,APP_003,Classic Waterproof Trench Coat,Apparel & Fashion,153.11,149.99,55.0,127.53,0.0,639,4.3,942,138.52,0.0,Budget,Summer,8,0,Monday,11,0,38.71,40.97,35,5358.85,3433.85
2025-08-11,ELEC_001,Pro Wireless Noise-Cancelling Headphones,Electronics,200.76,199.99,85.0,199.38,0.0,338,4.45,907,161.95,0.0,Premium,Summer,8,0,Monday,11,0,60.57,74.83,57,11443.32,6598.32
2025-08-11,ELEC_002,Ultra HD 4K Smart TV 55-inch,Electronics,520.14,549.99,280.0,543.14,5.0,712,4.15,860,187.04,0.0,Budget,Summer,8,0,Monday,11,0,38.14,35.4,35,18204.9,8404.9
2025-08-11,ELEC_003,Smart Fitness Watch Gen-4,Electronics,135.59,129.99,50.0,134.97,0.0,331,4.22,923,84.81,0.0,Premium,Summer,8,0,Monday,11,0,108.86,103.07,77,10440.43,6590.43
2025-08-11,ELEC_004,Ergonomic Mechanical Keyboard,Electronics,86.84,89.99,35.0,90.75,0.0,658,4.42,941,187.35,0.0,Standard,Summer,8,0,Monday,11,0,67.86,65.27,72,6252.48,3732.48
2025-08-11,HOME_001,Espresso Machine & Milk Frother,Home & Living,160.69,159.99,65.0,158.88,0.0,109,4.57,908,141.49,0.0,Budget,Summer,8,0,Monday,11,0,56.43,45.83,46,7391.74,4401.74
2025-08-11,HOME_002,Cordless Handheld Vacuum Cleaner,Home & Living,103.33,99.99,40.0,104.29,0.0,180,4.09,983,155.37,0.0,Premium,Summer,8,0,Monday,11,0,96.14,73.87,49,5063.17,3103.17
2025-08-11,HOSP_001,Deluxe City Center King Room (Per Night),Hospitality & Stays,172.47,175.0,45.0,175.61,0.0,732,4.88,954,163.15,0.0,Standard,Summer,8,0,Monday,11,0,197.29,184.6,168,28974.96,21414.96
2025-08-11,HOSP_002,Executive Skyline Suite (Per Night),Hospitality & Stays,271.4,350.0,90.0,359.81,25.0,451,4.52,974,146.7,0.0,Budget,Summer,8,0,Monday,11,0,38.0,35.03,61,16555.4,11065.4
2025-08-11,RIDE_001,Standard Urban Commute Ride (10 km),Rideshare & Mobility,18.83,24.5,8.0,24.91,25.0,497,4.84,914,149.98,0.0,Enterprise,Summer,8,0,Monday,11,0,328.29,340.63,407,7663.81,4407.81
2025-08-11,RIDE_002,Premium Black Airport Transfer,Rideshare & Mobility,64.33,65.0,22.0,63.79,0.0,405,4.67,927,44.87,0.0,Budget,Summer,8,0,Monday,11,0,122.29,117.6,109,7011.97,4613.97
2025-08-12,APP_001,Premium Merino Wool Sweater,Apparel & Fashion,78.29,79.99,28.0,80.79,0.0,144,4.26,958,146.26,0.0,Standard,Summer,8,1,Tuesday,12,0,107.29,101.43,76,5950.04,3822.04
2025-08-12,APP_002,Breathable Performance Running Shoes,Apparel & Fashion,115.81,119.99,42.0,123.53,0.0,104,4.13,973,85.21,0.0,Standard,Summer,8,1,Tuesday,12,0,119.86,123.17,125,14476.25,9226.25
2025-08-12,APP_003,Classic Waterproof Trench Coat,Apparel & Fashion,156.81,149.99,55.0,142.25,0.0,596,4.62,901,126.06,0.0,Budget,Summer,8,1,Tuesday,12,0,40.43,41.33,43,6742.83,4377.83
2025-08-12,ELEC_001,Pro Wireless Noise-Cancelling Headphones,Electronics,194.07,199.99,85.0,213.08,0.0,261,4.47,917,186.77,0.0,Standard,Summer,8,1,Tuesday,12,0,56.86,75.27,77,14943.39,8398.39
2025-08-12,ELEC_002,Ultra HD 4K Smart TV 55-inch,Electronics,524.62,549.99,280.0,557.02,0.0,679,4.45,985,118.79,0.0,Premium,Summer,8,1,Tuesday,12,0,37.14,34.67,33,17312.46,8072.46
2025-08-12,ELEC_003,Smart Fitness Watch Gen-4,Electronics,127.69,129.99,50.0,130.07,0.0,238,4.58,941,163.14,0.0,Premium,Summer,8,1,Tuesday,12,0,99.0,103.1,93,11875.17,7225.17
2025-08-12,ELEC_004,Ergonomic Mechanical Keyboard,Electronics,94.36,89.99,35.0,83.05,0.0,595,4.04,977,156.29,0.0,Budget,Summer,8,1,Tuesday,12,0,66.57,64.6,63,5944.68,3739.68
2025-08-12,HOME_001,Espresso Machine & Milk Frother,Home & Living,152.09,159.99,65.0,159.62,0.0,508,4.36,924,154.56,0.0,Standard,Summer,8,1,Tuesday,12,0,56.71,45.47,45,6844.05,3919.05
2025-08-12,HOME_002,Cordless Handheld Vacuum Cleaner,Home & Living,102.27,99.99,40.0,100.69,0.0,110,4.66,906,93.86,0.0,Budget,Summer,8,1,Tuesday,12,0,97.86,74.1,70,7158.9,4358.9
2025-08-12,HOSP_001,Deluxe City Center King Room (Per Night),Hospitality & Stays,175.86,175.0,45.0,171.72,0.0,570,4.25,989,161.73,0.0,Budget,Summer,8,1,Tuesday,12,0,187.29,176.97,162,28489.32,21199.32
2025-08-12,HOSP_002,Executive Skyline Suite (Per Night),Hospitality & Stays,360.78,350.0,90.0,304.59,0.0,425,4.59,891,173.52,0.0,Standard,Summer,8,1,Tuesday,12,0,37.86,34.43,26,9380.28,7040.28
2025-08-12,RIDE_001,Standard Urban Commute Ride (10 km),Rideshare & Mobility,24.53,24.5,8.0,24.76,0.0,237,4.13,898,214.17,0.0,Premium,Summer,8,1,Tuesday,12,0,352.0,337.1,260,6377.8,4297.8
2025-08-12,RIDE_002,Premium Black Airport Transfer,Rideshare & Mobility,62.42,65.0,22.0,63.56,0.0,302,4.85,975,178.46,0.0,Budget,Summer,8,1,Tuesday,12,0,124.14,114.2,103,6429.26,4163.26
2025-08-13,APP_001,Premium Merino Wool Sweater,Apparel & Fashion,80.49,79.99,28.0,79.64,0.0,554,4.53,943,218.58,0.0,Standard,Summer,8,2,Wednesday,13,0,108.29,102.6,87,7002.63,4566.63
2025-08-13,APP_002,Breathable Performance Running Shoes,Apparel & Fashion,115.79,119.99,42.0,112.31,0.0,720,4.72,922,199.28,0.0,Budget,Summer,8,2,Wednesday,13,0,117.43,122.0,104,12042.16,7674.16
2025-08-13,APP_003,Classic Waterproof Trench Coat,Apparel & Fashion,146.77,149.99,55.0,148.25,0.0,551,4.01,946,153.2,0.0,Standard,Summer,8,2,Wednesday,13,0,40.71,41.33,45,6604.65,4129.65
2025-08-13,ELEC_001,Pro Wireless Noise-Cancelling Headphones,Electronics,208.29,199.99,85.0,211.87,0.0,207,4.48,974,169.39,0.0,Premium,Summer,8,2,Wednesday,13,0,56.71,74.5,54,11247.66,6657.66
2025-08-13,ELEC_002,Ultra HD 4K Smart TV 55-inch,Electronics,409.81,549.99,280.0,569.68,25.0,604,4.26,920,106.32,0.0,Standard,Summer,8,2,Wednesday,13,0,43.43,36.4,75,30735.75,9735.75
2025-08-13,ELEC_003,Smart Fitness Watch Gen-4,Electronics,123.64,129.99,50.0,130.92,0.0,114,4.5,861,189.36,0.0,Standard,Summer,8,2,Wednesday,13,0,103.43,103.0,124,15331.36,9131.36
2025-08-13,ELEC_004,Ergonomic Mechanical Keyboard,Electronics,87.12,89.99,35.0,89.89,0.0,533,4.22,978,165.41,0.0,Premium,Summer,8,2,Wednesday,13,0,65.71,64.17,62,5401.44,3231.44
2025-08-13,HOME_001,Espresso Machine & Milk Frother,Home & Living,163.0,159.99,65.0,165.47,0.0,465,4.29,894,145.58,0.0,Standard,Summer,8,2,Wednesday,13,0,52.71,45.83,43,7009.0,4214.0
2025-08-13,HOME_002,Cordless Handheld Vacuum Cleaner,Home & Living,104.23,99.99,40.0,99.15,0.0,780,4.07,957,236.31,0.0,Premium,Summer,8,2,Wednesday,13,0,84.0,73.43,52,5419.96,3339.96
2025-08-13,HOSP_001,Deluxe City Center King Room (Per Night),Hospitality & Stays,125.51,175.0,45.0,172.63,25.0,626,4.86,913,148.23,0.0,Budget,Summer,8,2,Wednesday,13,0,234.86,189.3,507,63633.57,40818.57
2025-08-13,HOSP_002,Executive Skyline Suite (Per Night),Hospitality & Stays,348.51,350.0,90.0,381.12,0.0,390,4.58,987,113.56,0.0,Standard,Summer,8,2,Wednesday,13,0,36.43,34.8,35,12197.85,9047.85
2025-08-13,RIDE_001,Standard Urban Commute Ride (10 km),Rideshare & Mobility,21.73,24.5,8.0,23.99,15.0,442,4.42,952,131.74,0.0,Enterprise,Summer,8,2,Wednesday,13,0,327.0,335.27,237,5150.01,3254.01
2025-08-13,RIDE_002,Premium Black Airport Transfer,Rideshare & Mobility,64.36,65.0,22.0,63.27,0.0,221,4.52,973,173.01,0.0,Premium,Summer,8,2,Wednesday,13,0,118.14,114.07,81,5213.16,3431.16
2025-08-14,APP_001,Premium Merino Wool Sweater,Apparel & Fashion,73.24,79.99,28.0,82.8,5.0,450,4.88,966,206.01,0.0,Standard,Summer,8,3,Thursday,14,0,100.71,104.37,104,7616.96,4704.96
2025-08-14,APP_002,Breathable Performance Running Shoes,Apparel & Fashion,124.33,119.99,42.0,113.76,0.0,627,4.81,1008,152.58,0.0,Premium,Summer,8,3,Thursday,14,0,113.57,120.8,93,11562.69,7656.69
2025-08-14,APP_003,Classic Waterproof Trench Coat,Apparel & Fashion,146.85,149.99,55.0,150.62,0.0,500,4.27,992,140.34,0.0,Budget,Summer,8,3,Thursday,14,0,40.0,41.33,51,7489.35,4684.35
2025-08-14,ELEC_001,Pro Wireless Noise-Cancelling Headphones,Electronics,195.53,199.99,85.0,208.33,0.0,122,4.89,928,136.61,0.0,Budget,Summer,8,3,Thursday,14,0,60.71,74.57,85,16620.05,9395.05
2025-08-14,ELEC_002,Ultra HD 4K Smart TV 55-inch,Electronics,466.96,549.99,280.0,536.23,15.0,559,4.47,971,101.48,0.0,Premium,Summer,8,3,Thursday,14,0,45.86,36.97,45,21013.2,8413.2
2025-08-14,ELEC_003,Smart Fitness Watch Gen-4,Electronics,98.54,129.99,50.0,125.37,25.0,651,4.35,955,120.26,0.0,Standard,Summer,8,3,Thursday,14,0,103.71,103.97,114,11233.56,5533.56
2025-08-14,ELEC_004,Ergonomic Mechanical Keyboard,Electronics,88.28,89.99,35.0,87.98,5.0,490,4.04,934,104.14,0.0,Premium,Summer,8,3,Thursday,14,0,61.86,63.67,43,3796.04,2291.04
2025-08-14,HOME_001,Espresso Machine & Milk Frother,Home & Living,156.91,159.99,65.0,163.52,0.0,417,4.28,958,233.24,0.0,Standard,Summer,8,3,Thursday,14,0,48.43,45.97,48,7531.68,4411.68
2025-08-14,HOME_002,Cordless Handheld Vacuum Cleaner,Home & Living,77.89,99.99,40.0,99.74,25.0,666,4.45,903,214.52,0.0,Premium,Summer,8,3,Thursday,14,0,78.43,74.57,114,8879.46,4319.46
2025-08-14,HOSP_001,Deluxe City Center King Room (Per Night),Hospitality & Stays,179.53,175.0,45.0,157.82,0.0,464,4.06,888,180.77,0.0,Standard,Summer,8,3,Thursday,14,0,230.0,184.97,162,29083.86,21793.86
2025-08-14,HOSP_002,Executive Skyline Suite (Per Night),Hospitality & Stays,345.71,350.0,90.0,340.2,0.0,360,4.07,947,100.91,0.0,Standard,Summer,8,3,Thursday,14,0,35.43,34.67,30,10371.3,7671.3
2025-08-14,RIDE_001,Standard Urban Commute Ride (10 km),Rideshare & Mobility,25.05,24.5,8.0,24.11,0.0,93,4.68,816,111.67,0.0,Standard,Summer,8,3,Thursday,14,0,335.57,337.67,349,8742.45,5950.45
2025-08-14,RIDE_002,Premium Black Airport Transfer,Rideshare & Mobility,55.44,65.0,22.0,68.42,15.0,775,4.58,860,227.17,0.0,Standard,Summer,8,3,Thursday,14,0,125.86,116.5,160,8870.4,5350.4
2025-08-15,APP_001,Premium Merino Wool Sweater,Apparel & Fashion,83.65,79.99,28.0,74.58,0.0,376,4.42,985,148.03,0.0,Standard,Summer,8,4,Friday,15,0,97.0,101.6,74,6190.1,4118.1
2025-08-15,APP_002,Breathable Performance Running Shoes,Apparel & Fashion,112.28,119.99,42.0,117.44,5.0,470,4.33,955,149.99,0.0,Standard,Summer,8,4,Friday,15,0,118.57,122.1,157,17627.96,11033.96
2025-08-15,APP_003,Classic Waterproof Trench Coat,Apparel & Fashion,152.29,149.99,55.0,149.53,0.0,471,4.42,906,151.02,0.0,Premium,Summer,8,4,Friday,15,0,39.57,41.23,29,4416.41,2821.41
2025-08-15,ELEC_001,Pro Wireless Noise-Cancelling Headphones,Electronics,164.77,199.99,85.0,202.97,20.0,538,4.87,990,115.63,0.0,Enterprise,Summer,8,4,Friday,15,0,66.0,75.13,92,15158.84,7338.84
2025-08-15,ELEC_002,Ultra HD 4K Smart TV 55-inch,Electronics,557.86,549.99,280.0,521.12,0.0,529,4.28,942,98.46,0.0,Standard,Summer,8,4,Friday,15,0,45.71,36.97,30,16735.8,8335.8
2025-08-15,ELEC_003,Smart Fitness Watch Gen-4,Electronics,133.3,129.99,50.0,135.68,0.0,530,4.58,1019,182.03,0.0,Budget,Summer,8,4,Friday,15,0,106.43,105.23,121,16129.3,10079.3
2025-08-15,ELEC_004,Ergonomic Mechanical Keyboard,Electronics,90.53,89.99,35.0,101.19,0.0,434,4.32,892,159.03,0.0,Premium,Summer,8,4,Friday,15,0,60.43,63.27,56,5069.68,3109.68
2025-08-15,HOME_001,Espresso Machine & Milk Frother,Home & Living,152.12,159.99,65.0,158.5,0.0,372,4.87,1000,166.4,0.0,Premium,Summer,8,4,Friday,15,0,49.71,45.83,45,6845.4,3920.4
2025-08-15,HOME_002,Cordless Handheld Vacuum Cleaner,Home & Living,102.19,99.99,40.0,94.96,0.0,595,4.56,953,149.99,0.0,Budget,Summer,8,4,Friday,15,0,75.0,74.67,71,7255.49,4415.49
2025-08-15,HOSP_001,Deluxe City Center King Room (Per Night),Hospitality & Stays,161.37,175.0,45.0,166.43,5.0,274,4.37,928,118.03,0.0,Standard,Summer,8,4,Friday,15,0,228.43,187.33,190,30660.3,22110.3
2025-08-15,HOSP_002,Executive Skyline Suite (Per Night),Hospitality & Stays,342.71,350.0,90.0,321.44,0.0,336,4.5,977,152.62,0.0,Enterprise,Summer,8,4,Friday,15,0,34.86,33.83,24,8225.04,6065.04
2025-08-15,RIDE_001,Standard Urban Commute Ride (10 km),Rideshare & Mobility,20.21,24.5,8.0,25.7,15.0,626,4.03,928,141.83,0.0,Budget,Summer,8,4,Friday,15,0,287.29,329.9,93,1879.53,1135.53
2025-08-15,RIDE_002,Premium Black Airport Transfer,Rideshare & Mobility,67.55,65.0,22.0,71.2,0.0,654,4.57,860,182.9,0.0,Budget,Summer,8,4,Friday,15,0,125.86,116.57,121,8173.55,5511.55
2025-08-16,APP_001,Premium Merino Wool Sweater,Apparel & Fashion,80.95,79.99,28.0,76.21,0.0,307,4.03,947,122.86,0.0,Standard,Summer,8,5,Saturday,16,1,92.29,100.47,69,5585.55,3653.55
2025-08-16,APP_002,Breathable Performance Running Shoes,Apparel & Fashion,115.75,119.99,42.0,125.68,0.0,340,4.26,990,64.24,0.0,Standard,Summer,8,5,Saturday,16,1,117.57,120.53,130,15047.5,9587.5
2025-08-16,APP_003,Classic Waterproof Trench Coat,Apparel & Fashion,153.72,149.99,55.0,153.63,0.0,438,4.14,910,156.27,0.0,Premium,Summer,8,5,Saturday,16,1,38.29,41.17,33,5072.76,3257.76
2025-08-16,ELEC_001,Pro Wireless Noise-Cancelling Headphones,Electronics,198.54,199.99,85.0,189.37,0.0,470,4.15,975,151.31,0.0,Standard,Summer,8,5,Saturday,16,1,67.43,74.8,68,13500.72,7720.72
2025-08-16,ELEC_002,Ultra HD 4K Smart TV 55-inch,Electronics,547.46,549.99,280.0,582.13,0.0,500,4.46,933,178.63,0.0,Premium,Summer,8,5,Saturday,16,1,45.14,35.67,29,15876.34,7756.34
2025-08-16,ELEC_003,Smart Fitness Watch Gen-4,Electronics,134.12,129.99,50.0,123.92,0.0,440,4.53,1028,118.82,0.0,Budget,Summer,8,5,Saturday,16,1,102.0,104.93,90,12070.8,7570.8
2025-08-16,ELEC_004,Ergonomic Mechanical Keyboard,Electronics,89.38,89.99,35.0,92.51,0.0,384,4.54,1012,96.9,0.0,Premium,Summer,8,5,Saturday,16,1,56.86,63.23,50,4469.0,2719.0
2025-08-16,HOME_001,Espresso Machine & Milk Frother,Home & Living,124.71,159.99,65.0,168.13,20.0,286,4.03,848,154.21,0.0,Budget,Summer,8,5,Saturday,16,1,50.29,47.3,86,10725.06,5135.06
2025-08-16,HOME_002,Cordless Handheld Vacuum Cleaner,Home & Living,104.81,99.99,40.0,99.74,0.0,545,4.18,902,115.87,0.0,Standard,Summer,8,5,Saturday,16,1,70.0,73.53,50,5240.5,3240.5
2025-08-16,HOSP_001,Deluxe City Center King Room (Per Night),Hospitality & Stays,179.39,175.0,45.0,184.66,0.0,795,4.64,906,169.5,0.0,Standard,Summer,8,5,Saturday,16,1,221.71,191.33,232,41618.48,31178.48
2025-08-16,HOSP_002,Executive Skyline Suite (Per Night),Hospitality & Stays,449.89,350.0,90.0,364.17,0.0,308,4.79,847,119.03,0.0,Budget,Summer,8,5,Saturday,16,1,35.0,33.67,28,12596.92,10076.92
2025-08-16,RIDE_001,Standard Urban Commute Ride (10 km),Rideshare & Mobility,23.37,24.5,8.0,24.52,0.0,208,4.13,961,163.79,0.0,Premium,Summer,8,5,Saturday,16,1,286.0,335.1,418,9768.66,6424.66
2025-08-16,RIDE_002,Premium Black Airport Transfer,Rideshare & Mobility,65.88,65.0,22.0,62.28,0.0,511,4.62,961,167.74,0.0,Budget,Summer,8,5,Saturday,16,1,119.43,117.5,143,9420.84,6274.84
2025-08-17,APP_001,Premium Merino Wool Sweater,Apparel & Fashion,76.33,79.99,28.0,75.79,0.0,209,4.89,905,148.76,0.0,Standard,Summer,8,6,Sunday,17,1,91.29,100.7,98,7480.34,4736.34
2025-08-17,APP_002,Breathable Performance Running Shoes,Apparel & Fashion,120.41,119.99,42.0,120.08,0.0,212,4.38,922,170.88,0.0,Budget,Summer,8,6,Sunday,17,1,120.86,121.03,128,15412.48,10036.48
2025-08-17,APP_003,Classic Waterproof Trench Coat,Apparel & Fashion,148.45,149.99,55.0,156.18,0.0,396,4.35,912,122.43,0.0,Standard,Summer,8,6,Sunday,17,1,39.71,41.07,42,6234.9,3924.9
2025-08-17,ELEC_001,Pro Wireless Noise-Cancelling Headphones,Electronics,157.09,199.99,85.0,205.79,25.0,326,4.3,972,169.35,0.0,Budget,Summer,8,6,Sunday,17,1,82.43,74.33,144,22620.96,10380.96
2025-08-17,ELEC_002,Ultra HD 4K Smart TV 55-inch,Electronics,565.89,549.99,280.0,543.44,0.0,471,4.54,893,80.42,0.0,Budget,Summer,8,6,Sunday,17,1,39.43,36.0,29,16410.81,8290.81
2025-08-17,ELEC_003,Smart Fitness Watch Gen-4,Electronics,125.64,129.99,50.0,117.81,0.0,333,4.88,945,152.12,0.0,Standard,Summer,8,6,Sunday,17,1,103.71,104.77,107,13443.48,8093.48
2025-08-17,ELEC_004,Ergonomic Mechanical Keyboard,Electronics,93.22,89.99,35.0,83.46,0.0,324,4.61,944,60.53,0.0,Standard,Summer,8,6,Sunday,17,1,58.0,63.43,60,5593.2,3493.2
2025-08-17,HOME_001,Espresso Machine & Milk Frother,Home & Living,164.81,159.99,65.0,148.58,0.0,253,4.8,980,165.93,0.0,Premium,Summer,8,6,Sunday,17,1,49.43,47.1,33,5438.73,3293.73
2025-08-17,HOME_002,Cordless Handheld Vacuum Cleaner,Home & Living,101.44,99.99,40.0,98.43,0.0,480,4.57,955,167.79,0.0,Budget,Summer,8,6,Sunday,17,1,67.29,74.27,65,6593.6,3993.6
2025-08-17,HOSP_001,Deluxe City Center King Room (Per Night),Hospitality & Stays,213.66,175.0,45.0,168.07,0.0,684,4.76,972,193.84,0.0,Premium,Summer,8,6,Sunday,17,1,218.86,189.87,111,23716.26,18721.26
2025-08-17,HOSP_002,Executive Skyline Suite (Per Night),Hospitality & Stays,426.32,350.0,90.0,342.73,0.0,276,4.14,945,182.45,0.0,Budget,Summer,8,6,Sunday,17,1,33.71,33.83,32,13642.24,10762.24
2025-08-17,RIDE_001,Standard Urban Commute Ride (10 km),Rideshare & Mobility,24.95,24.5,8.0,25.17,0.0,638,4.62,854,183.29,0.0,Standard,Summer,8,6,Sunday,17,1,281.71,332.43,208,5189.6,3525.6
2025-08-17,RIDE_002,Premium Black Airport Transfer,Rideshare & Mobility,60.58,65.0,22.0,65.24,5.0,397,4.07,960,154.96,0.0,Premium,Summer,8,6,Sunday,17,1,118.71,118.4,114,6906.12,4398.12
2025-08-18,APP_001,Premium Merino Wool Sweater,Apparel & Fashion,81.93,79.99,28.0,84.38,0.0,117,4.62,858,119.44,0.0,Budget,Summer,8,0,Monday,18,0,85.71,101.1,92,7537.56,4961.56
2025-08-18,APP_002,Breathable Performance Running Shoes,Apparel & Fashion,124.51,119.99,42.0,123.1,0.0,103,4.11,969,26.23,0.0,Budget,Summer,8,0,Monday,18,0,120.86,119.47,109,13571.59,8993.59
2025-08-18,APP_003,Classic Waterproof Trench Coat,Apparel & Fashion,155.52,149.99,55.0,144.76,0.0,358,4.56,972,176.72,0.0,Budget,Summer,8,0,Monday,18,0,40.14,41.5,38,5909.76,3819.76
2025-08-18,ELEC_001,Pro Wireless Noise-Cancelling Headphones,Electronics,195.08,199.99,85.0,202.76,0.0,232,4.74,994,152.79,0.0,Budget,Summer,8,0,Monday,18,0,87.71,75.0,94,18337.52,10347.52
2025-08-18,ELEC_002,Ultra HD 4K Smart TV 55-inch,Electronics,550.77,549.99,280.0,557.49,0.0,445,4.49,927,183.42,0.0,Premium,Summer,8,0,Monday,18,0,38.14,34.3,26,14320.02,7040.02
2025-08-18,ELEC_003,Smart Fitness Watch Gen-4,Electronics,127.41,129.99,50.0,142.97,0.0,214,4.52,908,258.43,0.0,Budget,Summer,8,0,Monday,18,0,109.71,104.6,119,15161.79,9211.79
2025-08-18,ELEC_004,Ergonomic Mechanical Keyboard,Electronics,88.98,89.99,35.0,89.68,0.0,255,4.35,923,148.84,0.0,Budget,Summer,8,0,Monday,18,0,57.57,63.33,69,6139.62,3724.62
2025-08-18,HOME_001,Espresso Machine & Milk Frother,Home & Living,153.66,159.99,65.0,167.02,0.0,208,4.75,963,134.3,0.0,Standard,Summer,8,0,Monday,18,0,49.29,47.37,45,6914.7,3989.7
2025-08-18,HOME_002,Cordless Handheld Vacuum Cleaner,Home & Living,99.97,99.99,40.0,90.19,0.0,421,4.0,1028,183.88,0.0,Standard,Summer,8,0,Monday,18,0,68.71,74.27,59,5898.23,3538.23
2025-08-18,HOSP_001,Deluxe City Center King Room (Per Night),Hospitality & Stays,171.21,175.0,45.0,173.4,0.0,511,4.77,894,77.1,0.0,Standard,Summer,8,0,Monday,18,0,219.57,191.2,173,29619.33,21834.33
2025-08-18,HOSP_002,Executive Skyline Suite (Per Night),Hospitality & Stays,335.55,350.0,90.0,333.52,0.0,240,4.6,917,170.64,0.0,Standard,Summer,8,0,Monday,18,0,30.14,32.97,36,12079.8,8839.8
2025-08-18,RIDE_001,Standard Urban Commute Ride (10 km),Rideshare & Mobility,23.1,24.5,8.0,25.68,5.0,698,4.3,884,115.65,0.0,Standard,Summer,8,0,Monday,18,0,305.29,340.07,572,13213.2,8637.2
2025-08-18,RIDE_002,Premium Black Airport Transfer,Rideshare & Mobility,62.74,65.0,22.0,65.88,0.0,260,4.7,1041,211.55,0.0,Budget,Summer,8,0,Monday,18,0,122.71,119.63,137,8595.38,5581.38
2025-08-19,APP_001,Premium Merino Wool Sweater,Apparel & Fashion,66.69,79.99,28.0,78.3,20.0,520,4.05,943,140.25,0.0,Budget,Summer,8,1,Tuesday,19,0,91.57,101.3,117,7802.73,4526.73
2025-08-19,APP_002,Breathable Performance Running Shoes,Apparel & Fashion,125.25,119.99,42.0,107.66,0.0,429,4.08,915,125.15,0.0,Standard,Summer,8,1,Tuesday,19,0,114.86,118.17,83,10395.75,6909.75
2025-08-19,APP_003,Classic Waterproof Trench Coat,Apparel & Fashion,142.94,149.99,55.0,160.46,0.0,315,4.26,856,85.51,0.0,Premium,Summer,8,1,Tuesday,19,0,40.14,41.23,43,6146.42,3781.42
2025-08-19,ELEC_001,Pro Wireless Noise-Cancelling Headphones,Electronics,204.78,199.99,85.0,194.01,0.0,157,4.17,1042,104.31,0.0,Standard,Summer,8,1,Tuesday,19,0,87.43,74.67,75,15358.5,8983.5
2025-08-19,ELEC_002,Ultra HD 4K Smart TV 55-inch,Electronics,444.07,549.99,280.0,512.49,20.0,392,4.74,980,145.37,0.0,Premium,Summer,8,1,Tuesday,19,0,41.0,35.0,53,23535.71,8695.71
2025-08-19,ELEC_003,Smart Fitness Watch Gen-4,Electronics,93.5,129.99,50.0,125.44,25.0,537,4.69,948,206.18,0.0,Budget,Summer,8,1,Tuesday,19,0,127.0,107.0,214,20009.0,9309.0
2025-08-19,ELEC_004,Ergonomic Mechanical Keyboard,Electronics,90.73,89.99,35.0,91.2,0.0,184,4.29,1099,226.25,0.0,Budget,Summer,8,1,Tuesday,19,0,58.71,62.4,71,6441.83,3956.83
2025-08-19,HOME_001,Espresso Machine & Milk Frother,Home & Living,157.65,159.99,65.0,143.86,0.0,165,4.52,872,134.87,0.0,Standard,Summer,8,1,Tuesday,19,0,49.0,48.0,43,6778.95,3983.95
2025-08-19,HOME_002,Cordless Handheld Vacuum Cleaner,Home & Living,96.38,99.99,40.0,96.26,0.0,376,4.06,962,155.97,0.0,Enterprise,Summer,8,1,Tuesday,19,0,65.14,73.9,45,4337.1,2537.1
2025-08-19,HOSP_001,Deluxe City Center King Room (Per Night),Hospitality & Stays,173.41,175.0,45.0,168.93,0.0,370,4.27,923,151.25,0.0,Premium,Summer,8,1,Tuesday,19,0,216.57,191.63,141,24450.81,18105.81
2025-08-19,HOSP_002,Executive Skyline Suite (Per Night),Hospitality & Stays,355.81,350.0,90.0,337.83,0.0,212,4.84,878,127.37,0.0,Standard,Summer,8,1,Tuesday,19,0,30.43,32.93,28,9962.68,7442.68
2025-08-19,RIDE_001,Standard Urban Commute Ride (10 km),Rideshare & Mobility,23.38,24.5,8.0,22.1,0.0,363,4.62,937,155.96,0.0,Standard,Summer,8,1,Tuesday,19,0,316.0,336.2,335,7832.3,5152.3
2025-08-19,RIDE_002,Premium Black Airport Transfer,Rideshare & Mobility,52.17,65.0,22.0,65.81,20.0,118,4.7,1020,184.69,0.0,Standard,Summer,8,1,Tuesday,19,0,128.29,120.33,142,7408.14,4284.14
2025-08-20,APP_001,Premium Merino Wool Sweater,Apparel & Fashion,61.0,79.99,28.0,77.7,25.0,308,4.33,1045,117.09,0.0,Standard,Summer,8,2,Wednesday,20,0,109.43,102.43,212,12932.0,6996.0
2025-08-20,APP_002,Breathable Performance Running Shoes,Apparel & Fashion,93.46,119.99,42.0,125.39,25.0,180,4.46,945,102.93,0.0,Budget,Summer,8,2,Wednesday,20,0,135.57,119.8,249,23271.54,12813.54
2025-08-20,APP_003,Classic Waterproof Trench Coat,Apparel & Fashion,126.86,149.99,55.0,140.86,15.0,256,4.15,996,101.84,0.0,Budget,Summer,8,2,Wednesday,20,0,42.14,39.97,59,7484.74,4239.74
2025-08-20,ELEC_001,Pro Wireless Noise-Cancelling Headphones,Electronics,195.07,199.99,85.0,207.95,0.0,719,4.03,992,130.44,0.0,Budget,Summer,8,2,Wednesday,20,0,91.86,75.0,85,16580.95,9355.95
2025-08-20,ELEC_002,Ultra HD 4K Smart TV 55-inch,Electronics,572.75,549.99,280.0,568.54,0.0,361,4.88,954,191.56,0.0,Standard,Summer,8,2,Wednesday,20,0,34.71,34.93,31,17755.25,9075.25
2025-08-20,ELEC_003,Smart Fitness Watch Gen-4,Electronics,127.46,129.99,50.0,134.11,0.0,442,4.47,942,193.86,0.0,Budget,Summer,8,2,Wednesday,20,0,122.86,107.43,95,12108.7,7358.7
2025-08-20,ELEC_004,Ergonomic Mechanical Keyboard,Electronics,91.13,89.99,35.0,93.25,0.0,111,4.74,972,222.72,0.0,Budget,Summer,8,2,Wednesday,20,0,60.29,63.23,73,6652.49,4097.49
2025-08-20,HOME_001,Espresso Machine & Milk Frother,Home & Living,144.76,159.99,65.0,163.07,10.0,107,4.0,973,251.82,0.0,Budget,Summer,8,2,Wednesday,20,0,51.14,48.63,58,8396.08,4626.08
2025-08-20,HOME_002,Cordless Handheld Vacuum Cleaner,Home & Living,102.31,99.99,40.0,96.33,0.0,312,4.46,986,235.16,0.0,Standard,Summer,8,2,Wednesday,20,0,66.86,73.7,64,6547.84,3987.84
2025-08-20,HOSP_001,Deluxe City Center King Room (Per Night),Hospitality & Stays,181.23,175.0,45.0,171.23,0.0,208,4.37,990,123.13,0.0,Budget,Summer,8,2,Wednesday,20,0,167.29,192.87,162,29359.26,22069.26
2025-08-20,HOSP_002,Executive Skyline Suite (Per Night),Hospitality & Stays,336.33,350.0,90.0,344.74,0.0,174,4.36,943,166.7,0.0,Budget,Summer,8,2,Wednesday,20,0,30.86,32.9,38,12780.54,9360.54
2025-08-20,RIDE_001,Standard Urban Commute Ride (10 km),Rideshare & Mobility,24.58,24.5,8.0,24.81,0.0,617,4.48,1010,150.69,0.0,Budget,Summer,8,2,Wednesday,20,0,334.0,340.4,363,8922.54,6018.54
2025-08-20,RIDE_002,Premium Black Airport Transfer,Rideshare & Mobility,66.02,65.0,22.0,66.4,0.0,541,4.01,958,176.26,0.0,Premium,Summer,8,2,Wednesday,20,0,127.71,119.17,77,5083.54,3389.54
2025-08-21,APP_001,Premium Merino Wool Sweater,Apparel & Fashion,59.41,79.99,28.0,82.43,25.0,112,4.83,981,109.45,0.0,Budget,Summer,8,3,Thursday,21,0,122.57,104.47,196,11644.36,6156.36
2025-08-21,APP_002,Breathable Performance Running Shoes,Apparel & Fashion,120.25,119.99,42.0,117.63,0.0,799,4.17,888,121.35,0.0,Standard,Summer,8,3,Thursday,21,0,136.71,119.53,101,12145.25,7903.25
2025-08-21,APP_003,Classic Waterproof Trench Coat,Apparel & Fashion,154.88,149.99,55.0,161.66,0.0,222,4.11,977,230.72,0.0,Standard,Summer,8,3,Thursday,21,0,39.71,39.83,34,5265.92,3395.92
2025-08-21,ELEC_001,Pro Wireless Noise-Cancelling Headphones,Electronics,195.58,199.99,85.0,195.97,0.0,623,4.58,990,155.06,0.0,Budget,Summer,8,3,Thursday,21,0,93.43,76.3,96,18775.68,10615.68
2025-08-21,ELEC_002,Ultra HD 4K Smart TV 55-inch,Electronics,397.03,549.99,280.0,520.66,25.0,297,4.59,1019,154.1,0.0,Premium,Summer,8,3,Thursday,21,0,37.43,36.07,64,25409.92,7489.92
2025-08-21,ELEC_003,Smart Fitness Watch Gen-4,Electronics,134.32,129.99,50.0,138.53,0.0,362,4.41,916,127.28,0.0,Premium,Summer,8,3,Thursday,21,0,118.0,106.5,80,10745.6,6745.6
2025-08-21,ELEC_004,Ergonomic Mechanical Keyboard,Electronics,93.92,89.99,35.0,94.8,0.0,727,4.2,902,84.22,0.0,Budget,Summer,8,3,Thursday,21,0,63.14,63.23,63,5916.96,3711.96
2025-08-21,HOME_001,Espresso Machine & Milk Frother,Home & Living,154.33,159.99,65.0,154.74,0.0,579,4.65,920,75.65,0.0,Premium,Summer,8,3,Thursday,21,0,49.14,48.0,34,5247.22,3037.22
2025-08-21,HOME_002,Cordless Handheld Vacuum Cleaner,Home & Living,81.63,99.99,40.0,104.54,20.0,212,4.39,894,127.19,0.0,Premium,Summer,8,3,Thursday,21,0,64.86,74.87,100,8163.0,4163.0
2025-08-21,HOSP_001,Deluxe City Center King Room (Per Night),Hospitality & Stays,177.3,175.0,45.0,187.06,0.0,636,4.85,1064,146.23,0.0,Budget,Summer,8,3,Thursday,21,0,172.29,195.53,197,34928.1,26063.1
2025-08-21,HOSP_002,Executive Skyline Suite (Per Night),Hospitality & Stays,366.8,350.0,90.0,358.95,0.0,147,4.13,927,123.75,0.0,Premium,Summer,8,3,Thursday,21,0,30.43,32.93,27,9903.6,7473.6
2025-08-21,RIDE_001,Standard Urban Commute Ride (10 km),Rideshare & Mobility,20.61,24.5,8.0,25.66,15.0,624,4.6,937,134.15,0.0,Budget,Summer,8,3,Thursday,21,0,372.29,347.2,617,12716.37,7780.37
2025-08-21,RIDE_002,Premium Black Airport Transfer,Rideshare & Mobility,62.08,65.0,22.0,67.47,0.0,433,4.81,918,162.32,0.0,Budget,Summer,8,3,Thursday,21,0,120.29,118.87,108,6704.64,4328.64
2025-08-22,APP_001,Premium Merino Wool Sweater,Apparel & Fashion,77.91,79.99,28.0,84.2,0.0,406,4.86,983,167.4,0.0,Budget,Summer,8,4,Friday,22,0,128.0,105.33,112,8725.92,5589.92
2025-08-22,APP_002,Breathable Performance Running Shoes,Apparel & Fashion,120.87,119.99,42.0,119.3,0.0,668,4.88,948,114.12,0.0,Standard,Summer,8,4,Friday,22,0,133.0,119.8,131,15833.97,10331.97
2025-08-22,APP_003,Classic Waterproof Trench Coat,Apparel & Fashion,143.9,149.99,55.0,158.1,0.0,170,4.63,1012,193.78,0.0,Standard,Summer,8,4,Friday,22,0,43.0,40.23,52,7482.8,4622.8
2025-08-22,ELEC_001,Pro Wireless Noise-Cancelling Headphones,Electronics,207.41,199.99,85.0,210.28,0.0,540,4.69,900,175.39,0.0,Budget,Summer,8,4,Friday,22,0,92.14,76.5,83,17215.03,10160.03
2025-08-22,ELEC_002,Ultra HD 4K Smart TV 55-inch,Electronics,526.72,549.99,280.0,546.52,0.0,259,4.6,1014,127.88,0.0,Standard,Summer,8,4,Friday,22,0,38.57,36.63,38,20015.36,9375.36
2025-08-22,ELEC_003,Smart Fitness Watch Gen-4,Electronics,102.13,129.99,50.0,124.53,25.0,205,4.23,1000,130.89,0.0,Standard,Summer,8,4,Friday,22,0,123.14,108.87,157,16034.41,8184.41
2025-08-22,ELEC_004,Ergonomic Mechanical Keyboard,Electronics,88.73,89.99,35.0,83.64,0.0,668,4.89,927,163.05,0.0,Premium,Summer,8,4,Friday,22,0,63.57,63.03,59,5235.07,3170.07
2025-08-22,HOME_001,Espresso Machine & Milk Frother,Home & Living,158.49,159.99,65.0,176.16,0.0,531,4.3,1032,143.95,0.0,Standard,Summer,8,4,Friday,22,0,49.57,48.17,48,7607.52,4487.52
2025-08-22,HOME_002,Cordless Handheld Vacuum Cleaner,Home & Living,98.47,99.99,40.0,90.6,0.0,155,4.13,1013,142.0,0.0,Standard,Summer,8,4,Friday,22,0,62.86,75.0,57,5612.79,3332.79
2025-08-22,HOSP_001,Deluxe City Center King Room (Per Night),Hospitality & Stays,173.0,175.0,45.0,182.07,0.0,463,4.35,993,79.85,0.0,Premium,Summer,8,4,Friday,22,0,169.86,192.33,173,29929.0,22144.0
2025-08-22,HOSP_002,Executive Skyline Suite (Per Night),Hospitality & Stays,329.2,350.0,90.0,328.01,5.0,121,4.02,858,73.45,0.0,Premium,Summer,8,4,Friday,22,0,30.71,32.73,26,8559.2,6219.2
2025-08-22,RIDE_001,Standard Urban Commute Ride (10 km),Rideshare & Mobility,25.03,24.5,8.0,24.84,0.0,311,4.65,927,129.42,0.0,Premium,Summer,8,4,Friday,22,0,403.71,348.03,313,7834.39,5330.39
2025-08-22,RIDE_002,Premium Black Airport Transfer,Rideshare & Mobility,62.71,65.0,22.0,68.45,0.0,307,4.01,916,168.18,0.0,Standard,Summer,8,4,Friday,22,0,121.0,120.07,126,7901.46,5129.46
2025-08-23,APP_001,Premium Merino Wool Sweater,Apparel & Fashion,80.86,79.99,28.0,84.54,0.0,328,4.35,926,153.02,0.0,Premium,Summer,8,5,Saturday,23,1,129.29,103.37,78,6307.08,4123.08
2025-08-23,APP_002,Breathable Performance Running Shoes,Apparel & Fashion,122.49,119.99,42.0,120.37,0.0,564,4.8,1088,113.72,0.0,Standard,Summer,8,5,Saturday,23,1,129.29,119.43,104,12738.96,8370.96
2025-08-23,APP_003,Classic Waterproof Trench Coat,Apparel & Fashion,129.72,149.99,55.0,153.99,10.0,115,4.79,1034,110.13,0.0,Premium,Summer,8,5,Saturday,23,1,46.14,40.8,55,7134.6,4109.6
2025-08-23,ELEC_001,Pro Wireless Noise-Cancelling Headphones,Electronics,192.21,199.99,85.0,202.72,0.0,460,4.4,1000,194.28,0.0,Standard,Summer,8,5,Saturday,23,1,93.86,76.4,80,15376.8,8576.8
2025-08-23,ELEC_002,Ultra HD 4K Smart TV 55-inch,Electronics,402.36,549.99,280.0,558.54,25.0,176,4.57,889,248.57,0.0,Standard,Summer,8,5,Saturday,23,1,46.29,38.47,83,33395.88,10155.88
2025-08-23,ELEC_003,Smart Fitness Watch Gen-4,Electronics,134.14,129.99,50.0,133.76,0.0,115,4.49,972,147.03,0.0,Standard,Summer,8,5,Saturday,23,1,123.14,108.43,90,12072.6,7572.6
2025-08-23,ELEC_004,Ergonomic Mechanical Keyboard,Electronics,87.94,89.99,35.0,87.9,0.0,599,4.82,864,105.09,0.0,Budget,Summer,8,5,Saturday,23,1,66.29,62.57,69,6067.86,3652.86
2025-08-23,HOME_001,Espresso Machine & Milk Frother,Home & Living,163.08,159.99,65.0,148.96,0.0,494,4.11,1009,67.9,0.0,Standard,Summer,8,5,Saturday,23,1,42.57,48.27,37,6033.96,3628.96
2025-08-23,HOME_002,Cordless Handheld Vacuum Cleaner,Home & Living,96.2,99.99,40.0,94.49,0.0,90,4.47,980,140.19,0.0,Standard,Summer,8,5,Saturday,23,1,65.0,74.67,65,6253.0,3653.0
2025-08-23,HOSP_001,Deluxe City Center King Room (Per Night),Hospitality & Stays,154.56,175.0,45.0,177.55,20.0,194,4.16,927,211.07,0.0,Premium,Summer,8,5,Saturday,23,1,175.14,195.57,269,41576.64,29471.64
2025-08-23,HOSP_002,Executive Skyline Suite (Per Night),Hospitality & Stays,368.4,350.0,90.0,354.7,0.0,83,4.76,947,125.43,0.0,Standard,Summer,8,5,Saturday,23,1,32.14,33.23,38,13999.2,10579.2
2025-08-23,RIDE_001,Standard Urban Commute Ride (10 km),Rideshare & Mobility,21.71,24.5,8.0,24.14,10.0,417,4.37,994,193.4,0.0,Budget,Summer,8,5,Saturday,23,1,388.43,345.13,311,6751.81,4263.81
2025-08-23,RIDE_002,Premium Black Airport Transfer,Rideshare & Mobility,66.96,65.0,22.0,64.39,0.0,214,4.41,894,132.46,0.0,Premium,Summer,8,5,Saturday,23,1,113.86,119.57,93,6227.28,4181.28
2025-08-24,APP_001,Premium Merino Wool Sweater,Apparel & Fashion,81.95,79.99,28.0,80.07,0.0,269,4.81,963,130.66,0.0,Enterprise,Summer,8,6,Sunday,24,1,123.71,102.67,59,4835.05,3183.05
2025-08-24,APP_002,Breathable Performance Running Shoes,Apparel & Fashion,114.49,119.99,42.0,119.41,5.0,418,4.72,987,121.95,0.0,Standard,Summer,8,6,Sunday,24,1,131.86,119.87,146,16715.54,10583.54
2025-08-24,APP_003,Classic Waterproof Trench Coat,Apparel & Fashion,142.54,149.99,55.0,153.32,0.0,83,4.11,976,173.5,0.0,Enterprise,Summer,8,6,Sunday,24,1,44.71,40.3,32,4561.28,2801.28
2025-08-24,ELEC_001,Pro Wireless Noise-Cancelling Headphones,Electronics,152.28,199.99,85.0,202.52,20.0,366,4.38,966,165.53,0.0,Enterprise,Summer,8,6,Sunday,24,1,86.71,77.3,94,14314.32,6324.32
2025-08-24,ELEC_002,Ultra HD 4K Smart TV 55-inch,Electronics,563.91,549.99,280.0,619.14,0.0,143,4.65,1011,140.36,0.0,Standard,Summer,8,6,Sunday,24,1,46.86,38.6,33,18609.03,9369.03
2025-08-24,ELEC_003,Smart Fitness Watch Gen-4,Electronics,135.48,129.99,50.0,125.34,0.0,744,4.77,935,128.88,0.0,Standard,Summer,8,6,Sunday,24,1,121.57,107.6,96,13006.08,8206.08
2025-08-24,ELEC_004,Ergonomic Mechanical Keyboard,Electronics,89.12,89.99,35.0,89.44,0.0,550,4.36,986,156.67,0.0,Premium,Summer,8,6,Sunday,24,1,64.71,62.2,49,4366.88,2651.88
2025-08-24,HOME_001,Espresso Machine & Milk Frother,Home & Living,164.03,159.99,65.0,164.11,0.0,451,4.74,924,149.31,0.0,Budget,Summer,8,6,Sunday,24,1,44.0,48.57,43,7053.29,4258.29
2025-08-24,HOME_002,Cordless Handheld Vacuum Cleaner,Home & Living,103.6,99.99,40.0,98.99,0.0,657,4.72,907,150.53,0.0,Standard,Summer,8,6,Sunday,24,1,64.0,74.33,58,6008.8,3688.8
2025-08-24,HOSP_001,Deluxe City Center King Room (Per Night),Hospitality & Stays,189.47,175.0,45.0,181.09,0.0,601,4.25,931,99.72,0.0,Enterprise,Summer,8,6,Sunday,24,1,178.29,193.0,133,25199.51,19214.51
2025-08-24,HOSP_002,Executive Skyline Suite (Per Night),Hospitality & Stays,445.16,350.0,90.0,320.91,0.0,520,4.36,922,151.82,0.0,Premium,Summer,8,6,Sunday,24,1,30.57,32.87,21,9348.36,7458.36
2025-08-24,RIDE_001,Standard Urban Commute Ride (10 km),Rideshare & Mobility,23.4,24.5,8.0,24.92,0.0,129,4.09,1010,151.8,0.0,Enterprise,Summer,8,6,Sunday,24,1,399.86,349.47,288,6739.2,4435.2
2025-08-24,RIDE_002,Premium Black Airport Transfer,Rideshare & Mobility,66.43,65.0,22.0,67.55,0.0,110,4.07,924,133.33,0.0,Standard,Summer,8,6,Sunday,24,1,112.43,118.1,104,6908.72,4620.72
2025-08-25,APP_001,Premium Merino Wool Sweater,Apparel & Fashion,71.13,79.99,28.0,79.39,10.0,200,4.04,896,107.59,0.0,Enterprise,Summer,8,0,Monday,25,0,120.43,102.33,69,4907.97,2975.97
2025-08-25,APP_002,Breathable Performance Running Shoes,Apparel & Fashion,87.1,119.99,42.0,118.23,25.0,176,4.46,954,115.46,0.0,Budget,Summer,8,0,Monday,25,0,150.86,123.4,242,21078.2,10914.2
2025-08-25,APP_003,Classic Waterproof Trench Coat,Apparel & Fashion,146.9,149.99,55.0,140.63,5.0,759,4.32,984,155.55,0.0,Budget,Summer,8,0,Monday,25,0,45.71,40.87,45,6610.5,4135.5
2025-08-25,ELEC_001,Pro Wireless Noise-Cancelling Headphones,Electronics,209.63,199.99,85.0,205.4,0.0,295,4.56,1016,231.67,0.0,Standard,Summer,8,0,Monday,25,0,83.43,75.2,71,14883.73,8848.73
2025-08-25,ELEC_002,Ultra HD 4K Smart TV 55-inch,Electronics,422.81,549.99,280.0,546.4,20.0,687,4.18,1000,147.51,0.0,Budget,Summer,8,0,Monday,25,0,53.86,40.03,75,31710.75,10710.75
2025-08-25,ELEC_003,Smart Fitness Watch Gen-4,Electronics,127.91,129.99,50.0,130.21,5.0,647,4.24,887,110.85,0.0,Standard,Summer,8,0,Monday,25,0,118.43,107.63,97,12407.27,7557.27
2025-08-25,ELEC_004,Ergonomic Mechanical Keyboard,Electronics,88.16,89.99,35.0,94.92,0.0,477,4.37,1049,124.72,0.0,Standard,Summer,8,0,Monday,25,0,65.29,62.87,73,6435.68,3880.68
2025-08-25,HOME_001,Espresso Machine & Milk Frother,Home & Living,156.74,159.99,65.0,166.32,0.0,401,4.25,1003,170.41,0.0,Budget,Summer,8,0,Monday,25,0,44.71,49.03,50,7837.0,4587.0
2025-08-25,HOME_002,Cordless Handheld Vacuum Cleaner,Home & Living,100.45,99.99,40.0,105.87,0.0,598,4.07,865,120.9,0.0,Standard,Summer,8,0,Monday,25,0,64.0,74.4,59,5926.55,3566.55
2025-08-25,HOSP_001,Deluxe City Center King Room (Per Night),Hospitality & Stays,170.24,175.0,45.0,171.89,5.0,430,4.6,975,124.65,0.0,Standard,Summer,8,0,Monday,25,0,178.0,188.13,171,29111.04,21416.04
2025-08-25,HOSP_002,Executive Skyline Suite (Per Night),Hospitality & Stays,360.39,350.0,90.0,334.94,0.0,490,4.31,945,153.94,0.0,Standard,Summer,8,0,Monday,25,0,29.71,32.97,30,10811.7,8111.7
2025-08-25,RIDE_001,Standard Urban Commute Ride (10 km),Rideshare & Mobility,23.72,24.5,8.0,25.73,0.0,403,4.84,840,79.23,0.0,Premium,Summer,8,0,Monday,25,0,336.57,339.07,129,3059.88,2027.88
2025-08-25,RIDE_002,Premium Black Airport Transfer,Rideshare & Mobility,66.16,65.0,22.0,68.07,0.0,408,4.46,877,126.65,0.0,Premium,Summer,8,0,Monday,25,0,108.57,117.83,110,7277.6,4857.6
2025-08-26,APP_001,Premium Merino Wool Sweater,Apparel & Fashion,82.33,79.99,28.0,80.87,0.0,112,4.89,902,149.54,0.0,Standard,Summer,8,1,Tuesday,26,0,116.29,102.67,88,7245.04,4781.04
2025-08-26,APP_002,Breathable Performance Running Shoes,Apparel & Fashion,103.33,119.99,42.0,130.87,15.0,808,4.35,927,156.84,0.0,Enterprise,Summer,8,1,Tuesday,26,0,157.29,124.97,128,13226.24,7850.24
2025-08-26,APP_003,Classic Waterproof Trench Coat,Apparel & Fashion,156.21,149.99,55.0,142.43,0.0,724,4.31,938,114.15,0.0,Budget,Summer,8,1,Tuesday,26,0,44.57,40.77,35,5467.35,3542.35
2025-08-26,ELEC_001,Pro Wireless Noise-Cancelling Headphones,Electronics,192.4,199.99,85.0,192.23,0.0,230,4.06,1078,81.99,0.0,Premium,Summer,8,1,Tuesday,26,0,82.0,75.47,65,12506.0,6981.0
2025-08-26,ELEC_002,Ultra HD 4K Smart TV 55-inch,Electronics,560.41,549.99,280.0,576.97,0.0,659,4.26,1030,106.14,0.0,Premium,Summer,8,1,Tuesday,26,0,50.29,40.03,28,15691.48,7851.48
2025-08-26,ELEC_003,Smart Fitness Watch Gen-4,Electronics,124.08,129.99,50.0,133.32,0.0,545,4.84,1013,190.95,0.0,Premium,Summer,8,1,Tuesday,26,0,102.43,108.43,102,12656.16,7556.16
2025-08-26,ELEC_004,Ergonomic Mechanical Keyboard,Electronics,72.81,89.99,35.0,93.5,20.0,380,4.48,847,192.47,0.0,Premium,Summer,8,1,Tuesday,26,0,69.0,64.1,97,7062.57,3667.57
2025-08-26,HOME_001,Espresso Machine & Milk Frother,Home & Living,159.03,159.99,65.0,161.44,0.0,354,4.73,1014,189.95,0.0,Budget,Summer,8,1,Tuesday,26,0,45.29,49.0,47,7474.41,4419.41
2025-08-26,HOME_002,Cordless Handheld Vacuum Cleaner,Home & Living,83.53,99.99,40.0,99.75,20.0,490,4.53,944,66.14,0.0,Budget,Summer,8,1,Tuesday,26,0,73.0,75.63,108,9021.24,4701.24
2025-08-26,HOSP_001,Deluxe City Center King Room (Per Night),Hospitality & Stays,174.01,175.0,45.0,180.8,0.0,302,4.45,1080,208.18,0.0,Premium,Summer,8,1,Tuesday,26,0,176.14,189.73,128,22273.28,16513.28
2025-08-26,HOSP_002,Executive Skyline Suite (Per Night),Hospitality & Stays,341.0,350.0,90.0,346.21,0.0,457,4.25,981,183.73,0.0,Standard,Summer,8,1,Tuesday,26,0,30.43,33.13,33,11253.0,8283.0
2025-08-26,RIDE_001,Standard Urban Commute Ride (10 km),Rideshare & Mobility,24.53,24.5,8.0,24.94,0.0,148,4.07,936,122.04,0.0,Premium,Summer,8,1,Tuesday,26,0,325.14,336.27,255,6255.15,4215.15
2025-08-26,RIDE_002,Premium Black Airport Transfer,Rideshare & Mobility,67.84,65.0,22.0,63.52,0.0,291,4.26,978,174.83,0.0,Budget,Summer,8,1,Tuesday,26,0,105.0,117.97,117,7937.28,5363.28
2025-08-27,APP_001,Premium Merino Wool Sweater,Apparel & Fashion,80.03,79.99,28.0,79.41,0.0,485,4.63,927,115.9,0.0,Premium,Summer,8,2,Wednesday,27,0,97.43,101.77,80,6402.4,4162.4
2025-08-27,APP_002,Breathable Performance Running Shoes,Apparel & Fashion,117.06,119.99,42.0,117.84,0.0,701,4.2,940,101.99,0.0,Premium,Summer,8,2,Wednesday,27,0,137.0,123.93,107,12525.42,8031.42
2025-08-27,APP_003,Classic Waterproof Trench Coat,Apparel & Fashion,151.71,149.99,55.0,152.03,0.0,689,4.07,924,153.8,0.0,Standard,Summer,8,2,Wednesday,27,0,41.14,40.73,35,5309.85,3384.85
2025-08-27,ELEC_001,Pro Wireless Noise-Cancelling Headphones,Electronics,165.63,199.99,85.0,206.55,20.0,96,4.6,1052,186.1,0.0,Budget,Summer,8,2,Wednesday,27,0,89.0,78.07,134,22194.42,10804.42
2025-08-27,ELEC_002,Ultra HD 4K Smart TV 55-inch,Electronics,541.37,549.99,280.0,530.94,0.0,630,4.3,985,84.53,0.0,Premium,Summer,8,2,Wednesday,27,0,50.0,39.73,29,15699.73,7579.73
2025-08-27,ELEC_003,Smart Fitness Watch Gen-4,Electronics,131.62,129.99,50.0,127.52,0.0,443,4.77,1055,134.68,0.0,Budget,Summer,8,2,Wednesday,27,0,103.43,108.13,102,13425.24,8325.24
2025-08-27,ELEC_004,Ergonomic Mechanical Keyboard,Electronics,91.59,89.99,35.0,96.3,0.0,316,4.81,997,202.64,0.0,Standard,Summer,8,2,Wednesday,27,0,67.71,64.03,64,5861.76,3621.76
2025-08-27,HOME_001,Espresso Machine & Milk Frother,Home & Living,155.8,159.99,65.0,150.56,0.0,313,4.34,960,74.13,0.0,Standard,Summer,8,2,Wednesday,27,0,42.86,48.8,41,6387.8,3722.8
2025-08-27,HOME_002,Cordless Handheld Vacuum Cleaner,Home & Living,101.8,99.99,40.0,104.99,0.0,446,4.67,931,102.12,0.0,Enterprise,Summer,8,2,Wednesday,27,0,70.14,74.77,44,4479.2,2719.2
2025-08-27,HOSP_001,Deluxe City Center King Room (Per Night),Hospitality & Stays,177.5,175.0,45.0,187.18,0.0,112,4.52,1017,146.28,0.0,Budget,Summer,8,2,Wednesday,27,0,180.14,189.03,190,33725.0,25175.0
2025-08-27,HOSP_002,Executive Skyline Suite (Per Night),Hospitality & Stays,361.45,350.0,90.0,371.01,0.0,427,4.38,1008,130.55,0.0,Budget,Summer,8,2,Wednesday,27,0,29.29,33.03,30,10843.5,8143.5
2025-08-27,RIDE_001,Standard Urban Commute Ride (10 km),Rideshare & Mobility,19.73,24.5,8.0,24.83,20.0,711,4.72,949,155.34,0.0,Premium,Summer,8,2,Wednesday,27,0,294.43,326.47,148,2920.04,1736.04
2025-08-27,RIDE_002,Premium Black Airport Transfer,Rideshare & Mobility,64.25,65.0,22.0,65.46,0.0,182,4.65,1002,177.39,0.0,Budget,Summer,8,2,Wednesday,27,0,109.57,118.53,109,7003.25,4605.25
2025-08-28,APP_001,Premium Merino Wool Sweater,Apparel & Fashion,82.57,79.99,28.0,84.14,0.0,399,4.88,968,87.84,0.0,Budget,Summer,8,3,Thursday,28,0,81.71,101.93,86,7101.02,4693.02
2025-08-28,APP_002,Breathable Performance Running Shoes,Apparel & Fashion,122.29,119.99,42.0,117.8,0.0,595,4.18,974,155.79,0.0,Standard,Summer,8,3,Thursday,28,0,137.71,122.77,106,12962.74,8510.74
2025-08-28,APP_003,Classic Waterproof Trench Coat,Apparel & Fashion,137.23,149.99,55.0,155.83,10.0,631,4.06,950,186.27,0.0,Budget,Summer,8,3,Thursday,28,0,44.57,41.57,58,7959.34,4769.34
2025-08-28,ELEC_001,Pro Wireless Noise-Cancelling Headphones,Electronics,190.68,199.99,85.0,198.95,0.0,598,4.52,969,120.65,0.0,Premium,Summer,8,3,Thursday,28,0,85.14,77.83,69,13156.92,7291.92
2025-08-28,ELEC_002,Ultra HD 4K Smart TV 55-inch,Electronics,559.5,549.99,280.0,555.68,0.0,596,4.45,950,146.07,0.0,Budget,Summer,8,3,Thursday,28,0,45.71,39.57,34,19023.0,9503.0
2025-08-28,ELEC_003,Smart Fitness Watch Gen-4,Electronics,101.8,129.99,50.0,136.33,20.0,268,4.08,991,143.26,0.0,Standard,Summer,8,3,Thursday,28,0,117.0,110.63,175,17815.0,9065.0
2025-08-28,ELEC_004,Ergonomic Mechanical Keyboard,Electronics,85.9,89.99,35.0,90.53,5.0,251,4.45,945,151.56,0.0,Budget,Summer,8,3,Thursday,28,0,68.0,65.07,65,5583.5,3308.5
2025-08-28,HOME_001,Espresso Machine & Milk Frother,Home & Living,152.95,159.99,65.0,181.32,0.0,259,4.68,943,151.2,0.0,Standard,Summer,8,3,Thursday,28,0,45.71,48.63,54,8259.3,4749.3
2025-08-28,HOME_002,Cordless Handheld Vacuum Cleaner,Home & Living,98.93,99.99,40.0,99.16,0.0,378,4.57,1025,114.41,0.0,Standard,Summer,8,3,Thursday,28,0,65.57,74.43,68,6727.24,4007.24
2025-08-28,HOSP_001,Deluxe City Center King Room (Per Night),Hospitality & Stays,180.27,175.0,45.0,175.54,0.0,612,4.25,973,115.6,0.0,Standard,Summer,8,3,Thursday,28,0,168.0,188.07,112,20190.24,15150.24
2025-08-28,HOSP_002,Executive Skyline Suite (Per Night),Hospitality & Stays,288.88,350.0,90.0,336.81,20.0,373,4.8,930,141.44,0.0,Standard,Summer,8,3,Thursday,28,0,33.14,33.73,54,15599.52,10739.52
2025-08-28,RIDE_001,Standard Urban Commute Ride (10 km),Rideshare & Mobility,21.53,24.5,8.0,23.63,15.0,298,4.15,989,142.54,0.0,Premium,Summer,8,3,Thursday,28,0,265.29,331.67,413,8891.89,5587.89
2025-08-28,RIDE_002,Premium Black Airport Transfer,Rideshare & Mobility,58.01,65.0,22.0,62.83,15.0,519,4.08,955,122.27,0.0,Standard,Summer,8,3,Thursday,28,0,109.29,115.87,106,6149.06,3817.06
2025-08-29,APP_001,Premium Merino Wool Sweater,Apparel & Fashion,59.15,79.99,28.0,80.81,25.0,226,4.58,922,210.37,0.0,Premium,Summer,8,4,Friday,29,0,90.43,104.9,173,10232.95,5388.95
2025-08-29,APP_002,Breathable Performance Running Shoes,Apparel & Fashion,114.67,119.99,42.0,124.58,0.0,446,4.04,1016,128.94,0.0,Budget,Summer,8,4,Friday,29,0,140.29,123.67,149,17085.83,10827.83
2025-08-29,APP_003,Classic Waterproof Trench Coat,Apparel & Fashion,147.35,149.99,55.0,147.81,0.0,594,4.53,991,188.84,0.0,Standard,Summer,8,4,Friday,29,0,42.43,41.53,37,5451.95,3416.95
2025-08-29,ELEC_001,Pro Wireless Noise-Cancelling Headphones,Electronics,207.57,199.99,85.0,202.64,0.0,524,4.51,1012,41.87,0.0,Budget,Summer,8,4,Friday,29,0,83.86,78.0,74,15360.18,9070.18
2025-08-29,ELEC_002,Ultra HD 4K Smart TV 55-inch,Electronics,534.04,549.99,280.0,536.9,0.0,560,4.71,976,121.98,0.0,Standard,Summer,8,4,Friday,29,0,45.43,40.0,36,19225.44,9145.44
2025-08-29,ELEC_003,Smart Fitness Watch Gen-4,Electronics,125.25,129.99,50.0,125.84,0.0,160,4.26,1033,162.58,0.0,Budget,Summer,8,4,Friday,29,0,110.0,110.47,108,13527.0,8127.0
2025-08-29,ELEC_004,Ergonomic Mechanical Keyboard,Electronics,86.35,89.99,35.0,86.47,0.0,198,4.14,967,141.53,0.0,Premium,Summer,8,4,Friday,29,0,67.14,65.23,53,4576.55,2721.55
2025-08-29,HOME_001,Espresso Machine & Milk Frother,Home & Living,167.44,159.99,65.0,165.6,0.0,218,4.52,1025,231.83,0.0,Budget,Summer,8,4,Friday,29,0,44.71,47.83,41,6865.04,4200.04
2025-08-29,HOME_002,Cordless Handheld Vacuum Cleaner,Home & Living,95.91,99.99,40.0,105.78,0.0,291,4.69,938,158.39,0.0,Standard,Summer,8,4,Friday,29,0,69.86,74.57,87,8344.17,4864.17
2025-08-29,HOSP_001,Deluxe City Center King Room (Per Night),Hospitality & Stays,180.11,175.0,45.0,161.95,0.0,474,4.4,959,132.06,0.0,Premium,Summer,8,4,Friday,29,0,163.0,184.2,138,24855.18,18645.18
2025-08-29,HOSP_002,Executive Skyline Suite (Per Night),Hospitality & Stays,293.25,350.0,90.0,352.65,15.0,330,4.06,1065,179.02,0.0,Budget,Summer,8,4,Friday,29,0,35.57,33.97,43,12609.75,8739.75
2025-08-29,RIDE_001,Standard Urban Commute Ride (10 km),Rideshare & Mobility,24.3,24.5,8.0,25.04,0.0,664,4.49,903,129.21,0.0,Budget,Summer,8,4,Friday,29,0,263.14,326.97,298,7241.4,4857.4
2025-08-29,RIDE_002,Premium Black Airport Transfer,Rideshare & Mobility,66.93,65.0,22.0,66.0,0.0,419,4.31,1094,120.34,0.0,Standard,Summer,8,4,Friday,29,0,105.57,116.13,100,6693.0,4493.0
2025-08-30,APP_001,Premium Merino Wool Sweater,Apparel & Fashion,82.72,79.99,28.0,89.15,0.0,139,4.69,1005,134.0,0.0,Standard,Summer,8,5,Saturday,30,1,91.71,104.03,87,7196.64,4760.64
2025-08-30,APP_002,Breathable Performance Running Shoes,Apparel & Fashion,96.68,119.99,42.0,118.47,20.0,270,4.09,923,167.99,0.0,Standard,Summer,8,5,Saturday,30,1,150.57,126.7,176,17015.68,9623.68
2025-08-30,APP_003,Classic Waterproof Trench Coat,Apparel & Fashion,147.53,149.99,55.0,152.66,0.0,559,4.76,1029,178.82,0.0,Standard,Summer,8,5,Saturday,30,1,39.57,41.47,35,5163.55,3238.55
2025-08-30,ELEC_001,Pro Wireless Noise-Cancelling Headphones,Electronics,207.84,199.99,85.0,214.73,0.0,448,4.4,964,214.49,0.0,Standard,Summer,8,5,Saturday,30,1,83.29,77.97,76,15795.84,9335.84
2025-08-30,ELEC_002,Ultra HD 4K Smart TV 55-inch,Electronics,507.81,549.99,280.0,549.36,10.0,514,4.45,950,100.54,0.0,Budget,Summer,8,5,Saturday,30,1,40.14,40.63,46,23359.26,10479.26
2025-08-30,ELEC_003,Smart Fitness Watch Gen-4,Electronics,130.51,129.99,50.0,131.3,0.0,80,4.41,986,138.67,0.0,Standard,Summer,8,5,Saturday,30,1,108.57,109.43,80,10440.8,6440.8
2025-08-30,ELEC_004,Ergonomic Mechanical Keyboard,Electronics,91.49,89.99,35.0,96.43,0.0,132,4.21,1034,51.89,0.0,Budget,Summer,8,5,Saturday,30,1,66.71,65.8,66,6038.34,3728.34
2025-08-30,HOME_001,Espresso Machine & Milk Frother,Home & Living,123.82,159.99,65.0,157.41,25.0,131,4.82,887,128.85,0.0,Standard,Summer,8,5,Saturday,30,1,51.86,49.37,87,10772.34,5117.34
2025-08-30,HOME_002,Cordless Handheld Vacuum Cleaner,Home & Living,97.89,99.99,40.0,101.65,0.0,216,4.72,1006,147.28,0.0,Budget,Summer,8,5,Saturday,30,1,71.29,74.87,75,7341.75,4341.75
2025-08-30,HOSP_001,Deluxe City Center King Room (Per Night),Hospitality & Stays,156.63,175.0,45.0,181.5,25.0,159,4.82,940,139.24,0.0,Standard,Summer,8,5,Saturday,30,1,169.57,188.1,315,49338.45,35163.45
2025-08-30,HOSP_002,Executive Skyline Suite (Per Night),Hospitality & Stays,371.53,350.0,90.0,374.01,10.0,296,4.83,1008,181.76,0.0,Premium,Summer,8,5,Saturday,30,1,35.0,34.17,34,12632.02,9572.02
2025-08-30,RIDE_001,Standard Urban Commute Ride (10 km),Rideshare & Mobility,20.99,24.5,8.0,24.6,10.0,682,4.71,968,128.89,0.0,Standard,Summer,8,5,Saturday,30,1,310.57,345.27,643,13496.57,8352.57
2025-08-30,RIDE_002,Premium Black Airport Transfer,Rideshare & Mobility,65.62,65.0,22.0,66.61,0.0,290,4.4,916,175.98,0.0,Standard,Summer,8,5,Saturday,30,1,110.71,117.4,129,8464.98,5626.98
2025-08-31,APP_001,Premium Merino Wool Sweater,Apparel & Fashion,76.58,79.99,28.0,79.45,0.0,80,4.18,980,170.09,0.0,Enterprise,Summer,8,6,Sunday,31,1,91.71,103.13,59,4518.22,2866.22
2025-08-31,APP_002,Breathable Performance Running Shoes,Apparel & Fashion,114.12,119.99,42.0,121.84,0.0,131,4.79,1007,179.58,0.0,Standard,Summer,8,6,Sunday,31,1,149.57,128.4,139,15862.68,10024.68
2025-08-31,APP_003,Classic Waterproof Trench Coat,Apparel & Fashion,145.71,149.99,55.0,140.12,0.0,516,4.26,935,143.36,0.0,Budget,Summer,8,6,Sunday,31,1,41.14,41.4,43,6265.53,3900.53
2025-08-31,ELEC_001,Pro Wireless Noise-Cancelling Headphones,Electronics,192.07,199.99,85.0,189.85,0.0,395,4.35,1023,236.84,0.0,Enterprise,Summer,8,6,Sunday,31,1,77.43,77.47,53,10179.71,5674.71
2025-08-31,ELEC_002,Ultra HD 4K Smart TV 55-inch,Electronics,539.51,549.99,280.0,573.55,0.0,476,4.4,1067,159.17,0.0,Budget,Summer,8,6,Sunday,31,1,40.86,40.73,38,20501.38,9861.38
2025-08-31,ELEC_003,Smart Fitness Watch Gen-4,Electronics,128.6,129.99,50.0,143.56,0.0,608,4.87,962,221.02,0.0,Standard,Summer,8,6,Sunday,31,1,106.29,109.4,80,10288.0,6288.0
2025-08-31,ELEC_004,Ergonomic Mechanical Keyboard,Electronics,89.75,89.99,35.0,89.59,0.0,463,4.7,1101,172.34,0.0,Standard,Summer,8,6,Sunday,31,1,69.86,63.87,71,6372.25,3887.25
2025-08-31,HOME_001,Espresso Machine & Milk Frother,Home & Living,166.89,159.99,65.0,165.94,0.0,99,4.73,1002,167.65,0.0,Premium,Summer,8,6,Sunday,31,1,50.29,49.13,32,5340.48,3260.48
2025-08-31,HOME_002,Cordless Handheld Vacuum Cleaner,Home & Living,101.22,99.99,40.0,95.36,0.0,163,4.67,1030,220.75,0.0,Premium,Summer,8,6,Sunday,31,1,70.57,74.73,53,5364.66,3244.66
2025-08-31,HOSP_001,Deluxe City Center King Room (Per Night),Hospitality & Stays,153.03,175.0,45.0,164.94,25.0,404,4.33,1009,102.0,0.0,Budget,Summer,8,6,Sunday,31,1,173.29,187.67,159,24331.77,17176.77
2025-08-31,HOSP_002,Executive Skyline Suite (Per Night),Hospitality & Stays,422.12,350.0,90.0,343.04,0.0,262,4.74,922,148.31,0.0,Budget,Summer,8,6,Sunday,31,1,36.86,34.17,34,14352.08,11292.08
2025-08-31,RIDE_001,Standard Urban Commute Ride (10 km),Rideshare & Mobility,21.1,24.5,8.0,24.11,15.0,172,4.02,989,130.79,0.0,Premium,Summer,8,6,Sunday,31,1,342.29,348.47,510,10761.0,6681.0
2025-08-31,RIDE_002,Premium Black Airport Transfer,Rideshare & Mobility,64.13,65.0,22.0,69.9,0.0,193,4.1,1018,146.89,0.0,Premium,Summer,8,6,Sunday,31,1,109.71,116.37,97,6220.61,4086.61
2025-09-01,APP_001,Premium Merino Wool Sweater,Apparel & Fashion,70.73,79.99,28.0,77.77,15.0,789,4.33,947,120.13,0.0,Standard,Fall,9,0,Monday,1,0,93.29,102.17,80,5658.4,3418.4
2025-09-01,APP_002,Breathable Performance Running Shoes,Apparel & Fashion,118.05,119.99,42.0,117.39,0.0,836,4.32,995,127.83,0.0,Premium,Fall,9,0,Monday,1,0,126.71,126.57,82,9680.1,6236.1
2025-09-01,APP_003,Classic Waterproof Trench Coat,Apparel & Fashion,143.17,149.99,55.0,150.7,0.0,469,4.1,1010,168.31,0.0,Budget,Fall,9,0,Monday,1,0,41.43,41.33,47,6728.99,4143.99
2025-09-01,ELEC_001,Pro Wireless Noise-Cancelling Headphones,Electronics,202.67,199.99,85.0,214.78,0.0,340,4.06,1016,120.3,0.0,Standard,Fall,9,0,Monday,1,0,75.14,76.47,55,11146.85,6471.85
2025-09-01,ELEC_002,Ultra HD 4K Smart TV 55-inch,Electronics,536.37,549.99,280.0,523.62,0.0,444,4.82,918,169.89,0.0,Budget,Fall,9,0,Monday,1,0,34.71,40.77,32,17163.84,8203.84
2025-09-01,ELEC_003,Smart Fitness Watch Gen-4,Electronics,126.98,129.99,50.0,135.28,0.0,501,4.7,943,229.2,0.0,Budget,Fall,9,0,Monday,1,0,107.71,110.47,107,13586.86,8236.86
2025-09-01,ELEC_004,Ergonomic Mechanical Keyboard,Electronics,89.55,89.99,35.0,79.45,0.0,403,4.54,955,137.26,0.0,Budget,Fall,9,0,Monday,1,0,68.0,63.97,60,5373.0,3273.0
2025-09-01,HOME_001,Espresso Machine & Milk Frother,Home & Living,115.09,159.99,65.0,177.26,25.0,760,4.54,992,145.37,0.0,Budget,Fall,9,0,Monday,1,0,57.29,51.23,99,11393.91,4958.91
2025-09-01,HOME_002,Cordless Handheld Vacuum Cleaner,Home & Living,97.96,99.99,40.0,97.86,0.0,103,4.59,1015,162.18,0.0,Premium,Fall,9,0,Monday,1,0,70.71,74.4,60,5877.6,3477.6
2025-09-01,HOSP_001,Deluxe City Center King Room (Per Night),Hospitality & Stays,133.47,175.0,45.0,172.78,25.0,177,4.1,953,52.86,0.0,Standard,Fall,9,0,Monday,1,0,181.29,190.9,227,30297.69,20082.69
2025-09-01,HOSP_002,Executive Skyline Suite (Per Night),Hospitality & Stays,358.24,350.0,90.0,330.39,0.0,243,4.62,918,172.67,0.0,Budget,Fall,9,0,Monday,1,0,35.29,33.1,19,6806.56,5096.56
2025-09-01,RIDE_001,Standard Urban Commute Ride (10 km),Rideshare & Mobility,23.9,24.5,8.0,24.77,5.0,622,4.31,964,184.85,0.0,Budget,Fall,9,0,Monday,1,0,348.43,344.3,172,4110.8,2734.8
2025-09-01,RIDE_002,Premium Black Airport Transfer,Rideshare & Mobility,65.9,65.0,22.0,69.03,0.0,728,4.76,952,163.07,0.0,Budget,Fall,9,0,Monday,1,0,113.43,117.3,136,8962.4,5970.4
2025-09-02,APP_001,Premium Merino Wool Sweater,Apparel & Fashion,80.75,79.99,28.0,81.9,0.0,736,4.62,995,187.48,0.0,Enterprise,Fall,9,1,Tuesday,2,0,88.29,100.97,53,4279.75,2795.75
2025-09-02,APP_002,Breathable Performance Running Shoes,Apparel & Fashion,124.33,119.99,42.0,130.75,0.0,730,4.18,983,111.01,0.0,Standard,Fall,9,1,Tuesday,2,0,123.57,127.33,106,13178.98,8726.98
2025-09-02,APP_003,Classic Waterproof Trench Coat,Apparel & Fashion,143.4,149.99,55.0,157.09,0.0,426,4.54,871,125.33,0.0,Standard,Fall,9,1,Tuesday,2,0,42.57,41.6,43,6166.2,3801.2
2025-09-02,ELEC_001,Pro Wireless Noise-Cancelling Headphones,Electronics,169.1,199.99,85.0,197.79,15.0,244,4.43,884,188.51,0.0,Premium,Fall,9,1,Tuesday,2,0,79.57,76.53,96,16233.6,8073.6
2025-09-02,ELEC_002,Ultra HD 4K Smart TV 55-inch,Electronics,442.0,549.99,280.0,568.98,20.0,396,4.62,1001,153.71,0.0,Standard,Fall,9,1,Tuesday,2,0,37.57,41.1,48,21216.0,7776.0
2025-09-02,ELEC_003,Smart Fitness Watch Gen-4,Electronics,126.07,129.99,50.0,145.38,0.0,400,4.87,969,219.59,0.0,Standard,Fall,9,1,Tuesday,2,0,107.57,111.0,101,12733.07,7683.07
2025-09-02,ELEC_004,Ergonomic Mechanical Keyboard,Electronics,91.33,89.99,35.0,85.99,0.0,357,4.07,939,205.08,0.0,Premium,Fall,9,1,Tuesday,2,0,60.71,63.23,46,4201.18,2591.18
2025-09-02,HOME_001,Espresso Machine & Milk Frother,Home & Living,134.09,159.99,65.0,172.99,15.0,691,4.58,947,135.93,0.0,Budget,Fall,9,1,Tuesday,2,0,60.43,52.13,69,9252.21,4767.21
2025-09-02,HOME_002,Cordless Handheld Vacuum Cleaner,Home & Living,104.69,99.99,40.0,98.56,0.0,514,4.05,901,166.79,0.0,Budget,Fall,9,1,Tuesday,2,0,64.29,74.47,63,6595.47,4075.47
2025-09-02,HOSP_001,Deluxe City Center King Room (Per Night),Hospitality & Stays,170.99,175.0,45.0,168.2,0.0,467,4.31,1046,96.73,0.0,Standard,Fall,9,1,Tuesday,2,0,178.86,190.63,111,18979.89,13984.89
2025-09-02,HOSP_002,Executive Skyline Suite (Per Night),Hospitality & Stays,271.73,350.0,90.0,384.68,25.0,216,4.09,1038,134.94,0.0,Premium,Fall,9,1,Tuesday,2,0,34.43,32.9,27,7336.71,4906.71
2025-09-02,RIDE_001,Standard Urban Commute Ride (10 km),Rideshare & Mobility,24.85,24.5,8.0,24.02,0.0,289,4.63,985,185.87,0.0,Standard,Fall,9,1,Tuesday,2,0,359.57,334.2,333,8275.05,5611.05
2025-09-02,RIDE_002,Premium Black Airport Transfer,Rideshare & Mobility,68.06,65.0,22.0,63.47,0.0,662,4.08,993,181.7,0.0,Premium,Fall,9,1,Tuesday,2,0,106.14,115.5,66,4491.96,3039.96
2025-09-03,APP_001,Premium Merino Wool Sweater,Apparel & Fashion,82.81,79.99,28.0,70.15,0.0,668,4.58,982,152.21,0.0,Budget,Fall,9,2,Wednesday,3,0,86.57,99.57,68,5631.08,3727.08
2025-09-03,APP_002,Breathable Performance Running Shoes,Apparel & Fashion,115.24,119.99,42.0,112.64,0.0,641,4.05,1034,143.09,0.0,Premium,Fall,9,2,Wednesday,3,0,121.0,127.1,89,10256.36,6518.36
2025-09-03,APP_003,Classic Waterproof Trench Coat,Apparel & Fashion,156.05,149.99,55.0,155.89,0.0,392,4.09,1035,155.26,0.0,Budget,Fall,9,2,Wednesday,3,0,42.43,41.3,34,5305.7,3435.7
2025-09-03,ELEC_001,Pro Wireless Noise-Cancelling Headphones,Electronics,198.76,199.99,85.0,195.14,0.0,177,4.2,1028,129.66,0.0,Budget,Fall,9,2,Wednesday,3,0,70.0,77.03,67,13316.92,7621.92
2025-09-03,ELEC_002,Ultra HD 4K Smart TV 55-inch,Electronics,550.72,549.99,280.0,572.94,0.0,374,4.1,898,94.66,0.0,Standard,Fall,9,2,Wednesday,3,0,36.57,40.8,22,12115.84,5955.84
2025-09-03,ELEC_003,Smart Fitness Watch Gen-4,Electronics,130.56,129.99,50.0,122.75,0.0,321,4.49,903,105.17,0.0,Standard,Fall,9,2,Wednesday,3,0,104.29,109.77,79,10314.24,6364.24
2025-09-03,ELEC_004,Ergonomic Mechanical Keyboard,Electronics,93.72,89.99,35.0,85.17,0.0,295,4.52,950,147.15,0.0,Budget,Fall,9,2,Wednesday,3,0,60.43,63.97,62,5810.64,3640.64
2025-09-03,HOME_001,Espresso Machine & Milk Frother,Home & Living,164.94,159.99,65.0,162.36,0.0,646,4.29,1022,125.59,0.0,Budget,Fall,9,2,Wednesday,3,0,61.0,52.27,45,7422.3,4497.3
2025-09-03,HOME_002,Cordless Handheld Vacuum Cleaner,Home & Living,102.12,99.99,40.0,94.45,0.0,461,4.33,1006,105.68,0.0,Standard,Fall,9,2,Wednesday,3,0,65.57,73.77,53,5412.36,3292.36
2025-09-03,HOSP_001,Deluxe City Center King Room (Per Night),Hospitality & Stays,174.94,175.0,45.0,180.69,0.0,349,4.66,928,139.72,0.0,Standard,Fall,9,2,Wednesday,3,0,168.57,188.73,118,20642.92,15332.92
2025-09-03,HOSP_002,Executive Skyline Suite (Per Night),Hospitality & Stays,343.92,350.0,90.0,328.4,5.0,194,4.61,911,131.92,0.0,Standard,Fall,9,2,Wednesday,3,0,33.29,32.7,22,7566.24,5586.24
2025-09-03,RIDE_001,Standard Urban Commute Ride (10 km),Rideshare & Mobility,23.74,24.5,8.0,26.87,0.0,501,4.29,996,144.3,0.0,Standard,Fall,9,2,Wednesday,3,0,379.71,328.4,289,6860.86,4548.86
2025-09-03,RIDE_002,Premium Black Airport Transfer,Rideshare & Mobility,64.25,65.0,22.0,65.69,0.0,560,4.07,882,145.51,0.0,Budget,Fall,9,2,Wednesday,3,0,105.14,114.57,102,6553.5,4309.5
2025-09-04,APP_001,Premium Merino Wool Sweater,Apparel & Fashion,82.38,79.99,28.0,77.26,0.0,601,4.04,1047,136.67,0.0,Budget,Fall,9,3,Thursday,4,0,83.86,98.63,67,5519.46,3643.46
2025-09-04,APP_002,Breathable Performance Running Shoes,Apparel & Fashion,117.82,119.99,42.0,113.7,0.0,548,4.3,963,114.84,0.0,Premium,Fall,9,3,Thursday,4,0,119.14,126.37,93,10957.26,7051.26
2025-09-04,APP_003,Classic Waterproof Trench Coat,Apparel & Fashion,144.39,149.99,55.0,148.95,0.0,360,4.6,961,123.63,0.0,Premium,Fall,9,3,Thursday,4,0,38.71,41.33,32,4620.48,2860.48
2025-09-04,ELEC_001,Pro Wireless Noise-Cancelling Headphones,Electronics,200.62,199.99,85.0,194.18,0.0,115,4.79,1034,132.57,0.0,Standard,Fall,9,3,Thursday,4,0,69.0,75.67,62,12438.44,7168.44
2025-09-04,ELEC_002,Ultra HD 4K Smart TV 55-inch,Electronics,454.14,549.99,280.0,554.42,20.0,318,4.32,1052,169.86,0.0,Standard,Fall,9,3,Thursday,4,0,39.71,41.33,56,25431.84,9751.84
2025-09-04,ELEC_003,Smart Fitness Watch Gen-4,Electronics,131.35,129.99,50.0,129.62,0.0,240,4.59,989,182.35,0.0,Standard,Fall,9,3,Thursday,4,0,90.86,107.07,81,10639.35,6589.35
2025-09-04,ELEC_004,Ergonomic Mechanical Keyboard,Electronics,87.43,89.99,35.0,90.28,0.0,229,4.65,955,135.57,0.0,Standard,Fall,9,3,Thursday,4,0,60.57,63.77,66,5770.38,3460.38
2025-09-04,HOME_001,Espresso Machine & Milk Frother,Home & Living,154.78,159.99,65.0,147.22,0.0,594,4.47,938,94.88,0.0,Budget,Fall,9,3,Thursday,4,0,60.71,52.57,52,8048.56,4668.56
2025-09-04,HOME_002,Cordless Handheld Vacuum Cleaner,Home & Living,93.95,99.99,40.0,99.31,10.0,390,4.15,1060,170.92,0.0,Standard,Fall,9,3,Thursday,4,0,66.0,74.2,71,6670.45,3830.45
2025-09-04,HOSP_001,Deluxe City Center King Room (Per Night),Hospitality & Stays,175.42,175.0,45.0,165.97,0.0,259,4.34,877,156.67,0.0,Premium,Fall,9,3,Thursday,4,0,165.43,184.0,90,15787.8,11737.8
2025-09-04,HOSP_002,Executive Skyline Suite (Per Night),Hospitality & Stays,350.42,350.0,90.0,358.37,0.0,173,4.9,1045,177.07,0.0,Premium,Fall,9,3,Thursday,4,0,28.57,32.5,21,7358.82,5468.82
2025-09-04,RIDE_001,Standard Urban Commute Ride (10 km),Rideshare & Mobility,23.6,24.5,8.0,25.19,0.0,87,4.64,1028,148.76,0.0,Standard,Fall,9,3,Thursday,4,0,379.86,339.07,414,9770.4,6458.4
2025-09-04,RIDE_002,Premium Black Airport Transfer,Rideshare & Mobility,62.9,65.0,22.0,64.82,0.0,446,4.12,1003,177.89,0.0,Budget,Fall,9,3,Thursday,4,0,106.29,115.37,114,7170.6,4662.6
2025-09-05,APP_001,Premium Merino Wool Sweater,Apparel & Fashion,77.86,79.99,28.0,79.25,0.0,514,4.75,1019,105.68,0.0,Standard,Fall,9,4,Friday,5,0,71.57,98.87,87,6773.82,4337.82
2025-09-05,APP_002,Breathable Performance Running Shoes,Apparel & Fashion,124.01,119.99,42.0,128.75,0.0,451,4.52,1112,133.64,0.0,Standard,Fall,9,4,Friday,5,0,111.71,125.57,97,12028.97,7954.97
2025-09-05,APP_003,Classic Waterproof Trench Coat,Apparel & Fashion,150.34,149.99,55.0,152.94,0.0,331,4.17,1021,155.3,0.0,Standard,Fall,9,4,Friday,5,0,37.57,40.87,29,4359.86,2764.86
2025-09-05,ELEC_001,Pro Wireless Noise-Cancelling Headphones,Electronics,193.29,199.99,85.0,199.35,0.0,553,4.35,964,173.17,0.0,Standard,Fall,9,4,Friday,5,0,68.43,76.17,70,13530.3,7580.3
2025-09-05,ELEC_002,Ultra HD 4K Smart TV 55-inch,Electronics,524.64,549.99,280.0,578.42,0.0,288,4.41,1067,156.72,0.0,Premium,Fall,9,4,Friday,5,0,38.86,41.3,30,15739.2,7339.2
2025-09-05,ELEC_003,Smart Fitness Watch Gen-4,Electronics,134.16,129.99,50.0,125.91,0.0,160,4.77,1058,128.34,0.0,Budget,Fall,9,4,Friday,5,0,86.86,106.63,80,10732.8,6732.8
2025-09-05,ELEC_004,Ergonomic Mechanical Keyboard,Electronics,94.42,89.99,35.0,97.52,0.0,173,4.31,948,103.09,0.0,Budget,Fall,9,4,Friday,5,0,61.0,63.37,56,5287.52,3327.52
2025-09-05,HOME_001,Espresso Machine & Milk Frother,Home & Living,163.68,159.99,65.0,168.39,0.0,550,4.73,953,137.45,0.0,Standard,Fall,9,4,Friday,5,0,61.14,51.67,44,7201.92,4341.92
2025-09-05,HOME_002,Cordless Handheld Vacuum Cleaner,Home & Living,91.64,99.99,40.0,105.12,5.0,298,4.64,966,241.53,0.0,Budget,Fall,9,4,Friday,5,0,66.71,72.3,92,8430.88,4750.88
2025-09-05,HOSP_001,Deluxe City Center King Room (Per Night),Hospitality & Stays,157.92,175.0,45.0,166.48,10.0,120,4.6,1070,167.11,0.0,Standard,Fall,9,4,Friday,5,0,165.57,182.83,139,21950.88,15695.88
2025-09-05,HOSP_002,Executive Skyline Suite (Per Night),Hospitality & Stays,343.94,350.0,90.0,360.81,0.0,155,4.08,990,193.39,0.0,Standard,Fall,9,4,Friday,5,0,25.0,31.6,18,6190.92,4570.92
2025-09-05,RIDE_001,Standard Urban Commute Ride (10 km),Rideshare & Mobility,23.32,24.5,8.0,24.55,0.0,621,4.47,1015,126.64,0.0,Standard,Fall,9,4,Friday,5,0,349.71,328.23,87,2028.84,1332.84
2025-09-05,RIDE_002,Premium Black Airport Transfer,Rideshare & Mobility,67.66,65.0,22.0,62.43,0.0,328,4.57,1002,136.22,0.0,Budget,Fall,9,4,Friday,5,0,108.86,115.2,118,7983.88,5387.88
2025-09-06,APP_001,Premium Merino Wool Sweater,Apparel & Fashion,79.03,79.99,28.0,93.12,0.0,440,4.82,1035,214.19,0.0,Premium,Fall,9,5,Saturday,6,1,69.71,96.1,74,5848.22,3776.22
2025-09-06,APP_002,Breathable Performance Running Shoes,Apparel & Fashion,122.06,119.99,42.0,120.47,0.0,340,4.88,1101,100.19,0.0,Budget,Fall,9,5,Saturday,6,1,102.43,125.27,111,13548.66,8886.66
2025-09-06,APP_003,Classic Waterproof Trench Coat,Apparel & Fashion,148.93,149.99,55.0,147.89,0.0,291,4.84,968,150.55,0.0,Budget,Fall,9,5,Saturday,6,1,38.29,40.33,40,5957.2,3757.2
2025-09-06,ELEC_001,Pro Wireless Noise-Cancelling Headphones,Electronics,209.09,199.99,85.0,184.18,0.0,502,4.74,1040,155.79,0.0,Standard,Fall,9,5,Saturday,6,1,64.86,75.97,51,10663.59,6328.59
2025-09-06,ELEC_002,Ultra HD 4K Smart TV 55-inch,Electronics,576.7,549.99,280.0,579.98,0.0,261,4.62,1055,179.7,0.0,Budget,Fall,9,5,Saturday,6,1,36.14,41.27,27,15570.9,8010.9
2025-09-06,ELEC_003,Smart Fitness Watch Gen-4,Electronics,111.84,129.99,50.0,134.46,15.0,843,4.54,973,240.03,0.0,Premium,Fall,9,5,Saturday,6,1,91.57,106.67,113,12637.92,6987.92
2025-09-06,ELEC_004,Ergonomic Mechanical Keyboard,Electronics,87.11,89.99,35.0,92.36,0.0,111,4.26,1008,77.97,0.0,Budget,Fall,9,5,Saturday,6,1,60.43,63.1,62,5400.82,3230.82
2025-09-06,HOME_001,Espresso Machine & Milk Frother,Home & Living,160.21,159.99,65.0,168.05,0.0,503,4.62,1028,183.93,0.0,Budget,Fall,9,5,Saturday,6,1,55.43,50.63,47,7529.87,4474.87
2025-09-06,HOME_002,Cordless Handheld Vacuum Cleaner,Home & Living,97.26,99.99,40.0,101.33,0.0,231,4.22,942,127.94,0.0,Standard,Fall,9,5,Saturday,6,1,65.57,69.43,67,6516.42,3836.42
2025-09-06,HOSP_001,Deluxe City Center King Room (Per Night),Hospitality & Stays,216.08,175.0,45.0,185.71,0.0,496,4.63,936,200.61,0.0,Standard,Fall,9,5,Saturday,6,1,136.43,180.0,111,23984.88,18989.88
2025-09-06,HOSP_002,Executive Skyline Suite (Per Night),Hospitality & Stays,381.28,350.0,90.0,353.83,0.0,129,4.3,952,174.5,0.0,Standard,Fall,9,5,Saturday,6,1,23.86,31.23,26,9913.28,7573.28
2025-09-06,RIDE_001,Standard Urban Commute Ride (10 km),Rideshare & Mobility,23.97,24.5,8.0,26.08,0.0,160,4.84,971,49.9,0.0,Standard,Fall,9,5,Saturday,6,1,323.71,333.97,461,11050.17,7362.17
2025-09-06,RIDE_002,Premium Black Airport Transfer,Rideshare & Mobility,64.58,65.0,22.0,63.15,0.0,229,4.07,955,181.2,0.0,Budget,Fall,9,5,Saturday,6,1,104.57,114.97,99,6393.42,4215.42
2025-09-07,APP_001,Premium Merino Wool Sweater,Apparel & Fashion,81.12,79.99,28.0,79.54,0.0,364,4.85,925,145.1,0.0,Budget,Fall,9,6,Sunday,7,1,72.14,95.3,76,6165.12,4037.12
2025-09-07,APP_002,Breathable Performance Running Shoes,Apparel & Fashion,117.58,119.99,42.0,122.94,0.0,230,4.27,916,183.61,0.0,Standard,Fall,9,6,Sunday,7,1,98.29,124.87,110,12933.8,8313.8
2025-09-07,APP_003,Classic Waterproof Trench Coat,Apparel & Fashion,154.26,149.99,55.0,146.21,0.0,262,4.39,1019,172.91,0.0,Standard,Fall,9,6,Sunday,7,1,36.29,40.23,29,4473.54,2878.54
2025-09-07,ELEC_001,Pro Wireless Noise-Cancelling Headphones,Electronics,197.37,199.99,85.0,197.3,0.0,435,4.11,953,210.86,0.0,Budget,Fall,9,6,Sunday,7,1,66.86,76.37,67,13223.79,7528.79
2025-09-07,ELEC_002,Ultra HD 4K Smart TV 55-inch,Electronics,557.17,549.99,280.0,553.48,0.0,240,4.39,1002,77.16,0.0,Premium,Fall,9,6,Sunday,7,1,33.71,40.93,21,11700.57,5820.57
2025-09-07,ELEC_003,Smart Fitness Watch Gen-4,Electronics,124.97,129.99,50.0,129.92,0.0,743,4.61,994,192.27,0.0,Standard,Fall,9,6,Sunday,7,1,94.43,106.6,100,12497.0,7497.0
2025-09-07,ELEC_004,Ergonomic Mechanical Keyboard,Electronics,90.92,89.99,35.0,96.44,0.0,626,4.6,1007,122.16,0.0,Budget,Fall,9,6,Sunday,7,1,60.71,63.33,73,6637.16,4082.16
2025-09-07,HOME_001,Espresso Machine & Milk Frother,Home & Living,159.51,159.99,65.0,162.49,0.0,459,4.14,1039,128.36,0.0,Budget,Fall,9,6,Sunday,7,1,57.14,50.9,44,7018.44,4158.44
2025-09-07,HOME_002,Cordless Handheld Vacuum Cleaner,Home & Living,95.56,99.99,40.0,90.31,0.0,166,4.78,1009,133.48,0.0,Premium,Fall,9,6,Sunday,7,1,67.29,68.43,65,6211.4,3611.4
2025-09-07,HOSP_001,Deluxe City Center King Room (Per Night),Hospitality & Stays,226.7,175.0,45.0,178.76,0.0,415,4.25,965,151.75,0.0,Standard,Fall,9,6,Sunday,7,1,125.29,176.0,81,18362.7,14717.7
2025-09-07,HOSP_002,Executive Skyline Suite (Per Night),Hospitality & Stays,319.18,350.0,90.0,336.09,10.0,96,4.6,1018,155.32,0.0,Standard,Fall,9,6,Sunday,7,1,23.71,31.4,33,10532.94,7562.94
2025-09-07,RIDE_001,Standard Urban Commute Ride (10 km),Rideshare & Mobility,24.75,24.5,8.0,25.02,0.0,551,4.49,884,182.09,0.0,Budget,Fall,9,6,Sunday,7,1,273.71,324.93,160,3960.0,2680.0
2025-09-07,RIDE_002,Premium Black Airport Transfer,Rideshare & Mobility,66.04,65.0,22.0,60.06,0.0,114,4.7,928,140.9,0.0,Budget,Fall,9,6,Sunday,7,1,107.14,114.77,115,7594.6,5064.6
2025-09-08,APP_001,Premium Merino Wool Sweater,Apparel & Fashion,81.57,79.99,28.0,76.14,0.0,275,4.32,997,229.26,0.0,Budget,Fall,9,0,Monday,8,0,73.43,94.87,89,7259.73,4767.73
2025-09-08,APP_002,Breathable Performance Running Shoes,Apparel & Fashion,123.6,119.99,42.0,116.56,0.0,132,4.26,976,249.59,0.0,Standard,Fall,9,0,Monday,8,0,100.57,123.57,98,12112.8,7996.8
2025-09-08,APP_003,Classic Waterproof Trench Coat,Apparel & Fashion,148.19,149.99,55.0,147.16,0.0,218,4.69,968,188.19,0.0,Budget,Fall,9,0,Monday,8,0,35.86,40.3,44,6520.36,4100.36
2025-09-08,ELEC_001,Pro Wireless Noise-Cancelling Headphones,Electronics,203.36,199.99,85.0,197.74,0.0,378,4.61,967,197.05,0.0,Budget,Fall,9,0,Monday,8,0,67.14,76.33,57,11591.52,6746.52
2025-09-08,ELEC_002,Ultra HD 4K Smart TV 55-inch,Electronics,536.4,549.99,280.0,553.63,0.0,211,4.06,994,166.42,0.0,Standard,Fall,9,0,Monday,8,0,33.29,40.8,29,15555.6,7435.6
2025-09-08,ELEC_003,Smart Fitness Watch Gen-4,Electronics,104.38,129.99,50.0,132.83,20.0,631,4.14,1020,44.42,0.0,Premium,Fall,9,0,Monday,8,0,95.14,106.3,112,11690.56,6090.56
2025-09-08,ELEC_004,Ergonomic Mechanical Keyboard,Electronics,87.46,89.99,35.0,89.54,0.0,573,4.54,1005,67.39,0.0,Premium,Fall,9,0,Monday,8,0,59.71,62.6,53,4635.38,2780.38
2025-09-08,HOME_001,Espresso Machine & Milk Frother,Home & Living,162.02,159.99,65.0,151.15,0.0,419,4.79,982,107.55,0.0,Budget,Fall,9,0,Monday,8,0,48.71,49.5,40,6480.8,3880.8
2025-09-08,HOME_002,Cordless Handheld Vacuum Cleaner,Home & Living,99.52,99.99,40.0,101.99,0.0,104,4.48,1009,193.38,0.0,Premium,Fall,9,0,Monday,8,0,67.57,67.67,62,6170.24,3690.24
2025-09-08,HOSP_001,Deluxe City Center King Room (Per Night),Hospitality & Stays,168.9,175.0,45.0,182.14,0.0,308,4.35,1008,148.41,0.0,Premium,Fall,9,0,Monday,8,0,108.14,170.27,107,18072.3,13257.3
2025-09-08,HOSP_002,Executive Skyline Suite (Per Night),Hospitality & Stays,349.14,350.0,90.0,381.87,0.0,649,4.19,963,121.37,0.0,Budget,Fall,9,0,Monday,8,0,24.71,31.37,26,9077.64,6737.64
2025-09-08,RIDE_001,Standard Urban Commute Ride (10 km),Rideshare & Mobility,19.61,24.5,8.0,22.85,20.0,777,4.31,1000,184.16,0.0,Standard,Fall,9,0,Monday,8,0,327.86,329.07,551,10805.11,6397.11
2025-09-08,RIDE_002,Premium Black Airport Transfer,Rideshare & Mobility,64.88,65.0,22.0,62.92,0.0,429,4.45,995,151.34,0.0,Standard,Fall,9,0,Monday,8,0,102.86,112.03,106,6877.28,4545.28
2025-09-09,APP_001,Premium Merino Wool Sweater,Apparel & Fashion,76.53,79.99,28.0,74.16,0.0,204,4.23,1104,157.75,0.0,Standard,Fall,9,1,Tuesday,9,0,76.0,93.73,71,5433.63,3445.63
2025-09-09,APP_002,Breathable Performance Running Shoes,Apparel & Fashion,125.97,119.99,42.0,129.92,0.0,566,4.41,1025,74.48,0.0,Standard,Fall,9,1,Tuesday,9,0,97.86,122.97,87,10959.39,7305.39
2025-09-09,APP_003,Classic Waterproof Trench Coat,Apparel & Fashion,144.69,149.99,55.0,147.09,0.0,187,4.37,976,154.84,0.0,Premium,Fall,9,1,Tuesday,9,0,34.14,40.27,31,4485.39,2780.39
2025-09-09,ELEC_001,Pro Wireless Noise-Cancelling Headphones,Electronics,207.46,199.99,85.0,207.07,0.0,317,4.65,1013,152.33,0.0,Budget,Fall,9,1,Tuesday,9,0,62.14,77.07,61,12655.06,7470.06
2025-09-09,ELEC_002,Ultra HD 4K Smart TV 55-inch,Electronics,524.04,549.99,280.0,523.62,0.0,184,4.34,1045,109.78,0.0,Premium,Fall,9,1,Tuesday,9,0,30.29,39.4,27,14149.08,6589.08
2025-09-09,ELEC_003,Smart Fitness Watch Gen-4,Electronics,112.56,129.99,50.0,113.45,15.0,538,4.71,1018,183.35,0.0,Premium,Fall,9,1,Tuesday,9,0,94.0,106.23,93,10468.08,5818.08
2025-09-09,ELEC_004,Ergonomic Mechanical Keyboard,Electronics,65.25,89.99,35.0,95.67,25.0,488,4.2,1047,143.26,0.0,Premium,Fall,9,1,Tuesday,9,0,65.29,63.7,85,5546.25,2571.25
2025-09-09,HOME_001,Espresso Machine & Milk Frother,Home & Living,157.98,159.99,65.0,157.08,0.0,388,4.14,1073,148.75,0.0,Enterprise,Fall,9,1,Tuesday,9,0,43.29,49.23,31,4897.38,2882.38
2025-09-09,HOME_002,Cordless Handheld Vacuum Cleaner,Home & Living,104.77,99.99,40.0,102.45,0.0,731,4.77,1078,113.8,0.0,Standard,Fall,9,1,Tuesday,9,0,67.71,67.0,64,6705.28,4145.28
2025-09-09,HOSP_001,Deluxe City Center King Room (Per Night),Hospitality & Stays,154.19,175.0,45.0,174.95,10.0,137,4.3,1075,196.01,0.0,Standard,Fall,9,1,Tuesday,9,0,116.71,171.6,171,26366.49,18671.49
2025-09-09,HOSP_002,Executive Skyline Suite (Per Night),Hospitality & Stays,309.93,350.0,90.0,335.25,10.0,621,4.87,1022,148.47,0.0,Budget,Fall,9,1,Tuesday,9,0,24.86,30.93,28,8678.04,6158.04
2025-09-09,RIDE_001,Standard Urban Commute Ride (10 km),Rideshare & Mobility,23.83,24.5,8.0,26.02,0.0,321,4.67,1067,142.61,0.0,Budget,Fall,9,1,Tuesday,9,0,345.43,336.33,456,10866.48,7218.48
2025-09-09,RIDE_002,Premium Black Airport Transfer,Rideshare & Mobility,62.52,65.0,22.0,63.39,0.0,339,4.09,983,193.79,0.0,Standard,Fall,9,1,Tuesday,9,0,106.29,111.07,90,5626.8,3646.8
2025-09-10,APP_001,Premium Merino Wool Sweater,Apparel & Fashion,82.66,79.99,28.0,73.79,0.0,136,4.43,1079,148.71,0.0,Standard,Fall,9,2,Wednesday,10,0,76.0,91.63,68,5620.88,3716.88
2025-09-10,APP_002,Breathable Performance Running Shoes,Apparel & Fashion,116.92,119.99,42.0,118.42,0.0,430,4.8,953,88.22,0.0,Standard,Fall,9,2,Wednesday,10,0,104.57,123.87,136,15901.12,10189.12
2025-09-10,APP_003,Classic Waterproof Trench Coat,Apparel & Fashion,156.97,149.99,55.0,143.7,0.0,156,4.18,1011,182.7,0.0,Standard,Fall,9,2,Wednesday,10,0,33.71,40.13,31,4866.07,3161.07
2025-09-10,ELEC_001,Pro Wireless Noise-Cancelling Headphones,Electronics,199.71,199.99,85.0,199.66,0.0,252,4.52,993,71.62,0.0,Standard,Fall,9,2,Wednesday,10,0,61.86,77.33,65,12981.15,7456.15
2025-09-10,ELEC_002,Ultra HD 4K Smart TV 55-inch,Electronics,555.27,549.99,280.0,569.22,0.0,166,4.1,943,181.67,0.0,Enterprise,Fall,9,2,Wednesday,10,0,29.71,38.83,18,9994.86,4954.86
2025-09-10,ELEC_003,Smart Fitness Watch Gen-4,Electronics,115.03,129.99,50.0,129.03,15.0,391,4.76,971,184.92,0.0,Budget,Fall,9,2,Wednesday,10,0,103.71,108.57,147,16909.41,9559.41
2025-09-10,ELEC_004,Ergonomic Mechanical Keyboard,Electronics,91.05,89.99,35.0,86.86,0.0,433,4.68,935,177.83,0.0,Budget,Fall,9,2,Wednesday,10,0,64.29,63.13,55,5007.75,3082.75
2025-09-10,HOME_001,Espresso Machine & Milk Frother,Home & Living,159.23,159.99,65.0,153.95,0.0,343,4.06,970,76.15,0.0,Budget,Fall,9,2,Wednesday,10,0,43.29,49.2,45,7165.35,4240.35
2025-09-10,HOME_002,Cordless Handheld Vacuum Cleaner,Home & Living,97.12,99.99,40.0,104.21,0.0,651,4.72,964,106.21,0.0,Budget,Fall,9,2,Wednesday,10,0,71.57,68.03,80,7769.6,4569.6
2025-09-10,HOSP_001,Deluxe City Center King Room (Per Night),Hospitality & Stays,175.88,175.0,45.0,178.17,0.0,595,4.21,1073,221.73,0.0,Standard,Fall,9,2,Wednesday,10,0,117.14,170.03,121,21281.48,15836.48
2025-09-10,HOSP_002,Executive Skyline Suite (Per Night),Hospitality & Stays,354.75,350.0,90.0,314.03,0.0,603,4.15,1011,167.98,0.0,Premium,Fall,9,2,Wednesday,10,0,24.29,29.5,18,6385.5,4765.5
2025-09-10,RIDE_001,Standard Urban Commute Ride (10 km),Rideshare & Mobility,25.5,24.5,8.0,23.43,0.0,776,4.71,963,102.11,0.0,Standard,Fall,9,2,Wednesday,10,0,350.0,333.47,321,8185.5,5617.5
2025-09-10,RIDE_002,Premium Black Airport Transfer,Rideshare & Mobility,64.08,65.0,22.0,65.36,0.0,266,4.76,1055,169.39,0.0,Enterprise,Fall,9,2,Wednesday,10,0,102.14,109.87,73,4677.84,3071.84
2025-09-11,APP_001,Premium Merino Wool Sweater,Apparel & Fashion,83.53,79.99,28.0,80.57,0.0,490,4.9,984,173.02,0.0,Standard,Fall,9,3,Thursday,11,0,75.29,91.17,62,5178.86,3442.86
2025-09-11,APP_002,Breathable Performance Running Shoes,Apparel & Fashion,107.0,119.99,42.0,121.78,15.0,288,4.55,1065,95.93,0.0,Budget,Fall,9,3,Thursday,11,0,111.57,124.43,142,15194.0,9230.0
2025-09-11,APP_003,Classic Waterproof Trench Coat,Apparel & Fashion,148.5,149.99,55.0,148.15,0.0,118,4.84,905,116.01,0.0,Standard,Fall,9,3,Thursday,11,0,34.57,39.97,38,5643.0,3553.0
2025-09-11,ELEC_001,Pro Wireless Noise-Cancelling Headphones,Electronics,198.59,199.99,85.0,209.68,0.0,201,4.61,1027,112.25,0.0,Premium,Fall,9,3,Thursday,11,0,60.29,76.47,51,10128.09,5793.09
2025-09-11,ELEC_002,Ultra HD 4K Smart TV 55-inch,Electronics,575.59,549.99,280.0,531.12,0.0,139,4.82,963,208.08,0.0,Budget,Fall,9,3,Thursday,11,0,25.57,38.63,27,15540.93,7980.93
2025-09-11,ELEC_003,Smart Fitness Watch Gen-4,Electronics,133.07,129.99,50.0,135.87,0.0,311,4.43,994,217.46,0.0,Standard,Fall,9,3,Thursday,11,0,103.57,108.13,80,10645.6,6645.6
2025-09-11,ELEC_004,Ergonomic Mechanical Keyboard,Electronics,86.56,89.99,35.0,90.14,0.0,373,4.23,1019,137.58,0.0,Budget,Fall,9,3,Thursday,11,0,63.43,63.03,60,5193.6,3093.6
2025-09-11,HOME_001,Espresso Machine & Milk Frother,Home & Living,167.02,159.99,65.0,165.99,0.0,303,4.53,1067,125.09,0.0,Standard,Fall,9,3,Thursday,11,0,41.57,49.03,40,6680.8,4080.8
2025-09-11,HOME_002,Cordless Handheld Vacuum Cleaner,Home & Living,99.81,99.99,40.0,104.31,0.0,592,4.55,1085,143.29,0.0,Budget,Fall,9,3,Thursday,11,0,69.86,67.67,59,5888.79,3528.79
2025-09-11,HOSP_001,Deluxe City Center King Room (Per Night),Hospitality & Stays,161.0,175.0,45.0,172.2,5.0,469,4.42,1075,184.72,0.0,Premium,Fall,9,3,Thursday,11,0,122.29,168.83,126,20286.0,14616.0
2025-09-11,HOSP_002,Executive Skyline Suite (Per Night),Hospitality & Stays,318.98,350.0,90.0,357.08,10.0,573,4.66,1009,161.79,0.0,Budget,Fall,9,3,Thursday,11,0,25.57,29.63,30,9569.4,6869.4
2025-09-11,RIDE_001,Standard Urban Commute Ride (10 km),Rideshare & Mobility,22.2,24.5,8.0,22.86,5.0,460,4.88,1010,209.2,0.0,Enterprise,Fall,9,3,Thursday,11,0,336.0,335.33,316,7015.2,4487.2
2025-09-11,RIDE_002,Premium Black Airport Transfer,Rideshare & Mobility,62.82,65.0,22.0,65.91,0.0,155,4.05,911,154.23,0.0,Standard,Fall,9,3,Thursday,11,0,101.71,110.13,111,6973.02,4531.02
2025-09-12,APP_001,Premium Merino Wool Sweater,Apparel & Fashion,79.59,79.99,28.0,80.62,0.0,411,4.25,1000,166.88,0.0,Budget,Fall,9,4,Friday,12,0,74.14,90.9,79,6287.61,4075.61
2025-09-12,APP_002,Breathable Performance Running Shoes,Apparel & Fashion,118.36,119.99,42.0,114.63,0.0,189,4.34,1080,147.7,0.0,Premium,Fall,9,4,Friday,12,0,111.86,124.27,99,11717.64,7559.64
2025-09-12,APP_003,Classic Waterproof Trench Coat,Apparel & Fashion,156.07,149.99,55.0,143.94,0.0,88,4.51,1029,134.52,0.0,Standard,Fall,9,4,Friday,12,0,34.71,39.47,30,4682.1,3032.1
2025-09-12,ELEC_001,Pro Wireless Noise-Cancelling Headphones,Electronics,207.14,199.99,85.0,213.91,0.0,144,4.82,995,77.23,0.0,Standard,Fall,9,4,Friday,12,0,58.43,76.57,57,11806.98,6961.98
2025-09-12,ELEC_002,Ultra HD 4K Smart TV 55-inch,Electronics,452.39,549.99,280.0,536.06,20.0,93,4.18,965,133.61,0.0,Standard,Fall,9,4,Friday,12,0,27.86,37.67,46,20809.94,7929.94
2025-09-12,ELEC_003,Smart Fitness Watch Gen-4,Electronics,132.53,129.99,50.0,142.77,0.0,227,4.63,1006,147.22,0.0,Premium,Fall,9,4,Friday,12,0,104.14,106.8,84,11132.52,6932.52
2025-09-12,ELEC_004,Ergonomic Mechanical Keyboard,Electronics,85.9,89.99,35.0,87.63,0.0,310,4.18,1023,176.83,0.0,Standard,Fall,9,4,Friday,12,0,64.43,63.07,63,5411.7,3206.7
2025-09-12,HOME_001,Espresso Machine & Milk Frother,Home & Living,164.72,159.99,65.0,179.52,0.0,262,4.6,1097,144.53,0.0,Standard,Fall,9,4,Friday,12,0,41.14,48.97,41,6753.52,4088.52
2025-09-12,HOME_002,Cordless Handheld Vacuum Cleaner,Home & Living,98.91,99.99,40.0,106.64,0.0,528,4.77,988,127.0,0.0,Standard,Fall,9,4,Friday,12,0,65.86,68.07,64,6330.24,3770.24
2025-09-12,HOSP_001,Deluxe City Center King Room (Per Night),Hospitality & Stays,170.87,175.0,45.0,176.78,0.0,355,4.39,1047,131.54,0.0,Premium,Fall,9,4,Friday,12,0,118.71,155.73,114,19479.18,14349.18
2025-09-12,HOSP_002,Executive Skyline Suite (Per Night),Hospitality & Stays,343.43,350.0,90.0,360.8,0.0,551,4.68,978,122.99,0.0,Standard,Fall,9,4,Friday,12,0,26.14,29.2,22,7555.46,5575.46
2025-09-12,RIDE_001,Standard Urban Commute Ride (10 km),Rideshare & Mobility,23.99,24.5,8.0,24.13,5.0,497,4.19,1031,142.38,0.0,Standard,Fall,9,4,Friday,12,0,379.29,340.43,390,9356.1,6236.1
2025-09-12,RIDE_002,Premium Black Airport Transfer,Rideshare & Mobility,49.25,65.0,22.0,70.13,25.0,729,4.35,1024,188.93,0.0,Premium,Fall,9,4,Friday,12,0,107.0,112.6,155,7633.75,4223.75
2025-09-13,APP_001,Premium Merino Wool Sweater,Apparel & Fashion,80.47,79.99,28.0,81.05,0.0,357,4.04,1041,157.34,0.0,Enterprise,Fall,9,5,Saturday,13,1,71.29,89.23,54,4345.38,2833.38
2025-09-13,APP_002,Breathable Performance Running Shoes,Apparel & Fashion,114.04,119.99,42.0,111.22,0.0,876,4.28,1035,174.05,0.0,Budget,Fall,9,5,Saturday,13,1,111.86,124.87,111,12658.44,7996.44
2025-09-13,APP_003,Classic Waterproof Trench Coat,Apparel & Fashion,143.52,149.99,55.0,135.11,0.0,548,4.13,1038,121.71,0.0,Premium,Fall,9,5,Saturday,13,1,33.29,38.77,30,4305.6,2655.6
2025-09-13,ELEC_001,Pro Wireless Noise-Cancelling Headphones,Electronics,203.76,199.99,85.0,213.03,0.0,83,4.34,926,139.87,0.0,Budget,Fall,9,5,Saturday,13,1,59.86,75.77,61,12429.36,7244.36
2025-09-13,ELEC_002,Ultra HD 4K Smart TV 55-inch,Electronics,572.33,549.99,280.0,563.05,0.0,516,4.12,877,166.17,0.0,Standard,Fall,9,5,Saturday,13,1,27.29,36.93,23,13163.59,6723.59
2025-09-13,ELEC_003,Smart Fitness Watch Gen-4,Electronics,127.6,129.99,50.0,110.79,5.0,138,4.36,977,175.93,0.0,Budget,Fall,9,5,Saturday,13,1,100.71,105.97,89,11356.4,6906.4
2025-09-13,ELEC_004,Ergonomic Mechanical Keyboard,Electronics,88.34,89.99,35.0,90.58,0.0,261,4.58,983,115.32,0.0,Premium,Fall,9,5,Saturday,13,1,62.57,63.27,49,4328.66,2613.66
2025-09-13,HOME_001,Espresso Machine & Milk Frother,Home & Living,167.29,159.99,65.0,155.09,0.0,227,4.7,1010,145.98,0.0,Standard,Fall,9,5,Saturday,13,1,39.43,48.53,35,5855.15,3580.15
2025-09-13,HOME_002,Cordless Handheld Vacuum Cleaner,Home & Living,100.79,99.99,40.0,96.36,0.0,455,4.86,1106,77.88,0.0,Budget,Fall,9,5,Saturday,13,1,66.71,66.7,73,7357.67,4437.67
2025-09-13,HOSP_001,Deluxe City Center King Room (Per Night),Hospitality & Stays,195.37,175.0,45.0,162.95,0.0,250,4.03,941,153.71,0.0,Standard,Fall,9,5,Saturday,13,1,117.86,153.83,105,20513.85,15788.85
2025-09-13,HOSP_002,Executive Skyline Suite (Per Night),Hospitality & Stays,413.84,350.0,90.0,353.54,0.0,530,4.27,957,97.07,0.0,Standard,Fall,9,5,Saturday,13,1,25.43,28.9,21,8690.64,6800.64
2025-09-13,RIDE_001,Standard Urban Commute Ride (10 km),Rideshare & Mobility,23.99,24.5,8.0,23.73,0.0,178,4.69,947,187.32,0.0,Enterprise,Fall,9,5,Saturday,13,1,359.0,339.43,319,7652.81,5100.81
2025-09-13,RIDE_002,Premium Black Airport Transfer,Rideshare & Mobility,65.79,65.0,22.0,63.2,0.0,604,4.85,1097,199.82,0.0,Budget,Fall,9,5,Saturday,13,1,110.71,111.43,125,8223.75,5473.75
2025-09-14,APP_001,Premium Merino Wool Sweater,Apparel & Fashion,74.84,79.99,28.0,87.26,5.0,246,4.53,1028,134.44,0.0,Budget,Fall,9,6,Sunday,14,1,76.29,90.47,111,8307.24,5199.24
2025-09-14,APP_002,Breathable Performance Running Shoes,Apparel & Fashion,120.44,119.99,42.0,118.01,0.0,801,4.02,943,177.77,0.0,Premium,Fall,9,6,Sunday,14,1,106.86,122.13,75,9033.0,5883.0
2025-09-14,APP_003,Classic Waterproof Trench Coat,Apparel & Fashion,145.36,149.99,55.0,147.66,5.0,515,4.78,1052,174.32,0.0,Premium,Fall,9,6,Sunday,14,1,33.86,38.9,33,4796.88,2981.88
2025-09-14,ELEC_001,Pro Wireless Noise-Cancelling Headphones,Electronics,150.25,199.99,85.0,196.91,25.0,463,4.34,1050,167.46,0.0,Budget,Fall,9,6,Sunday,14,1,62.14,75.47,83,12470.75,5415.75
2025-09-14,ELEC_002,Ultra HD 4K Smart TV 55-inch,Electronics,547.01,549.99,280.0,549.83,0.0,486,4.64,1051,119.22,0.0,Standard,Fall,9,6,Sunday,14,1,28.57,36.93,30,16410.3,8010.3
2025-09-14,ELEC_003,Smart Fitness Watch Gen-4,Electronics,136.35,129.99,50.0,133.92,0.0,732,4.24,1048,183.15,0.0,Standard,Fall,9,6,Sunday,14,1,96.57,104.3,71,9680.85,6130.85
2025-09-14,ELEC_004,Ergonomic Mechanical Keyboard,Electronics,91.01,89.99,35.0,86.17,0.0,203,4.16,1014,219.58,0.0,Budget,Fall,9,6,Sunday,14,1,60.43,63.33,58,5278.58,3248.58
2025-09-14,HOME_001,Espresso Machine & Milk Frother,Home & Living,164.12,159.99,65.0,154.72,0.0,199,4.9,1016,175.16,0.0,Enterprise,Fall,9,6,Sunday,14,1,37.14,47.97,28,4595.36,2775.36
2025-09-14,HOME_002,Cordless Handheld Vacuum Cleaner,Home & Living,92.3,99.99,40.0,89.52,5.0,369,4.01,1035,120.98,0.0,Budget,Fall,9,6,Sunday,14,1,69.71,67.2,86,7937.8,4497.8
2025-09-14,HOSP_001,Deluxe City Center King Room (Per Night),Hospitality & Stays,206.02,175.0,45.0,184.25,0.0,156,4.47,914,182.62,0.0,Standard,Fall,9,6,Sunday,14,1,119.71,150.63,94,19365.88,15135.88
2025-09-14,HOSP_002,Executive Skyline Suite (Per Night),Hospitality & Stays,451.67,350.0,90.0,348.91,0.0,517,4.78,1121,220.83,0.0,Enterprise,Fall,9,6,Sunday,14,1,22.57,28.53,13,5871.71,4701.71
2025-09-14,RIDE_001,Standard Urban Commute Ride (10 km),Rideshare & Mobility,23.8,24.5,8.0,24.59,0.0,533,4.53,1069,171.99,0.0,Enterprise,Fall,9,6,Sunday,14,1,361.57,342.27,178,4236.4,2812.4
2025-09-14,RIDE_002,Premium Black Airport Transfer,Rideshare & Mobility,68.24,65.0,22.0,67.0,0.0,504,4.13,1047,213.03,0.0,Standard,Fall,9,6,Sunday,14,1,108.57,110.73,100,6824.0,4624.0
2025-09-15,APP_001,Premium Merino Wool Sweater,Apparel & Fashion,78.1,79.99,28.0,74.89,0.0,179,4.21,1025,211.74,0.0,Standard,Fall,9,0,Monday,15,0,73.14,90.4,67,5232.7,3356.7
2025-09-15,APP_002,Breathable Performance Running Shoes,Apparel & Fashion,118.91,119.99,42.0,120.03,0.0,684,4.75,967,125.58,0.0,Budget,Fall,9,0,Monday,15,0,109.57,121.7,117,13912.47,8998.47
2025-09-15,APP_003,Classic Waterproof Trench Coat,Apparel & Fashion,128.47,149.99,55.0,146.74,15.0,478,4.08,920,105.63,0.0,Premium,Fall,9,0,Monday,15,0,32.86,39.03,37,4753.39,2718.39
2025-09-15,ELEC_001,Pro Wireless Noise-Cancelling Headphones,Electronics,209.75,199.99,85.0,183.7,0.0,409,4.41,1077,117.62,0.0,Standard,Fall,9,0,Monday,15,0,61.71,75.0,54,11326.5,6736.5
2025-09-15,ELEC_002,Ultra HD 4K Smart TV 55-inch,Electronics,551.9,549.99,280.0,533.12,0.0,458,4.9,1023,203.82,0.0,Standard,Fall,9,0,Monday,15,0,28.43,36.9,28,15453.2,7613.2
2025-09-15,ELEC_003,Smart Fitness Watch Gen-4,Electronics,111.23,129.99,50.0,137.46,15.0,614,4.86,1038,107.39,0.0,Standard,Fall,9,0,Monday,15,0,97.43,105.23,118,13125.14,7225.14
2025-09-15,ELEC_004,Ergonomic Mechanical Keyboard,Electronics,89.01,89.99,35.0,86.91,0.0,156,4.5,958,152.8,0.0,Premium,Fall,9,0,Monday,15,0,59.57,63.23,47,4183.47,2538.47
2025-09-15,HOME_001,Espresso Machine & Milk Frother,Home & Living,159.6,159.99,65.0,175.04,0.0,153,4.07,977,132.91,0.0,Standard,Fall,9,0,Monday,15,0,38.0,46.63,46,7341.6,4351.6
2025-09-15,HOME_002,Cordless Handheld Vacuum Cleaner,Home & Living,104.86,99.99,40.0,103.81,0.0,333,4.49,1001,190.71,0.0,Enterprise,Fall,9,0,Monday,15,0,66.0,66.73,36,3774.96,2334.96
2025-09-15,HOSP_001,Deluxe City Center King Room (Per Night),Hospitality & Stays,171.68,175.0,45.0,184.84,0.0,420,4.4,1091,196.84,0.0,Standard,Fall,9,0,Monday,15,0,124.0,147.47,137,23520.16,17355.16
2025-09-15,HOSP_002,Executive Skyline Suite (Per Night),Hospitality & Stays,352.47,350.0,90.0,370.47,0.0,501,4.14,1027,64.22,0.0,Standard,Fall,9,0,Monday,15,0,21.14,28.13,16,5639.52,4199.52
2025-09-15,RIDE_001,Standard Urban Commute Ride (10 km),Rideshare & Mobility,24.91,24.5,8.0,25.08,0.0,119,4.46,1039,132.1,0.0,Standard,Fall,9,0,Monday,15,0,342.0,342.13,414,10312.74,7000.74
2025-09-15,RIDE_002,Premium Black Airport Transfer,Rideshare & Mobility,50.67,65.0,22.0,68.36,20.0,301,4.72,1058,190.08,0.0,Standard,Fall,9,0,Monday,15,0,122.43,112.73,203,10286.01,5820.01
2025-09-16,APP_001,Premium Merino Wool Sweater,Apparel & Fashion,73.04,79.99,28.0,81.74,10.0,80,4.12,1001,164.78,0.0,Standard,Fall,9,1,Tuesday,16,0,77.14,90.43,99,7230.96,4458.96
2025-09-16,APP_002,Breathable Performance Running Shoes,Apparel & Fashion,116.43,119.99,42.0,119.37,0.0,565,4.58,990,105.77,0.0,Standard,Fall,9,1,Tuesday,16,0,114.14,121.4,119,13855.17,8857.17
2025-09-16,APP_003,Classic Waterproof Trench Coat,Apparel & Fashion,148.21,149.99,55.0,163.13,5.0,442,4.2,1021,147.36,0.0,Standard,Fall,9,1,Tuesday,16,0,33.57,38.83,36,5335.56,3355.56
2025-09-16,ELEC_001,Pro Wireless Noise-Cancelling Headphones,Electronics,197.67,199.99,85.0,200.04,0.0,342,4.04,992,146.47,0.0,Budget,Fall,9,1,Tuesday,16,0,62.57,72.43,67,13243.89,7548.89
2025-09-16,ELEC_002,Ultra HD 4K Smart TV 55-inch,Electronics,545.09,549.99,280.0,561.59,0.0,422,4.54,1081,103.45,0.0,Budget,Fall,9,1,Tuesday,16,0,29.71,37.13,36,19623.24,9543.24
2025-09-16,ELEC_003,Smart Fitness Watch Gen-4,Electronics,129.37,129.99,50.0,124.97,5.0,538,4.58,1052,151.33,0.0,Premium,Fall,9,1,Tuesday,16,0,95.0,104.2,76,9832.12,6032.12
2025-09-16,ELEC_004,Ergonomic Mechanical Keyboard,Electronics,86.24,89.99,35.0,97.28,0.0,105,4.01,1040,152.45,0.0,Premium,Fall,9,1,Tuesday,16,0,54.71,62.93,51,4398.24,2613.24
2025-09-16,HOME_001,Espresso Machine & Milk Frother,Home & Living,129.43,159.99,65.0,187.07,15.0,852,4.19,963,127.58,0.0,Budget,Fall,9,1,Tuesday,16,0,45.14,48.23,81,10483.83,5218.83
2025-09-16,HOME_002,Cordless Handheld Vacuum Cleaner,Home & Living,71.89,99.99,40.0,101.04,25.0,220,4.28,1079,123.32,0.0,Premium,Fall,9,1,Tuesday,16,0,73.0,68.33,113,8123.57,3603.57
2025-09-16,HOSP_001,Deluxe City Center King Room (Per Night),Hospitality & Stays,182.33,175.0,45.0,174.61,0.0,342,4.32,939,147.33,0.0,Enterprise,Fall,9,1,Tuesday,16,0,110.71,146.37,78,14221.74,10711.74
2025-09-16,HOSP_002,Executive Skyline Suite (Per Night),Hospitality & Stays,363.08,350.0,90.0,358.18,0.0,483,4.09,1015,216.65,0.0,Premium,Fall,9,1,Tuesday,16,0,19.71,27.67,18,6535.44,4915.44
2025-09-16,RIDE_001,Standard Urban Commute Ride (10 km),Rideshare & Mobility,24.62,24.5,8.0,25.24,0.0,797,4.63,969,199.43,0.0,Budget,Fall,9,1,Tuesday,16,0,293.86,339.17,119,2929.78,1977.78
2025-09-16,RIDE_002,Premium Black Airport Transfer,Rideshare & Mobility,64.69,65.0,22.0,63.0,0.0,197,4.38,959,102.43,0.0,Standard,Fall,9,1,Tuesday,16,0,124.43,112.4,104,6727.76,4439.76
2025-09-17,APP_001,Premium Merino Wool Sweater,Apparel & Fashion,79.43,79.99,28.0,80.78,5.0,563,4.22,916,178.79,0.0,Premium,Fall,9,2,Wednesday,17,0,76.86,89.57,66,5242.38,3394.38
2025-09-17,APP_002,Breathable Performance Running Shoes,Apparel & Fashion,121.42,119.99,42.0,117.88,0.0,475,4.88,1115,73.21,0.0,Standard,Fall,9,2,Wednesday,17,0,107.57,120.77,90,10927.8,7147.8
2025-09-17,APP_003,Classic Waterproof Trench Coat,Apparel & Fashion,146.31,149.99,55.0,135.61,0.0,410,4.68,908,136.93,0.0,Standard,Fall,9,2,Wednesday,17,0,33.71,38.63,32,4681.92,2921.92
2025-09-17,ELEC_001,Pro Wireless Noise-Cancelling Headphones,Electronics,192.31,199.99,85.0,181.95,0.0,277,4.86,1000,177.88,0.0,Standard,Fall,9,2,Wednesday,17,0,62.57,71.47,65,12500.15,6975.15
2025-09-17,ELEC_002,Ultra HD 4K Smart TV 55-inch,Electronics,562.97,549.99,280.0,540.5,0.0,404,4.29,1042,99.86,0.0,Enterprise,Fall,9,2,Wednesday,17,0,29.71,36.87,18,10133.46,5093.46
2025-09-17,ELEC_003,Smart Fitness Watch Gen-4,Electronics,129.57,129.99,50.0,132.76,0.0,459,4.56,1068,248.78,0.0,Standard,Fall,9,2,Wednesday,17,0,85.29,102.87,79,10236.03,6286.03
2025-09-17,ELEC_004,Ergonomic Mechanical Keyboard,Electronics,86.34,89.99,35.0,93.26,0.0,775,4.29,911,168.13,0.0,Premium,Fall,9,2,Wednesday,17,0,54.57,62.43,54,4662.36,2772.36
2025-09-17,HOME_001,Espresso Machine & Milk Frother,Home & Living,153.27,159.99,65.0,161.75,0.0,804,4.14,1029,188.49,0.0,Budget,Fall,9,2,Wednesday,17,0,45.57,48.33,48,7356.96,4236.96
2025-09-17,HOME_002,Cordless Handheld Vacuum Cleaner,Home & Living,97.95,99.99,40.0,97.7,0.0,157,4.32,976,111.78,0.0,Standard,Fall,9,2,Wednesday,17,0,70.57,68.47,63,6170.85,3650.85
2025-09-17,HOSP_001,Deluxe City Center King Room (Per Night),Hospitality & Stays,126.56,175.0,45.0,181.48,25.0,767,4.27,1044,207.15,0.0,Budget,Fall,9,2,Wednesday,17,0,139.43,151.33,322,40752.32,26262.32
2025-09-17,HOSP_002,Executive Skyline Suite (Per Night),Hospitality & Stays,342.03,350.0,90.0,325.21,0.0,464,4.38,1018,240.65,0.0,Premium,Fall,9,2,Wednesday,17,0,19.86,27.1,19,6498.57,4788.57
2025-09-17,RIDE_001,Standard Urban Commute Ride (10 km),Rideshare & Mobility,18.73,24.5,8.0,23.13,25.0,101,4.64,1064,192.99,0.0,Standard,Fall,9,2,Wednesday,17,0,347.43,343.3,696,13036.08,7468.08
2025-09-17,RIDE_002,Premium Black Airport Transfer,Rideshare & Mobility,62.91,65.0,22.0,62.99,0.0,90,4.41,1021,149.65,0.0,Budget,Fall,9,2,Wednesday,17,0,129.29,111.4,107,6731.37,4377.37
2025-09-18,APP_001,Premium Merino Wool Sweater,Apparel & Fashion,76.86,79.99,28.0,83.89,0.0,475,4.84,970,217.31,0.0,Standard,Fall,9,3,Thursday,18,0,80.57,88.6,88,6763.68,4299.68
2025-09-18,APP_002,Breathable Performance Running Shoes,Apparel & Fashion,115.45,119.99,42.0,120.58,0.0,364,4.42,980,157.74,0.0,Budget,Fall,9,3,Thursday,18,0,103.14,121.7,111,12814.95,8152.95
2025-09-18,APP_003,Classic Waterproof Trench Coat,Apparel & Fashion,147.88,149.99,55.0,153.58,0.0,380,4.11,1046,167.81,0.0,Premium,Fall,9,3,Thursday,18,0,32.57,38.2,30,4436.4,2786.4
2025-09-18,ELEC_001,Pro Wireless Noise-Cancelling Headphones,Electronics,200.82,199.99,85.0,184.59,0.0,219,4.14,945,219.3,0.0,Premium,Fall,9,3,Thursday,18,0,63.57,70.9,58,11647.56,6717.56
2025-09-18,ELEC_002,Ultra HD 4K Smart TV 55-inch,Electronics,445.05,549.99,280.0,589.64,15.0,358,4.53,994,195.84,0.0,Budget,Fall,9,3,Thursday,18,0,32.43,36.63,46,20472.3,7592.3
2025-09-18,ELEC_003,Smart Fitness Watch Gen-4,Electronics,115.39,129.99,50.0,137.33,15.0,379,4.09,1093,148.54,0.0,Premium,Fall,9,3,Thursday,18,0,85.29,98.4,80,9231.2,5231.2
2025-09-18,ELEC_004,Ergonomic Mechanical Keyboard,Electronics,93.36,89.99,35.0,94.43,0.0,725,4.19,1042,114.42,0.0,Standard,Fall,9,3,Thursday,18,0,53.14,61.73,50,4668.0,2918.0
2025-09-18,HOME_001,Espresso Machine & Milk Frother,Home & Living,117.54,159.99,65.0,166.25,25.0,702,4.76,963,238.04,0.0,Budget,Fall,9,3,Thursday,18,0,54.43,50.3,102,11989.08,5359.08
2025-09-18,HOME_002,Cordless Handheld Vacuum Cleaner,Home & Living,96.24,99.99,40.0,97.28,0.0,81,4.65,989,131.2,0.0,Standard,Fall,9,3,Thursday,18,0,73.0,69.5,76,7314.24,4274.24
2025-09-18,HOSP_001,Deluxe City Center King Room (Per Night),Hospitality & Stays,178.74,175.0,45.0,168.09,0.0,666,4.05,1026,167.63,0.0,Premium,Fall,9,3,Thursday,18,0,135.86,150.0,101,18052.74,13507.74
2025-09-18,HOSP_002,Executive Skyline Suite (Per Night),Hospitality & Stays,291.83,350.0,90.0,348.6,15.0,431,4.74,1063,142.05,0.0,Budget,Fall,9,3,Thursday,18,0,20.29,27.27,33,9630.39,6660.39
2025-09-18,RIDE_001,Standard Urban Commute Ride (10 km),Rideshare & Mobility,25.11,24.5,8.0,24.3,0.0,714,4.82,1042,70.4,0.0,Standard,Fall,9,3,Thursday,18,0,316.71,335.5,101,2536.11,1728.11
2025-09-18,RIDE_002,Premium Black Airport Transfer,Rideshare & Mobility,65.94,65.0,22.0,69.09,0.0,605,4.6,1036,172.05,0.0,Enterprise,Fall,9,3,Thursday,18,0,124.14,109.17,75,4945.5,3295.5
2025-09-19,APP_001,Premium Merino Wool Sweater,Apparel & Fashion,80.33,79.99,28.0,73.64,0.0,409,4.4,1064,213.79,0.0,Standard,Fall,9,4,Friday,19,0,78.71,83.73,66,5301.78,3453.78
2025-09-19,APP_002,Breathable Performance Running Shoes,Apparel & Fashion,122.39,119.99,42.0,102.85,0.0,262,4.11,1007,149.25,0.0,Standard,Fall,9,4,Friday,19,0,103.57,116.8,102,12483.78,8199.78
2025-09-19,APP_003,Classic Waterproof Trench Coat,Apparel & Fashion,152.15,149.99,55.0,165.83,0.0,342,4.69,1048,106.24,0.0,Budget,Fall,9,4,Friday,19,0,33.71,37.5,38,5781.7,3691.7
2025-09-19,ELEC_001,Pro Wireless Noise-Cancelling Headphones,Electronics,195.18,199.99,85.0,197.8,0.0,151,4.18,1083,143.27,0.0,Budget,Fall,9,4,Friday,19,0,65.14,70.33,68,13272.24,7492.24
2025-09-19,ELEC_002,Ultra HD 4K Smart TV 55-inch,Electronics,562.76,549.99,280.0,595.49,0.0,325,4.21,992,164.25,0.0,Budget,Fall,9,4,Friday,19,0,30.57,36.7,33,18571.08,9331.08
2025-09-19,ELEC_003,Smart Fitness Watch Gen-4,Electronics,116.92,129.99,50.0,140.87,10.0,262,4.79,1023,89.68,0.0,Budget,Fall,9,4,Friday,19,0,90.0,99.13,117,13679.64,7829.64
2025-09-19,ELEC_004,Ergonomic Mechanical Keyboard,Electronics,90.4,89.99,35.0,98.31,0.0,665,4.56,956,143.12,0.0,Standard,Fall,9,4,Friday,19,0,52.71,61.3,60,5424.0,3324.0
2025-09-19,HOME_001,Espresso Machine & Milk Frother,Home & Living,167.26,159.99,65.0,158.32,0.0,665,4.46,1047,108.67,0.0,Standard,Fall,9,4,Friday,19,0,53.86,49.6,37,6188.62,3783.62
2025-09-19,HOME_002,Cordless Handheld Vacuum Cleaner,Home & Living,100.56,99.99,40.0,94.41,0.0,489,4.04,1003,200.18,0.0,Premium,Fall,9,4,Friday,19,0,71.43,69.13,53,5329.68,3209.68
2025-09-19,HOSP_001,Deluxe City Center King Room (Per Night),Hospitality & Stays,155.23,175.0,45.0,179.92,10.0,481,4.44,998,128.95,0.0,Budget,Fall,9,4,Friday,19,0,146.0,150.77,185,28717.55,20392.55
2025-09-19,HOSP_002,Executive Skyline Suite (Per Night),Hospitality & Stays,342.04,350.0,90.0,347.13,0.0,415,4.82,1040,194.69,0.0,Enterprise,Fall,9,4,Friday,19,0,19.43,26.53,16,5472.64,4032.64
2025-09-19,RIDE_001,Standard Urban Commute Ride (10 km),Rideshare & Mobility,20.74,24.5,8.0,25.17,15.0,473,4.65,1031,185.2,0.0,Budget,Fall,9,4,Friday,19,0,355.29,345.4,660,13688.4,8408.4
2025-09-19,RIDE_002,Premium Black Airport Transfer,Rideshare & Mobility,66.18,65.0,22.0,66.21,0.0,499,4.1,1055,178.14,0.0,Standard,Fall,9,4,Friday,19,0,117.14,110.13,106,7015.08,4683.08
2025-09-20,APP_001,Premium Merino Wool Sweater,Apparel & Fashion,76.77,79.99,28.0,79.48,0.0,316,4.21,1005,134.46,0.0,Budget,Fall,9,5,Saturday,20,1,84.29,80.3,93,7139.61,4535.61
2025-09-20,APP_002,Breathable Performance Running Shoes,Apparel & Fashion,119.99,119.99,42.0,102.74,0.0,159,4.48,1018,194.34,0.0,Standard,Fall,9,5,Saturday,20,1,102.43,116.87,103,12358.97,8032.97
2025-09-20,APP_003,Classic Waterproof Trench Coat,Apparel & Fashion,155.91,149.99,55.0,147.95,0.0,309,4.76,992,126.65,0.0,Budget,Fall,9,5,Saturday,20,1,34.14,37.47,33,5145.03,3330.03
2025-09-20,ELEC_001,Pro Wireless Noise-Cancelling Headphones,Electronics,201.6,199.99,85.0,200.6,0.0,95,4.13,1048,232.96,0.0,Standard,Fall,9,5,Saturday,20,1,64.43,69.0,56,11289.6,6529.6
2025-09-20,ELEC_002,Ultra HD 4K Smart TV 55-inch,Electronics,545.35,549.99,280.0,567.59,0.0,294,4.23,958,165.46,0.0,Standard,Fall,9,5,Saturday,20,1,31.71,35.6,31,16905.85,8225.85
2025-09-20,ELEC_003,Smart Fitness Watch Gen-4,Electronics,131.32,129.99,50.0,132.94,0.0,185,4.44,1111,98.63,0.0,Standard,Fall,9,5,Saturday,20,1,88.29,99.03,77,10111.64,6261.64
2025-09-20,ELEC_004,Ergonomic Mechanical Keyboard,Electronics,74.15,89.99,35.0,93.45,15.0,562,4.18,1099,178.57,0.0,Budget,Fall,9,5,Saturday,20,1,60.43,62.63,103,7637.45,4032.45
2025-09-20,HOME_001,Espresso Machine & Milk Frother,Home & Living,160.73,159.99,65.0,161.93,0.0,628,4.14,1054,121.67,0.0,Standard,Fall,9,5,Saturday,20,1,54.14,49.7,37,5947.01,3542.01
2025-09-20,HOME_002,Cordless Handheld Vacuum Cleaner,Home & Living,97.98,99.99,40.0,100.31,0.0,408,4.76,1086,134.97,0.0,Budget,Fall,9,5,Saturday,20,1,72.57,68.5,81,7936.38,4696.38
2025-09-20,HOSP_001,Deluxe City Center King Room (Per Night),Hospitality & Stays,183.71,175.0,45.0,171.29,15.0,364,4.86,997,158.34,0.0,Standard,Fall,9,5,Saturday,20,1,147.71,148.1,117,21494.07,16229.07
2025-09-20,HOSP_002,Executive Skyline Suite (Per Night),Hospitality & Stays,398.39,350.0,90.0,335.67,0.0,393,4.07,935,107.85,0.0,Budget,Fall,9,5,Saturday,20,1,19.57,26.37,22,8764.58,6784.58
2025-09-20,RIDE_001,Standard Urban Commute Ride (10 km),Rideshare & Mobility,22.3,24.5,8.0,23.29,10.0,635,4.48,1035,176.68,0.0,Standard,Fall,9,5,Saturday,20,1,377.29,340.6,473,10547.9,6763.9
2025-09-20,RIDE_002,Premium Black Airport Transfer,Rideshare & Mobility,62.57,65.0,22.0,62.04,0.0,388,4.48,1049,138.23,0.0,Standard,Fall,9,5,Saturday,20,1,115.14,110.23,111,6945.27,4503.27
2025-09-21,APP_001,Premium Merino Wool Sweater,Apparel & Fashion,83.38,79.99,28.0,78.09,0.0,271,4.54,1111,172.17,0.0,Enterprise,Fall,9,6,Sunday,21,1,74.86,78.07,45,3752.1,2492.1
2025-09-21,APP_002,Breathable Performance Running Shoes,Apparel & Fashion,119.43,119.99,42.0,109.22,0.0,735,4.8,964,174.64,0.0,Standard,Fall,9,6,Sunday,21,1,106.57,115.97,104,12420.72,8052.72
2025-09-21,APP_003,Classic Waterproof Trench Coat,Apparel & Fashion,114.82,149.99,55.0,150.36,25.0,233,4.84,1049,176.31,0.0,Budget,Fall,9,6,Sunday,21,1,40.29,38.27,76,8726.32,4546.32
2025-09-21,ELEC_001,Pro Wireless Noise-Cancelling Headphones,Electronics,202.4,199.99,85.0,202.91,0.0,599,4.18,1070,131.39,0.0,Standard,Fall,9,6,Sunday,21,1,61.0,68.2,59,11941.6,6926.6
2025-09-21,ELEC_002,Ultra HD 4K Smart TV 55-inch,Electronics,542.22,549.99,280.0,510.2,0.0,273,4.9,1023,69.31,0.0,Standard,Fall,9,6,Sunday,21,1,30.43,35.03,21,11386.62,5506.62
2025-09-21,ELEC_003,Smart Fitness Watch Gen-4,Electronics,124.46,129.99,50.0,131.91,0.0,102,4.88,1025,136.57,0.0,Premium,Fall,9,6,Sunday,21,1,90.0,96.57,83,10330.18,6180.18
2025-09-21,ELEC_004,Ergonomic Mechanical Keyboard,Electronics,91.75,89.99,35.0,89.77,0.0,519,4.39,1015,158.58,0.0,Enterprise,Fall,9,6,Sunday,21,1,58.29,62.1,43,3945.25,2440.25
2025-09-21,HOME_001,Espresso Machine & Milk Frother,Home & Living,154.58,159.99,65.0,158.19,0.0,585,4.66,1061,74.85,0.0,Premium,Fall,9,6,Sunday,21,1,56.29,49.53,43,6646.94,3851.94
2025-09-21,HOME_002,Cordless Handheld Vacuum Cleaner,Home & Living,101.68,99.99,40.0,99.16,0.0,347,4.58,1081,150.69,0.0,Standard,Fall,9,6,Sunday,21,1,69.0,68.63,61,6202.48,3762.48
2025-09-21,HOSP_001,Deluxe City Center King Room (Per Night),Hospitality & Stays,183.17,175.0,45.0,179.1,0.0,209,4.75,1031,127.83,0.0,Standard,Fall,9,6,Sunday,21,1,156.43,147.5,155,28391.35,21416.35
2025-09-21,HOSP_002,Executive Skyline Suite (Per Night),Hospitality & Stays,361.26,350.0,90.0,362.22,5.0,371,4.23,1001,85.78,0.0,Premium,Fall,9,6,Sunday,21,1,20.86,26.23,22,7947.72,5967.72
2025-09-21,RIDE_001,Standard Urban Commute Ride (10 km),Rideshare & Mobility,24.84,24.5,8.0,22.11,0.0,304,4.3,1036,140.13,0.0,Premium,Fall,9,6,Sunday,21,1,399.14,341.2,331,8222.04,5574.04
2025-09-21,RIDE_002,Premium Black Airport Transfer,Rideshare & Mobility,65.08,65.0,22.0,64.21,0.0,230,4.78,1069,154.53,0.0,Budget,Fall,9,6,Sunday,21,1,123.43,111.3,158,10282.64,6806.64
2025-09-22,APP_001,Premium Merino Wool Sweater,Apparel & Fashion,79.04,79.99,28.0,87.02,0.0,195,4.66,1066,157.75,0.0,Premium,Fall,9,0,Monday,22,0,76.14,78.0,76,6007.04,3879.04
2025-09-22,APP_002,Breathable Performance Running Shoes,Apparel & Fashion,94.34,119.99,42.0,111.67,25.0,580,4.38,970,154.42,0.0,Standard,Fall,9,0,Monday,22,0,112.0,117.67,155,14622.7,8112.7
2025-09-22,APP_003,Classic Waterproof Trench Coat,Apparel & Fashion,151.51,149.99,55.0,142.18,0.0,203,4.04,1025,112.39,0.0,Budget,Fall,9,0,Monday,22,0,39.29,37.43,30,4545.3,2895.3
2025-09-22,ELEC_001,Pro Wireless Noise-Cancelling Headphones,Electronics,199.16,199.99,85.0,216.63,0.0,519,4.03,1106,163.07,0.0,Budget,Fall,9,0,Monday,22,0,64.71,68.2,80,15932.8,9132.8
2025-09-22,ELEC_002,Ultra HD 4K Smart TV 55-inch,Electronics,549.57,549.99,280.0,598.07,0.0,249,4.17,1008,85.33,0.0,Premium,Fall,9,0,Monday,22,0,29.86,33.07,24,13189.68,6469.68
2025-09-22,ELEC_003,Smart Fitness Watch Gen-4,Electronics,130.38,129.99,50.0,122.42,0.0,490,4.12,952,206.08,0.0,Budget,Fall,9,0,Monday,22,0,84.71,96.27,81,10560.78,6510.78
2025-09-22,ELEC_004,Ergonomic Mechanical Keyboard,Electronics,87.24,89.99,35.0,91.51,0.0,466,4.67,971,119.29,0.0,Standard,Fall,9,0,Monday,22,0,59.14,61.57,53,4623.72,2768.72
2025-09-22,HOME_001,Espresso Machine & Milk Frother,Home & Living,161.03,159.99,65.0,162.48,0.0,556,4.74,1066,118.06,0.0,Enterprise,Fall,9,0,Monday,22,0,53.86,49.27,29,4669.87,2784.87
2025-09-22,HOME_002,Cordless Handheld Vacuum Cleaner,Home & Living,97.44,99.99,40.0,96.25,0.0,300,4.1,1171,119.02,0.0,Enterprise,Fall,9,0,Monday,22,0,70.57,68.03,47,4579.68,2699.68
2025-09-22,HOSP_001,Deluxe City Center King Room (Per Night),Hospitality & Stays,181.8,175.0,45.0,172.27,0.0,109,4.61,1129,171.06,0.0,Standard,Fall,9,0,Monday,22,0,151.14,141.87,100,18180.0,13680.0
2025-09-22,HOSP_002,Executive Skyline Suite (Per Night),Hospitality & Stays,347.5,350.0,90.0,338.12,0.0,350,4.41,998,138.63,0.0,Budget,Fall,9,0,Monday,22,0,21.57,25.67,21,7297.5,5407.5
2025-09-22,RIDE_001,Standard Urban Commute Ride (10 km),Rideshare & Mobility,23.49,24.5,8.0,24.5,0.0,595,4.47,1002,164.8,0.0,Budget,Fall,9,0,Monday,22,0,383.43,340.97,304,7140.96,4708.96
2025-09-22,RIDE_002,Premium Black Airport Transfer,Rideshare & Mobility,68.18,65.0,22.0,61.4,0.0,139,4.25,1008,97.37,0.0,Standard,Fall,9,0,Monday,22,0,107.43,111.23,91,6204.38,4202.38
2025-09-23,APP_001,Premium Merino Wool Sweater,Apparel & Fashion,77.4,79.99,28.0,78.05,0.0,128,4.57,1002,187.57,0.0,Premium,Fall,9,1,Tuesday,23,0,71.57,78.27,67,5185.8,3309.8
2025-09-23,APP_002,Breathable Performance Running Shoes,Apparel & Fashion,124.75,119.99,42.0,126.84,0.0,495,4.26,980,106.32,0.0,Standard,Fall,9,1,Tuesday,23,0,107.14,115.63,85,10603.75,7033.75
2025-09-23,APP_003,Classic Waterproof Trench Coat,Apparel & Fashion,147.89,149.99,55.0,149.48,0.0,169,4.29,1021,146.01,0.0,Premium,Fall,9,1,Tuesday,23,0,39.0,37.5,34,5028.26,3158.26
2025-09-23,ELEC_001,Pro Wireless Noise-Cancelling Headphones,Electronics,198.52,199.99,85.0,196.37,5.0,458,4.46,1128,158.69,0.0,Standard,Fall,9,1,Tuesday,23,0,63.86,67.1,61,12109.72,6924.72
2025-09-23,ELEC_002,Ultra HD 4K Smart TV 55-inch,Electronics,557.22,549.99,280.0,560.08,0.0,221,4.49,1023,137.39,0.0,Budget,Fall,9,1,Tuesday,23,0,28.71,32.9,28,15602.16,7762.16
2025-09-23,ELEC_003,Smart Fitness Watch Gen-4,Electronics,130.53,129.99,50.0,127.43,0.0,414,4.76,934,164.98,0.0,Premium,Fall,9,1,Tuesday,23,0,84.71,95.6,76,9920.28,6120.28
2025-09-23,ELEC_004,Ergonomic Mechanical Keyboard,Electronics,92.19,89.99,35.0,88.12,0.0,425,4.69,953,162.34,0.0,Premium,Fall,9,1,Tuesday,23,0,57.71,61.3,41,3779.79,2344.79
2025-09-23,HOME_001,Espresso Machine & Milk Frother,Home & Living,146.67,159.99,65.0,155.91,5.0,514,4.27,995,162.33,0.0,Premium,Fall,9,1,Tuesday,23,0,48.29,49.23,42,6160.14,3430.14
2025-09-23,HOME_002,Cordless Handheld Vacuum Cleaner,Home & Living,97.4,99.99,40.0,109.66,0.0,229,4.82,986,168.29,0.0,Standard,Fall,9,1,Tuesday,23,0,64.57,68.47,71,6915.4,4075.4
2025-09-23,HOSP_001,Deluxe City Center King Room (Per Night),Hospitality & Stays,168.93,175.0,45.0,172.74,0.0,691,4.54,1048,112.62,0.0,Standard,Fall,9,1,Tuesday,23,0,155.57,141.07,109,18413.37,13508.37
2025-09-23,HOSP_002,Executive Skyline Suite (Per Night),Hospitality & Stays,345.72,350.0,90.0,327.01,0.0,332,4.31,1055,193.01,0.0,Standard,Fall,9,1,Tuesday,23,0,21.57,25.57,18,6222.96,4602.96
2025-09-23,RIDE_001,Standard Urban Commute Ride (10 km),Rideshare & Mobility,23.83,24.5,8.0,27.72,0.0,202,4.12,1025,100.88,0.0,Standard,Fall,9,1,Tuesday,23,0,422.57,344.47,393,9365.19,6221.19
2025-09-23,RIDE_002,Premium Black Airport Transfer,Rideshare & Mobility,65.26,65.0,22.0,67.48,0.0,627,4.83,1038,193.99,0.0,Premium,Fall,9,1,Tuesday,23,0,105.29,110.73,89,5808.14,3850.14
2025-09-24,APP_001,Premium Merino Wool Sweater,Apparel & Fashion,83.93,79.99,28.0,74.7,0.0,791,4.56,1024,109.4,0.0,Premium,Fall,9,2,Wednesday,24,0,69.57,77.7,52,4364.36,2908.36
2025-09-24,APP_002,Breathable Performance Running Shoes,Apparel & Fashion,124.55,119.99,42.0,121.39,0.0,382,4.83,1014,157.18,0.0,Standard,Fall,9,2,Wednesday,24,0,110.43,111.33,113,14074.15,9328.15
2025-09-24,APP_003,Classic Waterproof Trench Coat,Apparel & Fashion,138.92,149.99,55.0,161.63,10.0,117,4.84,992,182.63,0.0,Budget,Fall,9,2,Wednesday,24,0,41.86,37.73,52,7223.84,4363.84
2025-09-24,ELEC_001,Pro Wireless Noise-Cancelling Headphones,Electronics,201.24,199.99,85.0,199.15,0.0,396,4.4,935,179.68,0.0,Standard,Fall,9,2,Wednesday,24,0,63.43,66.8,62,12476.88,7206.88
2025-09-24,ELEC_002,Ultra HD 4K Smart TV 55-inch,Electronics,534.62,549.99,280.0,524.95,0.0,193,4.15,1137,178.74,0.0,Standard,Fall,9,2,Wednesday,24,0,30.14,31.33,28,14969.36,7129.36
2025-09-24,ELEC_003,Smart Fitness Watch Gen-4,Electronics,126.11,129.99,50.0,127.96,0.0,316,4.07,992,171.27,0.0,Budget,Fall,9,2,Wednesday,24,0,87.43,95.63,98,12358.78,7458.78
2025-09-24,ELEC_004,Ergonomic Mechanical Keyboard,Electronics,90.99,89.99,35.0,89.68,0.0,395,4.09,982,157.01,0.0,Enterprise,Fall,9,2,Wednesday,24,0,54.29,59.87,30,2729.7,1679.7
2025-09-24,HOME_001,Espresso Machine & Milk Frother,Home & Living,156.0,159.99,65.0,160.85,0.0,463,4.37,1030,171.54,0.0,Budget,Fall,9,2,Wednesday,24,0,48.71,49.27,51,7956.0,4641.0
2025-09-24,HOME_002,Cordless Handheld Vacuum Cleaner,Home & Living,94.29,99.99,40.0,88.37,5.0,155,4.43,1046,118.06,0.0,Standard,Fall,9,2,Wednesday,24,0,66.14,68.97,74,6977.46,4017.46
2025-09-24,HOSP_001,Deluxe City Center King Room (Per Night),Hospitality & Stays,183.74,175.0,45.0,191.34,0.0,592,4.18,989,46.4,0.0,Standard,Fall,9,2,Wednesday,24,0,123.71,138.67,99,18190.26,13735.26
2025-09-24,HOSP_002,Executive Skyline Suite (Per Night),Hospitality & Stays,321.69,350.0,90.0,342.36,5.0,303,4.1,1061,95.63,0.0,Budget,Fall,9,2,Wednesday,24,0,23.0,25.53,29,9329.01,6719.01
2025-09-24,RIDE_001,Standard Urban Commute Ride (10 km),Rideshare & Mobility,23.9,24.5,8.0,26.43,5.0,594,4.11,1056,199.84,0.0,Standard,Fall,9,2,Wednesday,24,0,352.0,346.9,202,4827.8,3211.8
2025-09-24,RIDE_002,Premium Black Airport Transfer,Rideshare & Mobility,64.34,65.0,22.0,63.07,0.0,533,4.18,1035,108.19,0.0,Budget,Fall,9,2,Wednesday,24,0,103.43,110.2,94,6047.96,3979.96
2025-09-25,APP_001,Premium Merino Wool Sweater,Apparel & Fashion,79.09,79.99,28.0,81.16,5.0,701,4.45,1024,111.25,0.0,Standard,Fall,9,3,Thursday,25,0,69.86,77.77,90,7118.1,4598.1
2025-09-25,APP_002,Breathable Performance Running Shoes,Apparel & Fashion,115.11,119.99,42.0,107.81,0.0,260,4.56,1044,235.71,0.0,Standard,Fall,9,3,Thursday,25,0,112.0,111.13,122,14043.42,8919.42
2025-09-25,APP_003,Classic Waterproof Trench Coat,Apparel & Fashion,153.6,149.99,55.0,159.7,0.0,80,4.7,1064,129.42,0.0,Standard,Fall,9,3,Thursday,25,0,42.86,37.8,37,5683.2,3648.2
2025-09-25,ELEC_001,Pro Wireless Noise-Cancelling Headphones,Electronics,198.86,199.99,85.0,205.35,0.0,329,4.54,1049,201.23,0.0,Standard,Fall,9,3,Thursday,25,0,64.71,66.87,67,13323.62,7628.62
2025-09-25,ELEC_002,Ultra HD 4K Smart TV 55-inch,Electronics,475.27,549.99,280.0,565.35,15.0,163,4.26,902,113.06,0.0,Enterprise,Fall,9,3,Thursday,25,0,27.86,31.4,30,14258.1,5858.1
2025-09-25,ELEC_003,Smart Fitness Watch Gen-4,Electronics,134.28,129.99,50.0,132.84,0.0,244,4.38,1075,125.21,0.0,Standard,Fall,9,3,Thursday,25,0,86.29,94.63,72,9668.16,6068.16
2025-09-25,ELEC_004,Ergonomic Mechanical Keyboard,Electronics,91.02,89.99,35.0,84.52,0.0,360,4.19,1008,180.46,0.0,Enterprise,Fall,9,3,Thursday,25,0,52.14,57.8,35,3185.7,1960.7
2025-09-25,HOME_001,Espresso Machine & Milk Frother,Home & Living,125.6,159.99,65.0,160.85,20.0,389,4.28,985,155.63,0.0,Budget,Fall,9,3,Thursday,25,0,44.71,50.17,74,9294.4,4484.4
2025-09-25,HOME_002,Cordless Handheld Vacuum Cleaner,Home & Living,94.4,99.99,40.0,101.1,10.0,765,4.85,1051,166.46,0.0,Budget,Fall,9,3,Thursday,25,0,68.14,68.37,90,8496.0,4896.0
2025-09-25,HOSP_001,Deluxe City Center King Room (Per Night),Hospitality & Stays,182.46,175.0,45.0,176.39,0.0,492,4.76,1011,76.56,0.0,Budget,Fall,9,3,Thursday,25,0,123.57,137.73,100,18246.0,13746.0
2025-09-25,HOSP_002,Executive Skyline Suite (Per Night),Hospitality & Stays,345.2,350.0,90.0,371.53,0.0,281,4.17,1001,183.87,0.0,Standard,Fall,9,3,Thursday,25,0,21.43,25.17,22,7594.4,5614.4
2025-09-25,RIDE_001,Standard Urban Commute Ride (10 km),Rideshare & Mobility,24.64,24.5,8.0,24.68,0.0,322,4.54,996,169.5,0.0,Premium,Fall,9,3,Thursday,25,0,376.43,347.47,272,6702.08,4526.08
2025-09-25,RIDE_002,Premium Black Airport Transfer,Rideshare & Mobility,66.56,65.0,22.0,62.99,0.0,468,4.8,1017,139.73,0.0,Premium,Fall,9,3,Thursday,25,0,102.0,108.47,65,4326.4,2896.4
2025-09-26,APP_001,Premium Merino Wool Sweater,Apparel & Fashion,80.72,79.99,28.0,73.7,0.0,637,4.26,979,134.9,0.0,Standard,Fall,9,4,Friday,26,0,69.57,77.23,64,5166.08,3374.08
2025-09-26,APP_002,Breathable Performance Running Shoes,Apparel & Fashion,119.96,119.99,42.0,114.55,0.0,157,4.05,1049,199.38,0.0,Standard,Fall,9,4,Friday,26,0,112.14,111.0,103,12355.88,8029.88
2025-09-26,APP_003,Classic Waterproof Trench Coat,Apparel & Fashion,151.45,149.99,55.0,158.04,0.0,666,4.37,992,135.54,0.0,Budget,Fall,9,4,Friday,26,0,42.71,37.87,37,5603.65,3568.65
2025-09-26,ELEC_001,Pro Wireless Noise-Cancelling Headphones,Electronics,195.11,199.99,85.0,189.76,0.0,272,4.03,996,185.42,0.0,Premium,Fall,9,4,Friday,26,0,63.14,64.3,57,11121.27,6276.27
2025-09-26,ELEC_002,Ultra HD 4K Smart TV 55-inch,Electronics,561.96,549.99,280.0,563.2,0.0,137,4.7,983,191.3,0.0,Premium,Fall,9,4,Friday,26,0,26.86,31.3,26,14610.96,7330.96
2025-09-26,ELEC_003,Smart Fitness Watch Gen-4,Electronics,131.05,129.99,50.0,139.02,0.0,164,4.7,1043,182.65,0.0,Standard,Fall,9,4,Friday,26,0,81.0,93.9,80,10484.0,6484.0
2025-09-26,ELEC_004,Ergonomic Mechanical Keyboard,Electronics,90.89,89.99,35.0,86.12,0.0,301,4.09,1013,104.04,0.0,Standard,Fall,9,4,Friday,26,0,52.0,57.63,59,5362.51,3297.51
2025-09-26,HOME_001,Espresso Machine & Milk Frother,Home & Living,160.06,159.99,65.0,156.65,0.0,357,4.35,1009,152.71,0.0,Premium,Fall,9,4,Friday,26,0,44.0,49.87,32,5121.92,3041.92
2025-09-26,HOME_002,Cordless Handheld Vacuum Cleaner,Home & Living,73.44,99.99,40.0,100.76,25.0,659,4.5,1016,137.99,0.0,Enterprise,Fall,9,4,Friday,26,0,75.71,70.43,106,7784.64,3544.64
2025-09-26,HOSP_001,Deluxe City Center King Room (Per Night),Hospitality & Stays,170.48,175.0,45.0,167.48,0.0,360,4.65,1037,207.78,0.0,Standard,Fall,9,4,Friday,26,0,116.0,135.8,132,22503.36,16563.36
2025-09-26,HOSP_002,Executive Skyline Suite (Per Night),Hospitality & Stays,363.87,350.0,90.0,351.64,0.0,263,4.7,1104,144.3,0.0,Premium,Fall,9,4,Friday,26,0,21.71,24.77,18,6549.66,4929.66
2025-09-26,RIDE_001,Standard Urban Commute Ride (10 km),Rideshare & Mobility,24.02,24.5,8.0,26.15,0.0,689,4.18,996,127.51,0.0,Budget,Fall,9,4,Friday,26,0,328.14,353.27,322,7734.44,5158.44
2025-09-26,RIDE_002,Premium Black Airport Transfer,Rideshare & Mobility,67.19,65.0,22.0,71.45,0.0,346,4.88,1012,102.41,0.0,Budget,Fall,9,4,Friday,26,0,104.29,108.9,122,8197.18,5513.18
2025-09-27,APP_001,Premium Merino Wool Sweater,Apparel & Fashion,76.03,79.99,28.0,82.86,5.0,548,4.59,1049,140.66,0.0,Standard,Fall,9,5,Saturday,27,1,69.0,77.33,89,6766.67,4274.67
2025-09-27,APP_002,Breathable Performance Running Shoes,Apparel & Fashion,125.35,119.99,42.0,122.36,0.0,460,4.06,1021,251.08,0.0,Budget,Fall,9,5,Saturday,27,1,111.71,110.8,100,12535.0,8335.0
2025-09-27,APP_003,Classic Waterproof Trench Coat,Apparel & Fashion,149.6,149.99,55.0,154.17,0.0,637,4.31,1089,160.63,0.0,Premium,Fall,9,5,Saturday,27,1,42.14,36.9,29,4338.4,2743.4
2025-09-27,ELEC_001,Pro Wireless Noise-Cancelling Headphones,Electronics,206.39,199.99,85.0,222.39,0.0,213,4.3,1061,158.47,0.0,Premium,Fall,9,5,Saturday,27,1,63.57,63.97,59,12177.01,7162.01
2025-09-27,ELEC_002,Ultra HD 4K Smart TV 55-inch,Electronics,576.83,549.99,280.0,543.63,0.0,108,4.35,1009,185.9,0.0,Budget,Fall,9,5,Saturday,27,1,26.57,31.13,29,16728.07,8608.07
2025-09-27,ELEC_003,Smart Fitness Watch Gen-4,Electronics,115.87,129.99,50.0,127.55,15.0,807,4.64,1072,129.81,0.0,Premium,Fall,9,5,Saturday,27,1,83.14,91.13,92,10660.04,6060.04
2025-09-27,ELEC_004,Ergonomic Mechanical Keyboard,Electronics,89.62,89.99,35.0,93.02,0.0,262,4.47,986,166.47,0.0,Enterprise,Fall,9,5,Saturday,27,1,42.86,56.77,39,3495.18,2130.18
2025-09-27,HOME_001,Espresso Machine & Milk Frother,Home & Living,125.77,159.99,65.0,163.16,25.0,304,4.2,1041,188.85,0.0,Enterprise,Fall,9,5,Saturday,27,1,46.29,49.83,53,6665.81,3220.81
2025-09-27,HOME_002,Cordless Handheld Vacuum Cleaner,Home & Living,82.72,99.99,40.0,95.28,20.0,559,4.24,1034,151.41,0.0,Standard,Fall,9,5,Saturday,27,1,78.43,71.5,100,8272.0,4272.0
2025-09-27,HOSP_001,Deluxe City Center King Room (Per Night),Hospitality & Stays,217.15,175.0,45.0,180.96,0.0,265,4.82,1027,248.95,0.0,Premium,Fall,9,5,Saturday,27,1,112.86,135.23,95,20629.25,16354.25
2025-09-27,HOSP_002,Executive Skyline Suite (Per Night),Hospitality & Stays,352.67,350.0,90.0,366.62,5.0,227,4.15,1053,114.89,0.0,Budget,Fall,9,5,Saturday,27,1,23.71,24.17,36,12696.12,9456.12
2025-09-27,RIDE_001,Standard Urban Commute Ride (10 km),Rideshare & Mobility,24.53,24.5,8.0,23.4,0.0,371,4.08,1019,203.99,0.0,Premium,Fall,9,5,Saturday,27,1,306.0,350.1,318,7800.54,5256.54
2025-09-27,RIDE_002,Premium Black Airport Transfer,Rideshare & Mobility,57.83,65.0,22.0,63.57,15.0,171,4.8,1075,185.38,0.0,Budget,Fall,9,5,Saturday,27,1,113.43,111.2,175,10120.25,6270.25
2025-09-28,APP_001,Premium Merino Wool Sweater,Apparel & Fashion,83.85,79.99,28.0,77.71,0.0,486,4.34,1067,139.08,0.0,Premium,Fall,9,6,Sunday,28,1,71.43,73.63,62,5198.7,3462.7
2025-09-28,APP_002,Breathable Performance Running Shoes,Apparel & Fashion,114.35,119.99,42.0,126.11,0.0,340,4.89,1017,158.51,0.0,Standard,Fall,9,6,Sunday,28,1,114.0,109.83,120,13722.0,8682.0
2025-09-28,APP_003,Classic Waterproof Trench Coat,Apparel & Fashion,144.21,149.99,55.0,151.31,0.0,596,4.05,961,131.68,0.0,Budget,Fall,9,6,Sunday,28,1,37.14,37.03,41,5912.61,3657.61
2025-09-28,ELEC_001,Pro Wireless Noise-Cancelling Headphones,Electronics,153.79,199.99,85.0,212.08,25.0,98,4.69,968,197.56,0.0,Premium,Fall,9,6,Sunday,28,1,71.57,65.33,115,17685.85,7910.85
2025-09-28,ELEC_002,Ultra HD 4K Smart TV 55-inch,Electronics,535.38,549.99,280.0,528.1,0.0,80,4.02,992,99.14,0.0,Budget,Fall,9,6,Sunday,28,1,27.57,30.87,28,14990.64,7150.64
2025-09-28,ELEC_003,Smart Fitness Watch Gen-4,Electronics,135.83,129.99,50.0,128.2,0.0,735,4.9,954,181.28,0.0,Standard,Fall,9,6,Sunday,28,1,81.57,89.93,72,9779.76,6179.76
2025-09-28,ELEC_004,Ergonomic Mechanical Keyboard,Electronics,86.87,89.99,35.0,90.97,0.0,199,4.43,1113,123.07,0.0,Premium,Fall,9,6,Sunday,28,1,45.71,57.1,63,5472.81,3267.81
2025-09-28,HOME_001,Espresso Machine & Milk Frother,Home & Living,139.05,159.99,65.0,152.38,15.0,246,4.32,1055,123.48,0.0,Budget,Fall,9,6,Sunday,28,1,48.43,50.4,58,8064.9,4294.9
2025-09-28,HOME_002,Cordless Handheld Vacuum Cleaner,Home & Living,97.28,99.99,40.0,103.51,0.0,500,4.52,1046,104.42,0.0,Premium,Fall,9,6,Sunday,28,1,78.14,70.57,59,5739.52,3379.52
2025-09-28,HOSP_001,Deluxe City Center King Room (Per Night),Hospitality & Stays,202.54,175.0,45.0,180.3,0.0,136,4.76,1086,97.49,0.0,Budget,Fall,9,6,Sunday,28,1,109.14,134.93,129,26127.66,20322.66
2025-09-28,HOSP_002,Executive Skyline Suite (Per Night),Hospitality & Stays,400.66,350.0,90.0,324.8,0.0,207,4.01,1016,217.38,0.0,Budget,Fall,9,6,Sunday,28,1,23.43,23.4,20,8013.2,6213.2
2025-09-28,RIDE_001,Standard Urban Commute Ride (10 km),Rideshare & Mobility,23.45,24.5,8.0,26.05,0.0,784,4.31,939,195.17,0.0,Standard,Fall,9,6,Sunday,28,1,311.71,352.53,371,8699.95,5731.95
2025-09-28,RIDE_002,Premium Black Airport Transfer,Rideshare & Mobility,65.86,65.0,22.0,66.47,0.0,828,4.6,984,162.02,0.0,Standard,Fall,9,6,Sunday,28,1,107.29,111.7,115,7573.9,5043.9
2025-09-29,APP_001,Premium Merino Wool Sweater,Apparel & Fashion,76.81,79.99,28.0,81.99,0.0,414,4.54,953,176.24,0.0,Premium,Fall,9,0,Monday,29,0,70.86,73.13,72,5530.32,3514.32
2025-09-29,APP_002,Breathable Performance Running Shoes,Apparel & Fashion,106.47,119.99,42.0,124.82,10.0,222,4.73,984,49.59,0.0,Premium,Fall,9,0,Monday,29,0,108.71,107.9,118,12563.46,7607.46
2025-09-29,APP_003,Classic Waterproof Trench Coat,Apparel & Fashion,145.39,149.99,55.0,151.9,0.0,554,4.07,984,125.2,0.0,Budget,Fall,9,0,Monday,29,0,38.86,37.27,42,6106.38,3796.38
2025-09-29,ELEC_001,Pro Wireless Noise-Cancelling Headphones,Electronics,191.54,199.99,85.0,192.32,0.0,683,4.37,1052,122.99,0.0,Budget,Fall,9,0,Monday,29,0,70.57,65.23,73,13982.42,7777.42
2025-09-29,ELEC_002,Ultra HD 4K Smart TV 55-inch,Electronics,474.51,549.99,280.0,576.15,15.0,583,4.67,1068,181.55,0.0,Standard,Fall,9,0,Monday,29,0,30.57,30.83,45,21352.95,8752.95
2025-09-29,ELEC_003,Smart Fitness Watch Gen-4,Electronics,113.25,129.99,50.0,124.16,10.0,624,4.76,890,139.52,0.0,Standard,Fall,9,0,Monday,29,0,85.86,90.97,111,12570.75,7020.75
2025-09-29,ELEC_004,Ergonomic Mechanical Keyboard,Electronics,88.54,89.99,35.0,86.35,0.0,145,4.51,1060,123.97,0.0,Standard,Fall,9,0,Monday,29,0,45.86,56.7,54,4781.16,2891.16
2025-09-29,HOME_001,Espresso Machine & Milk Frother,Home & Living,123.97,159.99,65.0,159.65,20.0,184,4.69,967,176.07,0.0,Premium,Fall,9,0,Monday,29,0,53.14,49.57,62,7686.14,3656.14
2025-09-29,HOME_002,Cordless Handheld Vacuum Cleaner,Home & Living,100.51,99.99,40.0,99.95,0.0,438,4.15,1048,143.71,0.0,Standard,Fall,9,0,Monday,29,0,80.29,70.13,62,6231.62,3751.62
2025-09-29,HOSP_001,Deluxe City Center King Room (Per Night),Hospitality & Stays,169.52,175.0,45.0,177.97,0.0,624,4.55,1090,144.92,0.0,Standard,Fall,9,0,Monday,29,0,111.43,128.3,116,19664.32,14444.32
2025-09-29,HOSP_002,Executive Skyline Suite (Per Night),Hospitality & Stays,265.94,350.0,90.0,338.39,25.0,172,4.2,987,149.35,0.0,Budget,Fall,9,0,Monday,29,0,25.43,23.43,35,9307.9,6157.9
2025-09-29,RIDE_001,Standard Urban Commute Ride (10 km),Rideshare & Mobility,19.71,24.5,8.0,23.63,20.0,499,4.65,999,155.3,0.0,Budget,Fall,9,0,Monday,29,0,380.29,357.23,784,15452.64,9180.64
2025-09-29,RIDE_002,Premium Black Airport Transfer,Rideshare & Mobility,65.23,65.0,22.0,66.92,0.0,694,4.32,1088,151.8,0.0,Budget,Fall,9,0,Monday,29,0,113.43,111.87,134,8740.82,5792.82
2025-09-30,APP_001,Premium Merino Wool Sweater,Apparel & Fashion,62.81,79.99,28.0,75.68,20.0,258,4.89,1022,215.6,0.0,Budget,Fall,9,1,Tuesday,30,0,83.57,76.37,156,9798.36,5430.36
2025-09-30,APP_002,Breathable Performance Running Shoes,Apparel & Fashion,117.13,119.99,42.0,101.27,0.0,136,4.29,1093,157.92,0.0,Premium,Fall,9,1,Tuesday,30,0,108.86,106.13,86,10073.18,6461.18
2025-09-30,APP_003,Classic Waterproof Trench Coat,Apparel & Fashion,144.48,149.99,55.0,147.48,0.0,511,4.89,1018,172.46,0.0,Budget,Fall,9,1,Tuesday,30,0,40.14,37.27,43,6212.64,3847.64
2025-09-30,ELEC_001,Pro Wireless Noise-Cancelling Headphones,Electronics,190.11,199.99,85.0,210.96,0.0,599,4.09,1138,165.62,0.0,Budget,Fall,9,1,Tuesday,30,0,73.86,66.27,84,15969.24,8829.24
2025-09-30,ELEC_002,Ultra HD 4K Smart TV 55-inch,Electronics,544.85,549.99,280.0,539.03,0.0,559,4.69,1106,188.21,0.0,Premium,Fall,9,1,Tuesday,30,0,30.0,30.37,24,13076.4,6356.4
2025-09-30,ELEC_003,Smart Fitness Watch Gen-4,Electronics,118.68,129.99,50.0,131.64,5.0,517,4.42,1017,156.37,0.0,Budget,Fall,9,1,Tuesday,30,0,90.29,91.87,107,12698.76,7348.76
2025-09-30,ELEC_004,Ergonomic Mechanical Keyboard,Electronics,92.95,89.99,35.0,96.85,0.0,89,4.38,1010,153.62,0.0,Budget,Fall,9,1,Tuesday,30,0,48.0,56.2,56,5205.2,3245.2
2025-09-30,HOME_001,Espresso Machine & Milk Frother,Home & Living,132.25,159.99,65.0,175.52,20.0,115,4.62,1044,124.17,0.0,Budget,Fall,9,1,Tuesday,30,0,57.0,50.8,69,9125.25,4640.25
2025-09-30,HOME_002,Cordless Handheld Vacuum Cleaner,Home & Living,104.27,99.99,40.0,96.76,0.0,376,4.06,1044,193.79,0.0,Budget,Fall,9,1,Tuesday,30,0,79.0,70.43,62,6464.74,3984.74
2025-09-30,HOSP_001,Deluxe City Center King Room (Per Night),Hospitality & Stays,175.75,175.0,45.0,175.65,0.0,531,4.73,1064,213.28,0.0,Enterprise,Fall,9,1,Tuesday,30,0,109.14,126.1,93,16344.75,12159.75
2025-09-30,HOSP_002,Executive Skyline Suite (Per Night),Hospitality & Stays,266.55,350.0,90.0,346.98,20.0,142,4.06,1029,145.18,0.0,Premium,Fall,9,1,Tuesday,30,0,27.14,23.3,30,7996.5,5296.5
2025-09-30,RIDE_001,Standard Urban Commute Ride (10 km),Rideshare & Mobility,25.25,24.5,8.0,24.85,0.0,159,4.69,1025,177.64,0.0,Budget,Fall,9,1,Tuesday,30,0,372.71,351.57,340,8585.0,5865.0
2025-09-30,RIDE_002,Premium Black Airport Transfer,Rideshare & Mobility,65.43,65.0,22.0,64.62,0.0,580,4.1,1043,156.28,0.0,Budget,Fall,9,1,Tuesday,30,0,117.0,112.43,114,7459.02,4951.02
2025-10-01,APP_001,Premium Merino Wool Sweater,Apparel & Fashion,80.04,79.99,28.0,79.84,0.0,196,4.8,1034,77.74,0.0,Premium,Fall,10,2,Wednesday,1,0,85.0,75.77,62,4962.48,3226.48
2025-10-01,APP_002,Breathable Performance Running Shoes,Apparel & Fashion,117.81,119.99,42.0,121.96,0.0,539,4.14,960,52.81,0.0,Budget,Fall,10,2,Wednesday,1,0,109.29,107.27,116,13665.96,8793.96
2025-10-01,APP_003,Classic Waterproof Trench Coat,Apparel & Fashion,130.12,149.99,55.0,152.05,10.0,460,4.07,980,99.62,0.0,Standard,Fall,10,2,Wednesday,1,0,40.0,37.4,51,6636.12,3831.12
2025-10-01,ELEC_001,Pro Wireless Noise-Cancelling Headphones,Electronics,192.89,199.99,85.0,195.26,0.0,539,4.64,1077,105.93,0.0,Premium,Fall,10,2,Wednesday,1,0,73.57,66.43,60,11573.4,6473.4
2025-10-01,ELEC_002,Ultra HD 4K Smart TV 55-inch,Electronics,566.77,549.99,280.0,563.47,0.0,530,4.77,1073,153.25,0.0,Budget,Fall,10,2,Wednesday,1,0,30.14,30.27,29,16436.33,8316.33
2025-10-01,ELEC_003,Smart Fitness Watch Gen-4,Electronics,130.63,129.99,50.0,141.46,0.0,443,4.52,1185,172.65,0.0,Premium,Fall,10,2,Wednesday,1,0,86.86,90.77,74,9666.62,5966.62
2025-10-01,ELEC_004,Ergonomic Mechanical Keyboard,Electronics,93.65,89.99,35.0,90.13,0.0,807,4.56,1072,106.72,0.0,Standard,Fall,10,2,Wednesday,1,0,50.43,55.77,47,4401.55,2756.55
2025-10-01,HOME_001,Espresso Machine & Milk Frother,Home & Living,156.65,159.99,65.0,164.59,0.0,792,4.69,1081,127.02,0.0,Premium,Fall,10,2,Wednesday,1,0,55.29,48.8,39,6109.35,3574.35
2025-10-01,HOME_002,Cordless Handheld Vacuum Cleaner,Home & Living,101.07,99.99,40.0,95.76,0.0,315,4.19,989,222.6,0.0,Budget,Fall,10,2,Wednesday,1,0,77.14,70.47,61,6165.27,3725.27
2025-10-01,HOSP_001,Deluxe City Center King Room (Per Night),Hospitality & Stays,177.79,175.0,45.0,162.02,0.0,427,4.01,1119,216.95,0.0,Standard,Fall,10,2,Wednesday,1,0,109.86,122.0,104,18490.16,13810.16
2025-10-01,HOSP_002,Executive Skyline Suite (Per Night),Hospitality & Stays,349.58,350.0,90.0,336.45,0.0,123,4.09,1022,176.38,0.0,Premium,Fall,10,2,Wednesday,1,0,25.71,23.3,19,6642.02,4932.02
2025-10-01,RIDE_001,Standard Urban Commute Ride (10 km),Rideshare & Mobility,24.61,24.5,8.0,25.16,0.0,618,4.88,957,149.68,0.0,Standard,Fall,10,2,Wednesday,1,0,366.57,351.13,159,3912.99,2640.99
2025-10-01,RIDE_002,Premium Black Airport Transfer,Rideshare & Mobility,67.09,65.0,22.0,66.14,0.0,495,4.06,1027,181.79,0.0,Standard,Fall,10,2,Wednesday,1,0,115.71,110.73,85,5702.65,3832.65
2025-10-02,APP_001,Premium Merino Wool Sweater,Apparel & Fashion,62.46,79.99,28.0,73.79,20.0,807,4.77,1016,146.83,0.0,Standard,Fall,10,3,Thursday,2,0,92.29,78.7,141,8806.86,4858.86
2025-10-02,APP_002,Breathable Performance Running Shoes,Apparel & Fashion,123.42,119.99,42.0,116.55,0.0,455,4.2,1104,167.39,0.0,Standard,Fall,10,3,Thursday,2,0,103.86,106.53,84,10367.28,6839.28
2025-10-02,APP_003,Classic Waterproof Trench Coat,Apparel & Fashion,149.36,149.99,55.0,158.86,0.0,424,4.65,1022,205.63,0.0,Standard,Fall,10,3,Thursday,2,0,39.86,37.17,36,5376.96,3396.96
2025-10-02,ELEC_001,Pro Wireless Noise-Cancelling Headphones,Electronics,161.87,199.99,85.0,184.06,15.0,417,4.52,1010,156.88,0.0,Budget,Fall,10,3,Thursday,2,0,81.43,67.3,122,19748.14,9378.14
2025-10-02,ELEC_002,Ultra HD 4K Smart TV 55-inch,Electronics,557.97,549.99,280.0,553.47,0.0,504,4.02,989,178.91,0.0,Standard,Fall,10,3,Thursday,2,0,29.57,29.53,26,14507.22,7227.22
2025-10-02,ELEC_003,Smart Fitness Watch Gen-4,Electronics,134.26,129.99,50.0,135.04,0.0,360,4.74,1023,173.78,0.0,Budget,Fall,10,3,Thursday,2,0,88.43,90.17,83,11143.58,6993.58
2025-10-02,ELEC_004,Ergonomic Mechanical Keyboard,Electronics,79.11,89.99,35.0,87.16,10.0,729,4.07,1193,126.19,0.0,Budget,Fall,10,3,Thursday,2,0,56.57,56.83,78,6170.58,3440.58
2025-10-02,HOME_001,Espresso Machine & Milk Frother,Home & Living,160.71,159.99,65.0,173.52,0.0,748,4.54,1009,138.77,0.0,Budget,Fall,10,3,Thursday,2,0,51.0,47.97,44,7071.24,4211.24
2025-10-02,HOME_002,Cordless Handheld Vacuum Cleaner,Home & Living,82.81,99.99,40.0,102.09,20.0,201,4.02,994,95.54,0.0,Standard,Fall,10,3,Thursday,2,0,80.57,72.17,114,9440.34,4880.34
2025-10-02,HOSP_001,Deluxe City Center King Room (Per Night),Hospitality & Stays,171.38,175.0,45.0,172.72,0.0,318,4.08,1122,205.16,0.0,Budget,Fall,10,3,Thursday,2,0,111.14,121.93,109,18680.42,13775.42
2025-10-02,HOSP_002,Executive Skyline Suite (Per Night),Hospitality & Stays,348.7,350.0,90.0,372.66,0.0,103,4.86,1143,143.41,0.0,Standard,Fall,10,3,Thursday,2,0,25.43,23.07,20,6974.0,5174.0
2025-10-02,RIDE_001,Standard Urban Commute Ride (10 km),Rideshare & Mobility,24.31,24.5,8.0,25.61,0.0,254,4.61,984,199.47,0.0,Standard,Fall,10,3,Thursday,2,0,379.71,352.17,364,8848.84,5936.84
2025-10-02,RIDE_002,Premium Black Airport Transfer,Rideshare & Mobility,67.27,65.0,22.0,66.29,0.0,422,4.63,1039,155.95,0.0,Premium,Fall,10,3,Thursday,2,0,116.86,110.97,73,4910.71,3304.71
2025-10-03,APP_001,Premium Merino Wool Sweater,Apparel & Fashion,76.66,79.99,28.0,78.88,5.0,727,4.68,1098,84.87,0.0,Budget,Fall,10,4,Friday,3,0,94.57,79.1,80,6132.8,3892.8
2025-10-03,APP_002,Breathable Performance Running Shoes,Apparel & Fashion,120.99,119.99,42.0,119.1,0.0,364,4.05,1073,133.29,0.0,Standard,Fall,10,4,Friday,3,0,102.14,106.6,91,11010.09,7188.09
2025-10-03,APP_003,Classic Waterproof Trench Coat,Apparel & Fashion,152.41,149.99,55.0,150.86,0.0,398,4.81,918,147.23,0.0,Premium,Fall,10,4,Friday,3,0,38.29,36.9,26,3962.66,2532.66
2025-10-03,ELEC_001,Pro Wireless Noise-Cancelling Headphones,Electronics,181.54,199.99,85.0,214.8,10.0,328,4.56,1026,158.39,0.0,Budget,Fall,10,4,Friday,3,0,86.0,68.03,89,16157.06,8592.06
2025-10-03,ELEC_002,Ultra HD 4K Smart TV 55-inch,Electronics,526.46,549.99,280.0,494.08,0.0,474,4.62,1155,213.71,0.0,Standard,Fall,10,4,Friday,3,0,30.14,29.8,30,15793.8,7393.8
2025-10-03,ELEC_003,Smart Fitness Watch Gen-4,Electronics,126.48,129.99,50.0,123.13,0.0,266,4.0,997,117.15,0.0,Budget,Fall,10,4,Friday,3,0,90.43,90.67,94,11889.12,7189.12
2025-10-03,ELEC_004,Ergonomic Mechanical Keyboard,Electronics,89.87,89.99,35.0,80.85,0.0,678,4.38,1120,191.24,0.0,Standard,Fall,10,4,Friday,3,0,55.43,56.47,51,4583.37,2798.37
2025-10-03,HOME_001,Espresso Machine & Milk Frother,Home & Living,154.33,159.99,65.0,160.32,0.0,702,4.68,990,177.53,0.0,Standard,Fall,10,4,Friday,3,0,53.0,48.0,46,7099.18,4109.18
2025-10-03,HOME_002,Cordless Handheld Vacuum Cleaner,Home & Living,104.79,99.99,40.0,96.89,0.0,147,4.88,1014,133.25,0.0,Standard,Fall,10,4,Friday,3,0,73.14,72.2,54,5658.66,3498.66
2025-10-03,HOSP_001,Deluxe City Center King Room (Per Night),Hospitality & Stays,177.3,175.0,45.0,181.72,0.0,187,4.7,992,124.49,0.0,Standard,Fall,10,4,Friday,3,0,111.0,122.37,131,23226.3,17331.3
2025-10-03,HOSP_002,Executive Skyline Suite (Per Night),Hospitality & Stays,340.68,350.0,90.0,320.28,0.0,636,4.31,1023,150.61,0.0,Budget,Fall,10,4,Friday,3,0,26.43,23.17,25,8517.0,6267.0
2025-10-03,RIDE_001,Standard Urban Commute Ride (10 km),Rideshare & Mobility,24.58,24.5,8.0,25.78,0.0,410,4.06,1055,72.1,0.0,Standard,Fall,10,4,Friday,3,0,370.0,351.0,254,6243.32,4211.32
2025-10-03,RIDE_002,Premium Black Airport Transfer,Rideshare & Mobility,66.88,65.0,22.0,66.82,0.0,285,4.82,1165,183.14,0.0,Budget,Fall,10,4,Friday,3,0,119.0,112.13,137,9162.56,6148.56
2025-10-04,APP_001,Premium Merino Wool Sweater,Apparel & Fashion,80.22,79.99,28.0,78.16,0.0,655,4.85,1032,156.62,0.0,Standard,Fall,10,5,Saturday,4,1,92.14,79.27,72,5775.84,3759.84
2025-10-04,APP_002,Breathable Performance Running Shoes,Apparel & Fashion,106.41,119.99,42.0,128.93,15.0,207,4.19,1138,116.76,0.0,Standard,Fall,10,5,Saturday,4,1,110.29,108.73,157,16706.37,10112.37
2025-10-04,APP_003,Classic Waterproof Trench Coat,Apparel & Fashion,146.27,149.99,55.0,144.2,0.0,375,4.02,1047,165.35,0.0,Enterprise,Fall,10,5,Saturday,4,1,37.43,36.6,23,3364.21,2099.21
2025-10-04,ELEC_001,Pro Wireless Noise-Cancelling Headphones,Electronics,201.04,199.99,85.0,208.42,0.0,261,4.47,1079,165.7,0.0,Budget,Fall,10,5,Saturday,4,1,87.14,68.2,67,13469.68,7774.68
2025-10-04,ELEC_002,Ultra HD 4K Smart TV 55-inch,Electronics,400.66,549.99,280.0,561.17,25.0,418,4.55,1003,159.29,0.0,Premium,Fall,10,5,Saturday,4,1,34.0,29.8,56,22436.96,6756.96
2025-10-04,ELEC_003,Smart Fitness Watch Gen-4,Electronics,124.07,129.99,50.0,125.98,0.0,155,4.87,984,111.32,0.0,Budget,Fall,10,5,Saturday,4,1,93.14,91.67,111,13771.77,8221.77
2025-10-04,ELEC_004,Ergonomic Mechanical Keyboard,Electronics,83.81,89.99,35.0,84.5,10.0,616,4.78,989,208.19,0.0,Premium,Fall,10,5,Saturday,4,1,58.71,56.33,62,5196.22,3026.22
2025-10-04,HOME_001,Espresso Machine & Milk Frother,Home & Living,158.18,159.99,65.0,163.53,0.0,658,4.32,1021,132.94,0.0,Budget,Fall,10,5,Saturday,4,1,51.71,47.73,44,6959.92,4099.92
2025-10-04,HOME_002,Cordless Handheld Vacuum Cleaner,Home & Living,100.1,99.99,40.0,107.41,0.0,85,4.58,1029,164.94,0.0,Standard,Fall,10,5,Saturday,4,1,67.71,71.9,62,6206.2,3726.2
2025-10-04,HOSP_001,Deluxe City Center King Room (Per Night),Hospitality & Stays,187.79,175.0,45.0,184.34,0.0,865,4.15,1044,188.43,0.0,Standard,Fall,10,5,Saturday,4,1,113.71,123.17,114,21408.06,16278.06
2025-10-04,HOSP_002,Executive Skyline Suite (Per Night),Hospitality & Stays,405.01,350.0,90.0,346.64,0.0,614,4.23,1094,86.2,0.0,Standard,Fall,10,5,Saturday,4,1,24.43,23.2,22,8910.22,6930.22
2025-10-04,RIDE_001,Standard Urban Commute Ride (10 km),Rideshare & Mobility,25.07,24.5,8.0,25.78,0.0,592,4.38,1044,154.6,0.0,Standard,Fall,10,5,Saturday,4,1,382.29,350.67,404,10128.28,6896.28
2025-10-04,RIDE_002,Premium Black Airport Transfer,Rideshare & Mobility,66.27,65.0,22.0,62.54,0.0,152,4.68,1085,136.63,0.0,Budget,Fall,10,5,Saturday,4,1,113.0,112.77,133,8813.91,5887.91
2025-10-05,APP_001,Premium Merino Wool Sweater,Apparel & Fashion,76.32,79.99,28.0,84.31,0.0,573,4.61,1056,116.72,0.0,Standard,Fall,10,6,Sunday,5,1,95.0,79.1,82,6258.24,3962.24
2025-10-05,APP_002,Breathable Performance Running Shoes,Apparel & Fashion,114.98,119.99,42.0,127.15,0.0,83,4.32,1130,85.48,0.0,Budget,Fall,10,6,Sunday,5,1,110.86,109.63,124,14257.52,9049.52
2025-10-05,APP_003,Classic Waterproof Trench Coat,Apparel & Fashion,132.39,149.99,55.0,149.26,15.0,325,4.27,1004,214.45,0.0,Standard,Fall,10,6,Sunday,5,1,38.71,37.3,50,6619.5,3869.5
2025-10-05,ELEC_001,Pro Wireless Noise-Cancelling Headphones,Electronics,183.98,199.99,85.0,181.66,10.0,185,4.24,1052,115.19,0.0,Budget,Fall,10,6,Sunday,5,1,81.57,68.4,76,13982.48,7522.48
2025-10-05,ELEC_002,Ultra HD 4K Smart TV 55-inch,Electronics,473.21,549.99,280.0,506.79,15.0,385,4.84,1082,176.7,0.0,Premium,Fall,10,6,Sunday,5,1,34.71,29.9,33,15615.93,6375.93
2025-10-05,ELEC_003,Smart Fitness Watch Gen-4,Electronics,108.89,129.99,50.0,143.71,15.0,694,4.07,1010,189.02,0.0,Budget,Fall,10,6,Sunday,5,1,104.14,93.97,149,16224.61,8774.61
2025-10-05,ELEC_004,Ergonomic Mechanical Keyboard,Electronics,94.2,89.99,35.0,91.3,0.0,565,4.9,1064,52.27,0.0,Standard,Fall,10,6,Sunday,5,1,57.0,56.17,51,4804.2,3019.2
2025-10-05,HOME_001,Espresso Machine & Milk Frother,Home & Living,152.45,159.99,65.0,167.69,0.0,617,4.79,1054,95.84,0.0,Premium,Fall,10,6,Sunday,5,1,49.29,47.63,41,6250.45,3585.45
2025-10-05,HOME_002,Cordless Handheld Vacuum Cleaner,Home & Living,104.49,99.99,40.0,98.59,0.0,498,4.5,1066,158.15,0.0,Premium,Fall,10,6,Sunday,5,1,66.29,70.47,49,5120.01,3160.01
2025-10-05,HOSP_001,Deluxe City Center King Room (Per Night),Hospitality & Stays,165.33,175.0,45.0,174.74,15.0,655,4.54,1117,221.97,0.0,Budget,Fall,10,6,Sunday,5,1,125.29,125.53,210,34719.3,25269.3
2025-10-05,HOSP_002,Executive Skyline Suite (Per Night),Hospitality & Stays,426.36,350.0,90.0,340.11,0.0,596,4.74,1089,96.49,0.0,Budget,Fall,10,6,Sunday,5,1,24.14,23.2,18,7674.48,6054.48
2025-10-05,RIDE_001,Standard Urban Commute Ride (10 km),Rideshare & Mobility,25.12,24.5,8.0,24.39,0.0,158,4.35,989,200.3,0.0,Standard,Fall,10,6,Sunday,5,1,391.29,362.23,434,10902.08,7430.08
2025-10-05,RIDE_002,Premium Black Airport Transfer,Rideshare & Mobility,64.63,65.0,22.0,66.17,0.0,552,4.57,1060,65.19,0.0,Budget,Fall,10,6,Sunday,5,1,116.29,113.43,138,8918.94,5882.94
2025-10-06,APP_001,Premium Merino Wool Sweater,Apparel & Fashion,79.66,79.99,28.0,78.71,0.0,491,4.88,995,203.87,0.0,Standard,Fall,10,0,Monday,6,0,96.43,79.37,82,6532.12,4236.12
2025-10-06,APP_002,Breathable Performance Running Shoes,Apparel & Fashion,114.75,119.99,42.0,117.86,0.0,642,4.85,1008,181.16,0.0,Budget,Fall,10,0,Monday,6,0,105.86,108.7,83,9524.25,6038.25
2025-10-06,APP_003,Classic Waterproof Trench Coat,Apparel & Fashion,146.17,149.99,55.0,150.87,0.0,284,4.5,1082,160.52,0.0,Budget,Fall,10,0,Monday,6,0,38.57,37.33,41,5992.97,3737.97
2025-10-06,ELEC_001,Pro Wireless Noise-Cancelling Headphones,Electronics,207.9,199.99,85.0,207.06,0.0,138,4.52,1102,67.06,0.0,Premium,Fall,10,0,Monday,6,0,77.86,68.27,47,9771.3,5776.3
2025-10-06,ELEC_002,Ultra HD 4K Smart TV 55-inch,Electronics,536.83,549.99,280.0,606.6,0.0,350,4.27,1068,154.58,0.0,Budget,Fall,10,0,Monday,6,0,33.29,30.17,35,18789.05,8989.05
2025-10-06,ELEC_003,Smart Fitness Watch Gen-4,Electronics,122.83,129.99,50.0,138.37,5.0,603,4.41,1000,185.16,0.0,Standard,Fall,10,0,Monday,6,0,101.29,93.23,91,11177.53,6627.53
2025-10-06,ELEC_004,Ergonomic Mechanical Keyboard,Electronics,87.41,89.99,35.0,90.04,0.0,503,4.38,1021,145.63,0.0,Standard,Fall,10,0,Monday,6,0,58.14,56.17,62,5419.42,3249.42
2025-10-06,HOME_001,Espresso Machine & Milk Frother,Home & Living,119.13,159.99,65.0,150.81,25.0,553,4.25,1014,118.99,0.0,Premium,Fall,10,0,Monday,6,0,49.57,48.2,64,7624.32,3464.32
2025-10-06,HOME_002,Cordless Handheld Vacuum Cleaner,Home & Living,97.02,99.99,40.0,96.98,0.0,430,4.36,1115,181.71,0.0,Budget,Fall,10,0,Monday,6,0,67.14,70.5,68,6597.36,3877.36
2025-10-06,HOSP_001,Deluxe City Center King Room (Per Night),Hospitality & Stays,177.83,175.0,45.0,166.12,0.0,556,4.14,1064,194.51,0.0,Standard,Fall,10,0,Monday,6,0,122.86,125.13,99,17605.17,13150.17
2025-10-06,HOSP_002,Executive Skyline Suite (Per Night),Hospitality & Stays,347.02,350.0,90.0,349.24,0.0,572,4.41,1066,134.17,0.0,Budget,Fall,10,0,Monday,6,0,22.57,23.13,24,8328.48,6168.48
2025-10-06,RIDE_001,Standard Urban Commute Ride (10 km),Rideshare & Mobility,25.32,24.5,8.0,26.06,0.0,456,4.57,1076,130.61,0.0,Budget,Fall,10,0,Monday,6,0,301.86,352.13,158,4000.56,2736.56
2025-10-06,RIDE_002,Premium Black Airport Transfer,Rideshare & Mobility,57.53,65.0,22.0,68.0,10.0,388,4.12,1033,142.84,0.0,Standard,Fall,10,0,Monday,6,0,120.57,115.6,164,9434.92,5826.92
2025-10-07,APP_001,Premium Merino Wool Sweater,Apparel & Fashion,77.9,79.99,28.0,84.11,0.0,399,4.18,1051,187.73,0.0,Budget,Fall,10,1,Tuesday,7,0,87.29,79.9,92,7166.8,4590.8
2025-10-07,APP_002,Breathable Performance Running Shoes,Apparel & Fashion,120.9,119.99,42.0,122.19,0.0,524,4.77,1059,125.19,0.0,Budget,Fall,10,1,Tuesday,7,0,110.43,108.97,118,14266.2,9310.2
2025-10-07,APP_003,Classic Waterproof Trench Coat,Apparel & Fashion,152.08,149.99,55.0,152.37,0.0,253,4.88,1007,159.2,0.0,Standard,Fall,10,1,Tuesday,7,0,36.86,37.4,31,4714.48,3009.48
2025-10-07,ELEC_001,Pro Wireless Noise-Cancelling Headphones,Electronics,207.32,199.99,85.0,198.3,0.0,95,4.51,1065,74.82,0.0,Premium,Fall,10,1,Tuesday,7,0,72.0,67.47,43,8914.76,5259.76
2025-10-07,ELEC_002,Ultra HD 4K Smart TV 55-inch,Electronics,501.09,549.99,280.0,524.46,10.0,313,4.32,1051,123.38,0.0,Standard,Fall,10,1,Tuesday,7,0,35.14,30.7,37,18540.33,8180.33
2025-10-07,ELEC_003,Smart Fitness Watch Gen-4,Electronics,132.92,129.99,50.0,135.15,0.0,530,4.11,1032,129.54,0.0,Standard,Fall,10,1,Tuesday,7,0,96.43,92.33,73,9703.16,6053.16
2025-10-07,ELEC_004,Ergonomic Mechanical Keyboard,Electronics,92.7,89.99,35.0,94.02,0.0,438,4.41,920,155.66,0.0,Budget,Fall,10,1,Tuesday,7,0,59.43,55.9,65,6025.5,3750.5
2025-10-07,HOME_001,Espresso Machine & Milk Frother,Home & Living,134.02,159.99,65.0,156.71,15.0,477,4.65,1012,130.54,0.0,Budget,Fall,10,1,Tuesday,7,0,50.57,49.27,76,10185.52,5245.52
2025-10-07,HOME_002,Cordless Handheld Vacuum Cleaner,Home & Living,95.74,99.99,40.0,97.63,0.0,353,4.44,1074,114.15,0.0,Standard,Fall,10,1,Tuesday,7,0,69.29,70.9,77,7371.98,4291.98
2025-10-07,HOSP_001,Deluxe City Center King Room (Per Night),Hospitality & Stays,139.43,175.0,45.0,176.39,20.0,405,4.1,1015,172.99,0.0,Enterprise,Fall,10,1,Tuesday,7,0,131.14,127.47,151,21053.93,14258.93
2025-10-07,HOSP_002,Executive Skyline Suite (Per Night),Hospitality & Stays,345.04,350.0,90.0,368.1,0.0,551,4.9,1024,94.28,0.0,Standard,Fall,10,1,Tuesday,7,0,21.29,22.73,21,7245.84,5355.84
2025-10-07,RIDE_001,Standard Urban Commute Ride (10 km),Rideshare & Mobility,24.94,24.5,8.0,24.86,0.0,82,4.89,1019,186.61,0.0,Budget,Fall,10,1,Tuesday,7,0,306.71,359.27,374,9327.56,6335.56
2025-10-07,RIDE_002,Premium Black Airport Transfer,Rideshare & Mobility,51.62,65.0,22.0,66.93,20.0,222,4.25,1009,144.78,0.0,Budget,Fall,10,1,Tuesday,7,0,128.0,117.3,166,8568.92,4916.92
2025-10-08,APP_001,Premium Merino Wool Sweater,Apparel & Fashion,80.5,79.99,28.0,85.25,0.0,319,4.36,1108,153.74,0.0,Standard,Fall,10,2,Wednesday,8,0,89.86,79.6,80,6440.0,4200.0
2025-10-08,APP_002,Breathable Performance Running Shoes,Apparel & Fashion,125.0,119.99,42.0,114.8,0.0,426,4.28,1106,138.5,0.0,Budget,Fall,10,2,Wednesday,8,0,107.86,108.97,98,12250.0,8134.0
2025-10-08,APP_003,Classic Waterproof Trench Coat,Apparel & Fashion,144.17,149.99,55.0,159.15,0.0,207,4.71,1101,160.95,0.0,Standard,Fall,10,2,Wednesday,8,0,36.14,37.47,46,6631.82,4101.82
2025-10-08,ELEC_001,Pro Wireless Noise-Cancelling Headphones,Electronics,148.31,199.99,85.0,192.5,25.0,423,4.57,1077,170.89,0.0,Standard,Fall,10,2,Wednesday,8,0,77.0,68.73,95,14089.45,6014.45
2025-10-08,ELEC_002,Ultra HD 4K Smart TV 55-inch,Electronics,529.46,549.99,280.0,571.47,0.0,280,4.78,1011,110.22,0.0,Standard,Fall,10,2,Wednesday,8,0,35.71,30.83,33,17472.18,8232.18
2025-10-08,ELEC_003,Smart Fitness Watch Gen-4,Electronics,112.38,129.99,50.0,122.34,10.0,448,4.1,1142,183.08,0.0,Premium,Fall,10,2,Wednesday,8,0,97.57,91.33,82,9215.16,5115.16
2025-10-08,ELEC_004,Ergonomic Mechanical Keyboard,Electronics,86.0,89.99,35.0,95.73,0.0,381,4.15,1106,110.05,0.0,Standard,Fall,10,2,Wednesday,8,0,60.86,56.03,57,4902.0,2907.0
2025-10-08,HOME_001,Espresso Machine & Milk Frother,Home & Living,161.84,159.99,65.0,166.57,0.0,436,4.02,997,168.98,0.0,Standard,Fall,10,2,Wednesday,8,0,50.86,49.3,41,6635.44,3970.44
2025-10-08,HOME_002,Cordless Handheld Vacuum Cleaner,Home & Living,95.68,99.99,40.0,91.32,0.0,287,4.41,1089,131.27,0.0,Standard,Fall,10,2,Wednesday,8,0,70.0,71.03,66,6314.88,3674.88
2025-10-08,HOSP_001,Deluxe City Center King Room (Per Night),Hospitality & Stays,169.28,175.0,45.0,183.97,0.0,279,4.43,1050,156.41,0.0,Standard,Fall,10,2,Wednesday,8,0,134.29,128.1,126,21329.28,15659.28
2025-10-08,HOSP_002,Executive Skyline Suite (Per Night),Hospitality & Stays,341.49,350.0,90.0,343.02,0.0,530,4.28,1065,181.36,0.0,Standard,Fall,10,2,Wednesday,8,0,21.57,22.57,21,7171.29,5281.29
2025-10-08,RIDE_001,Standard Urban Commute Ride (10 km),Rideshare & Mobility,24.05,24.5,8.0,24.94,0.0,465,4.6,1026,182.16,0.0,Budget,Fall,10,2,Wednesday,8,0,295.71,343.63,82,1972.1,1316.1
2025-10-08,RIDE_002,Premium Black Airport Transfer,Rideshare & Mobility,65.54,65.0,22.0,71.72,0.0,107,4.26,1017,144.6,0.0,Budget,Fall,10,2,Wednesday,8,0,132.29,117.6,115,7537.1,5007.1
2025-10-09,APP_001,Premium Merino Wool Sweater,Apparel & Fashion,77.95,79.99,28.0,85.2,0.0,221,4.64,1002,229.33,0.0,Budget,Fall,10,3,Thursday,9,0,83.71,80.5,98,7639.1,4895.1
2025-10-09,APP_002,Breathable Performance Running Shoes,Apparel & Fashion,124.43,119.99,42.0,109.0,0.0,335,4.71,1027,112.06,0.0,Standard,Fall,10,3,Thursday,9,0,108.86,109.1,91,11323.13,7501.13
2025-10-09,APP_003,Classic Waterproof Trench Coat,Apparel & Fashion,152.81,149.99,55.0,157.72,0.0,178,4.71,981,191.9,0.0,Premium,Fall,10,3,Thursday,9,0,35.14,37.4,29,4431.49,2836.49
2025-10-09,ELEC_001,Pro Wireless Noise-Cancelling Headphones,Electronics,172.28,199.99,85.0,189.44,15.0,340,4.9,1114,149.86,0.0,Standard,Fall,10,3,Thursday,9,0,71.43,69.47,83,14299.24,7244.24
2025-10-09,ELEC_002,Ultra HD 4K Smart TV 55-inch,Electronics,528.31,549.99,280.0,563.65,0.0,248,4.46,1019,175.82,0.0,Standard,Fall,10,3,Thursday,9,0,36.57,31.0,32,16905.92,7945.92
2025-10-09,ELEC_003,Smart Fitness Watch Gen-4,Electronics,99.83,129.99,50.0,131.62,20.0,283,4.33,1102,125.9,0.0,Budget,Fall,10,3,Thursday,9,0,109.29,93.73,165,16471.95,8221.95
2025-10-09,ELEC_004,Ergonomic Mechanical Keyboard,Electronics,87.43,89.99,35.0,85.97,0.0,335,4.8,1006,145.51,0.0,Premium,Fall,10,3,Thursday,9,0,56.29,54.73,46,4021.78,2411.78
2025-10-09,HOME_001,Espresso Machine & Milk Frother,Home & Living,147.84,159.99,65.0,161.55,10.0,374,4.53,1086,179.66,0.0,Budget,Fall,10,3,Thursday,9,0,53.43,50.33,62,9166.08,5136.08
2025-10-09,HOME_002,Cordless Handheld Vacuum Cleaner,Home & Living,100.31,99.99,40.0,98.31,0.0,235,4.71,1145,66.99,0.0,Premium,Fall,10,3,Thursday,9,0,61.14,70.63,52,5216.12,3136.12
2025-10-09,HOSP_001,Deluxe City Center King Room (Per Night),Hospitality & Stays,133.82,175.0,45.0,180.19,25.0,796,4.4,1032,135.85,0.0,Standard,Fall,10,3,Thursday,9,0,153.57,130.53,244,32652.08,21672.08
2025-10-09,HOSP_002,Executive Skyline Suite (Per Night),Hospitality & Stays,341.76,350.0,90.0,353.23,5.0,515,4.42,1087,161.78,0.0,Enterprise,Fall,10,3,Thursday,9,0,20.86,22.13,15,5126.4,3776.4
2025-10-09,RIDE_001,Standard Urban Commute Ride (10 km),Rideshare & Mobility,24.0,24.5,8.0,23.71,0.0,794,4.84,1113,118.29,0.0,Budget,Fall,10,3,Thursday,9,0,308.0,343.43,450,10800.0,7200.0
2025-10-09,RIDE_002,Premium Black Airport Transfer,Rideshare & Mobility,60.37,65.0,22.0,70.21,10.0,611,4.02,1079,131.51,0.0,Standard,Fall,10,3,Thursday,9,0,137.14,118.17,107,6459.59,4105.59
2025-10-10,APP_001,Premium Merino Wool Sweater,Apparel & Fashion,78.32,79.99,28.0,75.18,0.0,130,4.64,1169,125.24,0.0,Budget,Fall,10,4,Friday,10,0,85.29,81.27,91,7127.12,4579.12
2025-10-10,APP_002,Breathable Performance Running Shoes,Apparel & Fashion,118.05,119.99,42.0,115.79,0.0,244,4.2,1052,101.03,0.0,Standard,Fall,10,4,Friday,10,0,108.86,107.6,91,10742.55,6920.55
2025-10-10,APP_003,Classic Waterproof Trench Coat,Apparel & Fashion,149.71,149.99,55.0,152.59,0.0,144,4.64,1104,177.28,0.0,Standard,Fall,10,4,Friday,10,0,36.29,37.5,34,5090.14,3220.14
2025-10-10,ELEC_001,Pro Wireless Noise-Cancelling Headphones,Electronics,167.78,199.99,85.0,199.26,15.0,251,4.05,1119,131.87,0.0,Premium,Fall,10,4,Friday,10,0,71.43,70.27,89,14932.42,7367.42
2025-10-10,ELEC_002,Ultra HD 4K Smart TV 55-inch,Electronics,548.44,549.99,280.0,579.65,0.0,218,4.44,1047,161.16,0.0,Standard,Fall,10,4,Friday,10,0,36.57,31.4,30,16453.2,8053.2
2025-10-10,ELEC_003,Smart Fitness Watch Gen-4,Electronics,129.93,129.99,50.0,133.19,0.0,197,4.38,1010,219.03,0.0,Standard,Fall,10,4,Friday,10,0,108.14,91.7,86,11173.98,6873.98
2025-10-10,ELEC_004,Ergonomic Mechanical Keyboard,Electronics,91.85,89.99,35.0,83.21,0.0,296,4.88,1105,137.88,0.0,Enterprise,Fall,10,4,Friday,10,0,54.57,54.2,39,3582.15,2217.15
2025-10-10,HOME_001,Espresso Machine & Milk Frother,Home & Living,155.31,159.99,65.0,160.55,0.0,332,4.78,967,118.93,0.0,Premium,Fall,10,4,Friday,10,0,52.86,50.23,42,6523.02,3793.02
2025-10-10,HOME_002,Cordless Handheld Vacuum Cleaner,Home & Living,103.55,99.99,40.0,99.13,0.0,177,4.06,1046,138.88,0.0,Budget,Fall,10,4,Friday,10,0,61.71,69.9,58,6005.9,3685.9
2025-10-10,HOSP_001,Deluxe City Center King Room (Per Night),Hospitality & Stays,167.12,175.0,45.0,175.81,0.0,653,4.73,973,200.35,0.0,Standard,Fall,10,4,Friday,10,0,155.29,131.27,143,23898.16,17463.16
2025-10-10,HOSP_002,Executive Skyline Suite (Per Night),Hospitality & Stays,361.11,350.0,90.0,381.38,0.0,493,4.01,1013,160.43,0.0,Budget,Fall,10,4,Friday,10,0,20.43,22.27,22,7944.42,5964.42
2025-10-10,RIDE_001,Standard Urban Commute Ride (10 km),Rideshare & Mobility,24.98,24.5,8.0,26.21,0.0,392,4.8,1174,146.09,0.0,Standard,Fall,10,4,Friday,10,0,329.14,346.13,402,10041.96,6825.96
2025-10-10,RIDE_002,Premium Black Airport Transfer,Rideshare & Mobility,59.25,65.0,22.0,59.92,10.0,501,4.03,1121,170.79,0.0,Premium,Fall,10,4,Friday,10,0,133.29,119.4,110,6517.5,4097.5
2025-10-11,APP_001,Premium Merino Wool Sweater,Apparel & Fashion,81.45,79.99,28.0,85.08,0.0,541,4.35,1118,91.73,0.0,Budget,Fall,10,5,Saturday,11,1,86.0,81.77,77,6271.65,4115.65
2025-10-11,APP_002,Breathable Performance Running Shoes,Apparel & Fashion,125.42,119.99,42.0,118.96,0.0,149,4.24,1070,186.3,0.0,Budget,Fall,10,5,Saturday,11,1,100.0,106.03,95,11914.9,7924.9
2025-10-11,APP_003,Classic Waterproof Trench Coat,Apparel & Fashion,124.67,149.99,55.0,150.94,20.0,86,4.44,1021,79.72,0.0,Standard,Fall,10,5,Saturday,11,1,41.29,38.17,58,7230.86,4040.86
2025-10-11,ELEC_001,Pro Wireless Noise-Cancelling Headphones,Electronics,199.44,199.99,85.0,196.02,0.0,193,4.79,1090,176.82,0.0,Standard,Fall,10,5,Saturday,11,1,70.14,70.5,58,11567.52,6637.52
2025-10-11,ELEC_002,Ultra HD 4K Smart TV 55-inch,Electronics,535.6,549.99,280.0,547.2,0.0,186,4.71,961,66.39,0.0,Budget,Fall,10,5,Saturday,11,1,33.14,31.57,32,17139.2,8179.2
2025-10-11,ELEC_003,Smart Fitness Watch Gen-4,Electronics,124.64,129.99,50.0,128.79,0.0,110,4.55,1098,117.99,0.0,Standard,Fall,10,5,Saturday,11,1,104.71,91.93,87,10843.68,6493.68
2025-10-11,ELEC_004,Ergonomic Mechanical Keyboard,Electronics,80.09,89.99,35.0,87.84,15.0,212,4.8,1091,205.85,0.0,Budget,Fall,10,5,Saturday,11,1,57.71,55.0,84,6727.56,3787.56
2025-10-11,HOME_001,Espresso Machine & Milk Frother,Home & Living,156.02,159.99,65.0,148.13,0.0,284,4.85,1023,198.13,0.0,Budget,Fall,10,5,Saturday,11,1,53.43,50.5,48,7488.96,4368.96
2025-10-11,HOME_002,Cordless Handheld Vacuum Cleaner,Home & Living,98.28,99.99,40.0,93.73,0.0,107,4.3,1021,209.75,0.0,Standard,Fall,10,5,Saturday,11,1,62.86,70.27,70,6879.6,4079.6
2025-10-11,HOSP_001,Deluxe City Center King Room (Per Night),Hospitality & Stays,205.39,175.0,45.0,172.95,0.0,552,4.16,1006,132.58,0.0,Standard,Fall,10,5,Saturday,11,1,153.43,130.43,101,20744.39,16199.39
2025-10-11,HOSP_002,Executive Skyline Suite (Per Night),Hospitality & Stays,380.72,350.0,90.0,352.9,0.0,474,4.28,1137,138.91,0.0,Standard,Fall,10,5,Saturday,11,1,20.0,21.9,19,7233.68,5523.68
2025-10-11,RIDE_001,Standard Urban Commute Ride (10 km),Rideshare & Mobility,23.43,24.5,8.0,24.13,0.0,574,4.51,1068,109.64,0.0,Budget,Fall,10,5,Saturday,11,1,327.43,348.67,392,9184.56,6048.56
2025-10-11,RIDE_002,Premium Black Airport Transfer,Rideshare & Mobility,64.3,65.0,22.0,62.07,0.0,363,4.87,1046,149.08,0.0,Budget,Fall,10,5,Saturday,11,1,134.0,120.3,138,8873.4,5837.4
2025-10-12,APP_001,Premium Merino Wool Sweater,Apparel & Fashion,66.28,79.99,28.0,76.76,20.0,406,4.82,1049,194.61,0.0,Budget,Fall,10,6,Sunday,12,1,93.57,83.63,135,8947.8,5167.8
2025-10-12,APP_002,Breathable Performance Running Shoes,Apparel & Fashion,122.58,119.99,42.0,124.89,0.0,715,4.73,1100,108.01,0.0,Budget,Fall,10,6,Sunday,12,1,97.86,106.37,109,13361.22,8783.22
2025-10-12,APP_003,Classic Waterproof Trench Coat,Apparel & Fashion,155.33,149.99,55.0,153.91,0.0,695,4.1,1032,203.62,0.0,Budget,Fall,10,6,Sunday,12,1,39.14,38.33,35,5436.55,3511.55
2025-10-12,ELEC_001,Pro Wireless Noise-Cancelling Headphones,Electronics,204.76,199.99,85.0,192.57,0.0,130,4.28,1047,102.42,0.0,Standard,Fall,10,6,Sunday,12,1,68.29,70.7,63,12899.88,7544.88
2025-10-12,ELEC_002,Ultra HD 4K Smart TV 55-inch,Electronics,539.38,549.99,280.0,525.67,0.0,163,4.03,1041,169.45,0.0,Standard,Fall,10,6,Sunday,12,1,31.71,30.8,23,12405.74,5965.74
2025-10-12,ELEC_003,Smart Fitness Watch Gen-4,Electronics,131.6,129.99,50.0,124.78,0.0,548,4.17,1071,221.32,0.0,Standard,Fall,10,6,Sunday,12,1,94.43,91.7,77,10133.2,6283.2
2025-10-12,ELEC_004,Ergonomic Mechanical Keyboard,Electronics,93.78,89.99,35.0,87.73,0.0,173,4.15,1075,146.27,0.0,Premium,Fall,10,6,Sunday,12,1,56.0,54.2,39,3657.42,2292.42
2025-10-12,HOME_001,Espresso Machine & Milk Frother,Home & Living,137.96,159.99,65.0,167.75,15.0,230,4.42,1067,83.48,0.0,Premium,Fall,10,6,Sunday,12,1,55.29,50.93,54,7449.84,3939.84
2025-10-12,HOME_002,Cordless Handheld Vacuum Cleaner,Home & Living,100.43,99.99,40.0,100.43,0.0,476,4.71,1072,134.27,0.0,Standard,Fall,10,6,Sunday,12,1,65.29,70.33,66,6628.38,3988.38
2025-10-12,HOSP_001,Deluxe City Center King Room (Per Night),Hospitality & Stays,188.36,175.0,45.0,168.94,0.0,411,4.7,983,95.0,0.0,Standard,Fall,10,6,Sunday,12,1,143.57,131.33,141,26558.76,20213.76
2025-10-12,HOSP_002,Executive Skyline Suite (Per Night),Hospitality & Stays,378.7,350.0,90.0,360.93,0.0,447,4.55,1014,109.21,0.0,Budget,Fall,10,6,Sunday,12,1,21.29,22.07,27,10224.9,7794.9
2025-10-12,RIDE_001,Standard Urban Commute Ride (10 km),Rideshare & Mobility,23.64,24.5,8.0,24.1,5.0,622,4.22,1025,121.45,0.0,Budget,Fall,10,6,Sunday,12,1,347.29,354.77,573,13545.72,8961.72
2025-10-12,RIDE_002,Premium Black Airport Transfer,Rideshare & Mobility,67.61,65.0,22.0,57.59,0.0,243,4.17,1077,150.02,0.0,Budget,Fall,10,6,Sunday,12,1,131.43,119.13,120,8113.2,5473.2
2025-10-13,APP_001,Premium Merino Wool Sweater,Apparel & Fashion,81.38,79.99,28.0,84.58,0.0,331,4.04,1109,136.7,0.0,Standard,Fall,10,0,Monday,13,0,92.57,84.33,75,6103.5,4003.5
2025-10-13,APP_002,Breathable Performance Running Shoes,Apparel & Fashion,122.3,119.99,42.0,118.35,0.0,616,4.21,1059,129.88,0.0,Standard,Fall,10,0,Monday,13,0,100.14,105.97,99,12107.7,7949.7
2025-10-13,APP_003,Classic Waterproof Trench Coat,Apparel & Fashion,148.68,149.99,55.0,153.76,0.0,644,4.74,1070,182.57,0.0,Budget,Fall,10,0,Monday,13,0,40.57,39.03,51,7582.68,4777.68
2025-10-13,ELEC_001,Pro Wireless Noise-Cancelling Headphones,Electronics,197.35,199.99,85.0,201.91,0.0,518,4.05,1062,151.64,0.0,Budget,Fall,10,0,Monday,13,0,70.71,70.8,64,12630.4,7190.4
2025-10-13,ELEC_002,Ultra HD 4K Smart TV 55-inch,Electronics,543.24,549.99,280.0,529.34,0.0,143,4.23,967,139.49,0.0,Premium,Fall,10,0,Monday,13,0,29.57,30.7,20,10864.8,5264.8
2025-10-13,ELEC_003,Smart Fitness Watch Gen-4,Electronics,132.22,129.99,50.0,136.39,0.0,459,4.07,990,189.1,0.0,Budget,Fall,10,0,Monday,13,0,94.14,91.7,89,11767.58,7317.58
2025-10-13,ELEC_004,Ergonomic Mechanical Keyboard,Electronics,86.55,89.99,35.0,89.02,0.0,117,4.28,1038,159.29,0.0,Premium,Fall,10,0,Monday,13,0,55.14,54.43,56,4846.8,2886.8
2025-10-13,HOME_001,Espresso Machine & Milk Frother,Home & Living,167.27,159.99,65.0,177.5,0.0,184,4.79,1083,149.42,0.0,Budget,Fall,10,0,Monday,13,0,52.71,51.3,46,7694.42,4704.42
2025-10-13,HOME_002,Cordless Handheld Vacuum Cleaner,Home & Living,102.77,99.99,40.0,99.89,0.0,414,4.37,1015,125.87,0.0,Budget,Fall,10,0,Monday,13,0,64.43,69.97,62,6371.74,3891.74
2025-10-13,HOSP_001,Deluxe City Center King Room (Per Night),Hospitality & Stays,166.25,175.0,45.0,179.37,0.0,246,4.72,1141,172.06,0.0,Budget,Fall,10,0,Monday,13,0,153.0,133.33,165,27431.25,20006.25
2025-10-13,HOSP_002,Executive Skyline Suite (Per Night),Hospitality & Stays,287.38,350.0,90.0,345.13,15.0,421,4.34,1069,145.7,0.0,Premium,Fall,10,0,Monday,13,0,21.57,22.23,26,7471.88,5131.88
2025-10-13,RIDE_001,Standard Urban Commute Ride (10 km),Rideshare & Mobility,24.22,24.5,8.0,22.65,0.0,157,4.58,1097,127.33,0.0,Standard,Fall,10,0,Monday,13,0,391.14,359.63,465,11262.3,7542.3
2025-10-13,RIDE_002,Premium Black Airport Transfer,Rideshare & Mobility,62.32,65.0,22.0,67.21,0.0,94,4.45,1003,85.86,0.0,Standard,Fall,10,0,Monday,13,0,129.29,119.93,149,9285.68,6007.68
2025-10-14,APP_001,Premium Merino Wool Sweater,Apparel & Fashion,77.89,79.99,28.0,74.86,0.0,252,4.31,1068,81.86,0.0,Standard,Fall,10,1,Tuesday,14,0,90.71,83.27,79,6153.31,3941.31
2025-10-14,APP_002,Breathable Performance Running Shoes,Apparel & Fashion,123.58,119.99,42.0,115.52,0.0,548,4.54,1092,199.94,0.0,Enterprise,Fall,10,1,Tuesday,14,0,93.0,105.73,68,8403.44,5547.44
2025-10-14,APP_003,Classic Waterproof Trench Coat,Apparel & Fashion,154.28,149.99,55.0,156.67,0.0,611,4.14,1080,99.82,0.0,Budget,Fall,10,1,Tuesday,14,0,40.86,39.03,33,5091.24,3276.24
2025-10-14,ELEC_001,Pro Wireless Noise-Cancelling Headphones,Electronics,206.75,199.99,85.0,189.17,0.0,466,4.64,1111,115.64,0.0,Premium,Fall,10,1,Tuesday,14,0,72.0,69.77,52,10751.0,6331.0
2025-10-14,ELEC_002,Ultra HD 4K Smart TV 55-inch,Electronics,466.99,549.99,280.0,568.2,15.0,105,4.26,1025,154.62,0.0,Premium,Fall,10,1,Tuesday,14,0,29.71,30.97,38,17745.62,7105.62
2025-10-14,ELEC_003,Smart Fitness Watch Gen-4,Electronics,129.22,129.99,50.0,136.59,0.0,361,4.57,1051,100.0,0.0,Budget,Fall,10,1,Tuesday,14,0,97.71,92.6,98,12663.56,7763.56
2025-10-14,ELEC_004,Ergonomic Mechanical Keyboard,Electronics,92.6,89.99,35.0,102.06,0.0,801,4.73,1038,125.88,0.0,Premium,Fall,10,1,Tuesday,14,0,52.43,54.03,46,4259.6,2649.6
2025-10-14,HOME_001,Espresso Machine & Milk Frother,Home & Living,162.14,159.99,65.0,176.91,0.0,135,4.8,1042,165.42,0.0,Budget,Fall,10,1,Tuesday,14,0,48.86,52.0,49,7944.86,4759.86
2025-10-14,HOME_002,Cordless Handheld Vacuum Cleaner,Home & Living,102.11,99.99,40.0,90.2,0.0,360,4.04,1033,195.46,0.0,Standard,Fall,10,1,Tuesday,14,0,61.14,68.9,54,5513.94,3353.94
2025-10-14,HOSP_001,Deluxe City Center King Room (Per Night),Hospitality & Stays,169.72,175.0,45.0,185.82,0.0,98,4.53,1088,218.26,0.0,Standard,Fall,10,1,Tuesday,14,0,152.57,135.13,148,25118.56,18458.56
2025-10-14,HOSP_002,Executive Skyline Suite (Per Night),Hospitality & Stays,347.22,350.0,90.0,361.38,0.0,396,4.78,1099,54.28,0.0,Standard,Fall,10,1,Tuesday,14,0,22.14,22.63,25,8680.5,6430.5
2025-10-14,RIDE_001,Standard Urban Commute Ride (10 km),Rideshare & Mobility,24.62,24.5,8.0,24.24,0.0,594,4.6,992,202.99,0.0,Budget,Fall,10,1,Tuesday,14,0,360.14,358.93,157,3865.34,2609.34
2025-10-14,RIDE_002,Premium Black Airport Transfer,Rideshare & Mobility,62.94,65.0,22.0,67.37,5.0,631,4.39,1196,152.8,0.0,Budget,Fall,10,1,Tuesday,14,0,119.0,119.73,94,5916.36,3848.36
2025-10-15,APP_001,Premium Merino Wool Sweater,Apparel & Fashion,67.48,79.99,28.0,78.14,15.0,127,4.49,1096,199.47,0.0,Budget,Fall,10,2,Wednesday,15,0,97.14,85.2,125,8435.0,4935.0
2025-10-15,APP_002,Breathable Performance Running Shoes,Apparel & Fashion,92.76,119.99,42.0,123.35,20.0,344,4.08,1027,114.3,0.0,Standard,Fall,10,2,Wednesday,15,0,108.14,108.63,204,18923.04,10355.04
2025-10-15,APP_003,Classic Waterproof Trench Coat,Apparel & Fashion,149.07,149.99,55.0,136.07,0.0,571,4.26,1128,161.47,0.0,Budget,Fall,10,2,Wednesday,15,0,40.0,39.13,40,5962.8,3762.8
2025-10-15,ELEC_001,Pro Wireless Noise-Cancelling Headphones,Electronics,190.82,199.99,85.0,209.13,0.0,377,4.36,1026,139.24,0.0,Budget,Fall,10,2,Wednesday,15,0,71.14,70.93,89,16982.98,9417.98
2025-10-15,ELEC_002,Ultra HD 4K Smart TV 55-inch,Electronics,560.07,549.99,280.0,520.67,0.0,759,4.17,1192,138.79,0.0,Budget,Fall,10,2,Wednesday,15,0,29.29,31.03,30,16802.1,8402.1
2025-10-15,ELEC_003,Smart Fitness Watch Gen-4,Electronics,124.89,129.99,50.0,127.19,0.0,302,4.13,967,148.68,0.0,Enterprise,Fall,10,2,Wednesday,15,0,94.43,90.63,59,7368.51,4418.51
2025-10-15,ELEC_004,Ergonomic Mechanical Keyboard,Electronics,89.22,89.99,35.0,86.17,0.0,766,4.03,1109,194.5,0.0,Enterprise,Fall,10,2,Wednesday,15,0,49.29,53.63,35,3122.7,1897.7
2025-10-15,HOME_001,Espresso Machine & Milk Frother,Home & Living,126.63,159.99,65.0,164.93,20.0,524,4.33,1057,170.12,0.0,Premium,Fall,10,2,Wednesday,15,0,52.57,52.7,67,8484.21,4129.21
2025-10-15,HOME_002,Cordless Handheld Vacuum Cleaner,Home & Living,96.09,99.99,40.0,90.85,0.0,293,4.11,1220,170.24,0.0,Budget,Fall,10,2,Wednesday,15,0,61.29,69.93,67,6438.03,3758.03
2025-10-15,HOSP_001,Deluxe City Center King Room (Per Night),Hospitality & Stays,130.28,175.0,45.0,186.05,25.0,504,4.03,1146,144.25,0.0,Budget,Fall,10,2,Wednesday,15,0,148.57,133.83,98,12767.44,8357.44
2025-10-15,HOSP_002,Executive Skyline Suite (Per Night),Hospitality & Stays,336.96,350.0,90.0,361.29,0.0,378,4.11,1042,111.53,0.0,Premium,Fall,10,2,Wednesday,15,0,21.71,22.7,18,6065.28,4445.28
2025-10-15,RIDE_001,Standard Urban Commute Ride (10 km),Rideshare & Mobility,25.31,24.5,8.0,25.39,0.0,243,4.3,1093,202.2,0.0,Standard,Fall,10,2,Wednesday,15,0,398.57,356.83,351,8883.81,6075.81
2025-10-15,RIDE_002,Premium Black Airport Transfer,Rideshare & Mobility,66.68,65.0,22.0,68.13,0.0,558,4.76,1105,98.35,0.0,Premium,Fall,10,2,Wednesday,15,0,113.0,115.4,73,4867.64,3261.64
2025-10-16,APP_001,Premium Merino Wool Sweater,Apparel & Fashion,83.72,79.99,28.0,72.09,0.0,492,4.46,1018,85.56,0.0,Budget,Fall,10,3,Thursday,16,0,92.14,84.0,63,5274.36,3510.36
2025-10-16,APP_002,Breathable Performance Running Shoes,Apparel & Fashion,120.59,119.99,42.0,113.55,0.0,229,4.78,1135,170.46,0.0,Budget,Fall,10,3,Thursday,16,0,111.57,108.5,115,13867.85,9037.85
2025-10-16,APP_003,Classic Waterproof Trench Coat,Apparel & Fashion,145.24,149.99,55.0,148.03,0.0,533,4.64,1079,155.58,0.0,Budget,Fall,10,3,Thursday,16,0,41.29,39.2,38,5519.12,3429.12
2025-10-16,ELEC_001,Pro Wireless Noise-Cancelling Headphones,Electronics,201.5,199.99,85.0,195.57,0.0,320,4.07,1059,89.01,0.0,Budget,Fall,10,3,Thursday,16,0,67.43,70.6,57,11485.5,6640.5
2025-10-16,ELEC_002,Ultra HD 4K Smart TV 55-inch,Electronics,527.0,549.99,280.0,545.64,0.0,729,4.18,1066,177.21,0.0,Standard,Fall,10,3,Thursday,16,0,29.0,30.83,30,15810.0,7410.0
2025-10-16,ELEC_003,Smart Fitness Watch Gen-4,Electronics,134.24,129.99,50.0,135.16,0.0,223,4.1,1143,227.15,0.0,Standard,Fall,10,3,Thursday,16,0,82.14,90.73,79,10604.96,6654.96
2025-10-16,ELEC_004,Ergonomic Mechanical Keyboard,Electronics,92.79,89.99,35.0,85.77,0.0,705,4.67,1034,231.1,0.0,Budget,Fall,10,3,Thursday,16,0,51.43,53.97,61,5660.19,3525.19
2025-10-16,HOME_001,Espresso Machine & Milk Frother,Home & Living,165.46,159.99,65.0,155.12,0.0,480,4.17,1057,152.91,0.0,Budget,Fall,10,3,Thursday,16,0,50.0,51.47,44,7280.24,4420.24
2025-10-16,HOME_002,Cordless Handheld Vacuum Cleaner,Home & Living,74.66,99.99,40.0,105.69,25.0,141,4.33,1123,107.93,0.0,Budget,Fall,10,3,Thursday,16,0,75.57,71.23,152,11348.32,5268.32
2025-10-16,HOSP_001,Deluxe City Center King Room (Per Night),Hospitality & Stays,166.87,175.0,45.0,173.68,0.0,383,4.07,1118,101.67,0.0,Standard,Fall,10,3,Thursday,16,0,131.0,135.27,121,20191.27,14746.27
2025-10-16,HOSP_002,Executive Skyline Suite (Per Night),Hospitality & Stays,356.67,350.0,90.0,362.43,0.0,357,4.56,1090,163.75,0.0,Standard,Fall,10,3,Thursday,16,0,22.57,22.8,21,7490.07,5600.07
2025-10-16,RIDE_001,Standard Urban Commute Ride (10 km),Rideshare & Mobility,25.63,24.5,8.0,25.12,0.0,681,4.4,1087,81.55,0.0,Enterprise,Fall,10,3,Thursday,16,0,364.86,360.0,214,5484.82,3772.82
2025-10-16,RIDE_002,Premium Black Airport Transfer,Rideshare & Mobility,67.38,65.0,22.0,65.32,0.0,467,4.29,1118,166.15,0.0,Budget,Fall,10,3,Thursday,16,0,110.71,114.97,91,6131.58,4129.58
2025-10-17,APP_001,Premium Merino Wool Sweater,Apparel & Fashion,74.77,79.99,28.0,85.32,10.0,386,4.27,1135,181.66,0.0,Standard,Fall,10,4,Friday,17,0,94.29,85.33,106,7925.62,4957.62
2025-10-17,APP_002,Breathable Performance Running Shoes,Apparel & Fashion,124.67,119.99,42.0,118.13,0.0,119,4.42,1068,132.34,0.0,Budget,Fall,10,4,Friday,17,0,114.29,109.17,110,13713.7,9093.7
2025-10-17,APP_003,Classic Waterproof Trench Coat,Apparel & Fashion,117.91,149.99,55.0,153.45,20.0,485,4.58,1150,174.0,0.0,Enterprise,Fall,10,4,Friday,17,0,43.29,39.73,48,5659.68,3019.68
2025-10-17,ELEC_001,Pro Wireless Noise-Cancelling Headphones,Electronics,204.77,199.99,85.0,181.11,0.0,257,4.2,1041,188.23,0.0,Standard,Fall,10,4,Friday,17,0,63.71,70.53,63,12900.51,7545.51
2025-10-17,ELEC_002,Ultra HD 4K Smart TV 55-inch,Electronics,576.89,549.99,280.0,575.39,0.0,702,4.24,1025,134.87,0.0,Budget,Fall,10,4,Friday,17,0,28.57,31.13,27,15576.03,8016.03
2025-10-17,ELEC_003,Smart Fitness Watch Gen-4,Electronics,127.91,129.99,50.0,132.21,0.0,142,4.56,1173,149.61,0.0,Premium,Fall,10,4,Friday,17,0,81.43,90.8,81,10360.71,6310.71
2025-10-17,ELEC_004,Ergonomic Mechanical Keyboard,Electronics,86.5,89.99,35.0,82.85,0.0,650,4.61,1056,143.07,0.0,Budget,Fall,10,4,Friday,17,0,53.71,54.0,55,4757.5,2832.5
2025-10-17,HOME_001,Espresso Machine & Milk Frother,Home & Living,157.43,159.99,65.0,162.47,5.0,439,4.34,1188,120.66,0.0,Standard,Fall,10,4,Friday,17,0,49.86,51.23,41,6454.63,3789.63
2025-10-17,HOME_002,Cordless Handheld Vacuum Cleaner,Home & Living,100.56,99.99,40.0,101.66,0.0,655,4.09,1042,156.99,0.0,Budget,Fall,10,4,Friday,17,0,77.86,71.6,74,7441.44,4481.44
2025-10-17,HOSP_001,Deluxe City Center King Room (Per Night),Hospitality & Stays,172.05,175.0,45.0,170.43,0.0,294,4.53,1044,107.15,0.0,Premium,Fall,10,4,Friday,17,0,123.29,127.5,89,15312.45,11307.45
2025-10-17,HOSP_002,Executive Skyline Suite (Per Night),Hospitality & Stays,355.75,350.0,90.0,361.7,0.0,339,4.01,1088,170.75,0.0,Standard,Fall,10,4,Friday,17,0,22.0,22.77,18,6403.5,4783.5
2025-10-17,RIDE_001,Standard Urban Commute Ride (10 km),Rideshare & Mobility,19.14,24.5,8.0,25.92,25.0,417,4.33,1016,144.12,0.0,Premium,Fall,10,4,Friday,17,0,404.71,359.5,681,13034.34,7586.34
2025-10-17,RIDE_002,Premium Black Airport Transfer,Rideshare & Mobility,67.8,65.0,22.0,68.89,0.0,359,4.86,1054,250.43,0.0,Premium,Fall,10,4,Friday,17,0,110.43,115.0,108,7322.4,4946.4
2025-10-18,APP_001,Premium Merino Wool Sweater,Apparel & Fashion,78.8,79.99,28.0,77.36,0.0,315,4.19,1014,231.77,0.0,Standard,Fall,10,5,Saturday,18,1,93.43,84.77,71,5594.8,3606.8
2025-10-18,APP_002,Breathable Performance Running Shoes,Apparel & Fashion,116.83,119.99,42.0,118.96,0.0,454,4.85,1125,210.38,0.0,Budget,Fall,10,5,Saturday,18,1,117.71,109.43,119,13902.77,8904.77
2025-10-18,APP_003,Classic Waterproof Trench Coat,Apparel & Fashion,152.3,149.99,55.0,148.96,0.0,457,4.16,1113,215.89,0.0,Premium,Fall,10,5,Saturday,18,1,39.0,39.67,28,4264.4,2724.4
2025-10-18,ELEC_001,Pro Wireless Noise-Cancelling Headphones,Electronics,203.5,199.99,85.0,205.9,0.0,183,4.49,1179,164.85,0.0,Budget,Fall,10,5,Saturday,18,1,66.0,71.07,74,15059.0,8769.0
2025-10-18,ELEC_002,Ultra HD 4K Smart TV 55-inch,Electronics,538.99,549.99,280.0,566.16,0.0,680,4.14,1110,116.61,0.0,Premium,Fall,10,5,Saturday,18,1,27.14,30.33,22,11857.78,5697.78
2025-10-18,ELEC_003,Smart Fitness Watch Gen-4,Electronics,102.75,129.99,50.0,124.35,20.0,585,4.3,1069,188.9,0.0,Budget,Fall,10,5,Saturday,18,1,89.29,92.87,142,14590.5,7490.5
2025-10-18,ELEC_004,Ergonomic Mechanical Keyboard,Electronics,88.78,89.99,35.0,84.78,0.0,602,4.65,1037,233.84,0.0,Standard,Fall,10,5,Saturday,18,1,48.57,53.93,48,4261.44,2581.44
2025-10-18,HOME_001,Espresso Machine & Milk Frother,Home & Living,157.55,159.99,65.0,165.76,0.0,393,4.22,1013,103.1,0.0,Budget,Fall,10,5,Saturday,18,1,49.57,49.37,46,7247.3,4257.3
2025-10-18,HOME_002,Cordless Handheld Vacuum Cleaner,Home & Living,101.48,99.99,40.0,98.91,0.0,589,4.14,1072,192.04,0.0,Budget,Fall,10,5,Saturday,18,1,77.29,71.27,66,6697.68,4057.68
2025-10-18,HOSP_001,Deluxe City Center King Room (Per Night),Hospitality & Stays,209.06,175.0,45.0,176.79,0.0,208,4.5,1133,153.8,0.0,Premium,Fall,10,5,Saturday,18,1,121.14,127.0,86,17979.16,14109.16
2025-10-18,HOSP_002,Executive Skyline Suite (Per Night),Hospitality & Stays,413.62,350.0,90.0,333.74,0.0,322,4.12,1046,195.7,0.0,Premium,Fall,10,5,Saturday,18,1,21.71,22.23,17,7031.54,5501.54
2025-10-18,RIDE_001,Standard Urban Commute Ride (10 km),Rideshare & Mobility,17.8,24.5,8.0,23.74,25.0,421,4.3,1117,93.76,0.0,Standard,Fall,10,5,Saturday,18,1,408.29,370.03,417,7422.6,4086.6
2025-10-18,RIDE_002,Premium Black Airport Transfer,Rideshare & Mobility,66.02,65.0,22.0,56.61,0.0,241,4.68,1070,197.52,0.0,Standard,Fall,10,5,Saturday,18,1,107.57,116.43,118,7790.36,5194.36
2025-10-19,APP_001,Premium Merino Wool Sweater,Apparel & Fashion,83.39,79.99,28.0,80.52,0.0,242,4.65,1135,171.38,0.0,Standard,Fall,10,6,Sunday,19,1,84.57,85.0,73,6087.47,4043.47
2025-10-19,APP_002,Breathable Performance Running Shoes,Apparel & Fashion,122.93,119.99,42.0,116.27,0.0,357,4.75,1083,139.89,0.0,Standard,Fall,10,6,Sunday,19,1,116.0,109.27,97,11924.21,7850.21
2025-10-19,APP_003,Classic Waterproof Trench Coat,Apparel & Fashion,142.52,149.99,55.0,127.22,0.0,420,4.66,998,178.03,0.0,Standard,Fall,10,6,Sunday,19,1,39.29,39.63,37,5273.24,3238.24
2025-10-19,ELEC_001,Pro Wireless Noise-Cancelling Headphones,Electronics,204.19,199.99,85.0,195.27,0.0,105,4.84,1062,125.2,0.0,Budget,Fall,10,6,Sunday,19,1,68.14,71.4,78,15926.82,9296.82
2025-10-19,ELEC_002,Ultra HD 4K Smart TV 55-inch,Electronics,436.05,549.99,280.0,527.82,20.0,623,4.84,1085,196.65,0.0,Standard,Fall,10,6,Sunday,19,1,32.0,31.13,57,24854.85,8894.85
2025-10-19,ELEC_003,Smart Fitness Watch Gen-4,Electronics,123.68,129.99,50.0,129.25,0.0,496,4.14,1109,121.53,0.0,Standard,Fall,10,6,Sunday,19,1,91.0,91.93,89,11007.52,6557.52
2025-10-19,ELEC_004,Ergonomic Mechanical Keyboard,Electronics,93.7,89.99,35.0,89.73,0.0,551,4.16,1092,139.55,0.0,Standard,Fall,10,6,Sunday,19,1,50.29,53.63,51,4778.7,2993.7
2025-10-19,HOME_001,Espresso Machine & Milk Frother,Home & Living,159.88,159.99,65.0,154.51,0.0,351,4.1,1115,147.35,0.0,Standard,Fall,10,6,Sunday,19,1,47.86,49.53,42,6714.96,3984.96
2025-10-19,HOME_002,Cordless Handheld Vacuum Cleaner,Home & Living,96.77,99.99,40.0,98.88,0.0,503,4.73,1061,165.41,0.0,Budget,Fall,10,6,Sunday,19,1,80.14,72.37,86,8322.22,4882.22
2025-10-19,HOSP_001,Deluxe City Center King Room (Per Night),Hospitality & Stays,194.26,175.0,45.0,170.87,0.0,85,4.12,1106,102.89,0.0,Budget,Fall,10,6,Sunday,19,1,118.57,124.93,123,23893.98,18358.98
2025-10-19,HOSP_002,Executive Skyline Suite (Per Night),Hospitality & Stays,379.34,350.0,90.0,360.36,0.0,301,4.74,1098,169.52,0.0,Premium,Fall,10,6,Sunday,19,1,20.86,22.4,21,7966.14,6076.14
2025-10-19,RIDE_001,Standard Urban Commute Ride (10 km),Rideshare & Mobility,23.38,24.5,8.0,23.67,5.0,769,4.16,970,186.03,0.0,Standard,Fall,10,6,Sunday,19,1,386.57,362.07,421,9842.98,6474.98
2025-10-19,RIDE_002,Premium Black Airport Transfer,Rideshare & Mobility,61.95,65.0,22.0,61.37,0.0,141,4.89,1079,170.24,0.0,Enterprise,Fall,10,6,Sunday,19,1,104.71,116.23,100,6195.0,3995.0
2025-10-20,APP_001,Premium Merino Wool Sweater,Apparel & Fashion,81.43,79.99,28.0,88.27,0.0,153,4.1,1126,91.94,0.0,Budget,Fall,10,0,Monday,20,0,86.57,84.87,89,7247.27,4755.27
2025-10-20,APP_002,Breathable Performance Running Shoes,Apparel & Fashion,123.07,119.99,42.0,123.8,0.0,236,4.2,1146,106.79,0.0,Budget,Fall,10,0,Monday,20,0,119.14,109.87,121,14891.47,9809.47
2025-10-20,APP_003,Classic Waterproof Trench Coat,Apparel & Fashion,143.5,149.99,55.0,150.81,0.0,379,4.15,1085,129.17,0.0,Standard,Fall,10,0,Monday,20,0,37.86,39.9,41,5883.5,3628.5
2025-10-20,ELEC_001,Pro Wireless Noise-Cancelling Headphones,Electronics,194.77,199.99,85.0,208.48,0.0,705,4.48,1172,201.68,0.0,Standard,Fall,10,0,Monday,20,0,70.0,72.1,77,14997.29,8452.29
2025-10-20,ELEC_002,Ultra HD 4K Smart TV 55-inch,Electronics,565.56,549.99,280.0,527.65,0.0,595,4.15,1069,45.01,0.0,Standard,Fall,10,0,Monday,20,0,33.14,31.03,28,15835.68,7995.68
2025-10-20,ELEC_003,Smart Fitness Watch Gen-4,Electronics,129.29,129.99,50.0,140.02,0.0,392,4.2,1071,187.66,0.0,Budget,Fall,10,0,Monday,20,0,93.14,92.83,104,13446.16,8246.16
2025-10-20,ELEC_004,Ergonomic Mechanical Keyboard,Electronics,77.16,89.99,35.0,81.55,15.0,477,4.25,1119,184.73,0.0,Budget,Fall,10,0,Monday,20,0,52.86,52.67,74,5709.84,3119.84
2025-10-20,HOME_001,Espresso Machine & Milk Frother,Home & Living,153.97,159.99,65.0,155.63,0.0,300,4.51,1032,193.81,0.0,Standard,Fall,10,0,Monday,20,0,48.57,50.0,51,7852.47,4537.47
2025-10-20,HOME_002,Cordless Handheld Vacuum Cleaner,Home & Living,104.95,99.99,40.0,99.96,0.0,449,4.78,1099,58.36,0.0,Budget,Fall,10,0,Monday,20,0,79.0,71.47,54,5667.3,3507.3
2025-10-20,HOSP_001,Deluxe City Center King Room (Per Night),Hospitality & Stays,151.78,175.0,45.0,181.72,15.0,616,4.3,1106,170.97,0.0,Budget,Fall,10,0,Monday,20,0,107.14,123.87,85,12901.3,9076.3
2025-10-20,HOSP_002,Executive Skyline Suite (Per Night),Hospitality & Stays,309.26,350.0,90.0,344.15,15.0,272,4.88,1091,180.38,0.0,Budget,Fall,10,0,Monday,20,0,21.29,22.63,29,8968.54,6358.54
2025-10-20,RIDE_001,Standard Urban Commute Ride (10 km),Rideshare & Mobility,22.55,24.5,8.0,24.39,10.0,324,4.43,1051,249.98,0.0,Premium,Fall,10,0,Monday,20,0,383.71,361.13,445,10034.75,6474.75
2025-10-20,RIDE_002,Premium Black Airport Transfer,Rideshare & Mobility,63.55,65.0,22.0,63.12,0.0,727,4.33,1091,210.72,0.0,Standard,Fall,10,0,Monday,20,0,100.29,116.47,118,7498.9,4902.9
2025-10-21,APP_001,Premium Merino Wool Sweater,Apparel & Fashion,79.05,79.99,28.0,86.94,0.0,755,4.55,1037,212.94,0.0,Standard,Fall,10,1,Tuesday,21,0,87.14,86.13,83,6561.15,4237.15
2025-10-21,APP_002,Breathable Performance Running Shoes,Apparel & Fashion,117.38,119.99,42.0,123.55,0.0,142,4.17,1055,159.05,0.0,Premium,Fall,10,1,Tuesday,21,0,122.86,109.53,94,11033.72,7085.72
2025-10-21,APP_003,Classic Waterproof Trench Coat,Apparel & Fashion,108.97,149.99,55.0,162.75,25.0,276,4.76,1075,130.98,0.0,Budget,Fall,10,1,Tuesday,21,0,47.86,40.8,103,11223.91,5558.91
2025-10-21,ELEC_001,Pro Wireless Noise-Cancelling Headphones,Electronics,187.12,199.99,85.0,187.39,10.0,659,4.76,1055,104.51,0.0,Enterprise,Fall,10,1,Tuesday,21,0,69.14,71.67,46,8607.52,4697.52
2025-10-21,ELEC_002,Ultra HD 4K Smart TV 55-inch,Electronics,525.26,549.99,280.0,553.02,0.0,558,4.06,1116,184.83,0.0,Budget,Fall,10,1,Tuesday,21,0,33.0,31.57,37,19434.62,9074.62
2025-10-21,ELEC_003,Smart Fitness Watch Gen-4,Electronics,126.45,129.99,50.0,130.27,0.0,297,4.44,1130,192.6,0.0,Budget,Fall,10,1,Tuesday,21,0,92.71,93.23,95,12012.75,7262.75
2025-10-21,ELEC_004,Ergonomic Mechanical Keyboard,Electronics,90.53,89.99,35.0,95.49,0.0,421,4.82,1002,112.92,0.0,Premium,Fall,10,1,Tuesday,21,0,54.29,53.1,56,5069.68,3109.68
2025-10-21,HOME_001,Espresso Machine & Milk Frother,Home & Living,153.22,159.99,65.0,163.89,0.0,255,4.3,1037,87.38,0.0,Standard,Fall,10,1,Tuesday,21,0,48.0,50.07,45,6894.9,3969.9
2025-10-21,HOME_002,Cordless Handheld Vacuum Cleaner,Home & Living,97.27,99.99,40.0,105.4,0.0,376,4.55,1045,182.08,0.0,Budget,Fall,10,1,Tuesday,21,0,81.71,71.87,73,7100.71,4180.71
2025-10-21,HOSP_001,Deluxe City Center King Room (Per Night),Hospitality & Stays,153.81,175.0,45.0,170.51,15.0,416,4.61,1051,139.04,0.0,Budget,Fall,10,1,Tuesday,21,0,114.57,125.37,200,30762.0,21762.0
2025-10-21,HOSP_002,Executive Skyline Suite (Per Night),Hospitality & Stays,364.76,350.0,90.0,354.99,0.0,252,4.44,1041,170.61,0.0,Standard,Fall,10,1,Tuesday,21,0,20.57,22.57,20,7295.2,5495.2
2025-10-21,RIDE_001,Standard Urban Commute Ride (10 km),Rideshare & Mobility,18.52,24.5,8.0,24.1,25.0,408,4.08,1068,178.92,0.0,Budget,Fall,10,1,Tuesday,21,0,407.57,360.9,324,6000.48,3408.48
2025-10-21,RIDE_002,Premium Black Airport Transfer,Rideshare & Mobility,66.67,65.0,22.0,59.73,0.0,643,4.31,1098,144.04,0.0,Standard,Fall,10,1,Tuesday,21,0,98.86,114.0,84,5600.28,3752.28
2025-10-22,APP_001,Premium Merino Wool Sweater,Apparel & Fashion,80.21,79.99,28.0,81.81,0.0,672,4.29,975,109.51,0.0,Budget,Fall,10,2,Wednesday,22,0,81.14,86.37,83,6657.43,4333.43
2025-10-22,APP_002,Breathable Performance Running Shoes,Apparel & Fashion,114.31,119.99,42.0,115.32,0.0,477,4.13,1071,178.82,0.0,Standard,Fall,10,2,Wednesday,22,0,108.29,107.77,102,11659.62,7375.62
2025-10-22,APP_003,Classic Waterproof Trench Coat,Apparel & Fashion,157.44,149.99,55.0,157.82,0.0,247,4.78,1132,79.4,0.0,Standard,Fall,10,2,Wednesday,22,0,46.29,40.77,29,4565.76,2970.76
2025-10-22,ELEC_001,Pro Wireless Noise-Cancelling Headphones,Electronics,165.91,199.99,85.0,209.02,15.0,554,4.31,1091,140.64,0.0,Standard,Fall,10,2,Wednesday,22,0,71.43,72.5,105,17420.55,8495.55
2025-10-22,ELEC_002,Ultra HD 4K Smart TV 55-inch,Electronics,536.18,549.99,280.0,542.4,0.0,533,4.34,1101,146.97,0.0,Standard,Fall,10,2,Wednesday,22,0,32.29,31.6,25,13404.5,6404.5
2025-10-22,ELEC_003,Smart Fitness Watch Gen-4,Electronics,129.57,129.99,50.0,125.98,0.0,228,4.36,1065,168.16,0.0,Premium,Fall,10,2,Wednesday,22,0,94.14,92.83,69,8940.33,5490.33
2025-10-22,ELEC_004,Ergonomic Mechanical Keyboard,Electronics,91.12,89.99,35.0,90.81,0.0,372,4.74,1022,189.55,0.0,Premium,Fall,10,2,Wednesday,22,0,56.29,52.97,49,4464.88,2749.88
2025-10-22,HOME_001,Espresso Machine & Milk Frother,Home & Living,157.89,159.99,65.0,154.26,0.0,223,4.21,1105,73.6,0.0,Standard,Fall,10,2,Wednesday,22,0,43.0,50.17,32,5052.48,2972.48
2025-10-22,HOME_002,Cordless Handheld Vacuum Cleaner,Home & Living,83.2,99.99,40.0,93.89,15.0,263,4.36,1147,96.7,0.0,Budget,Fall,10,2,Wednesday,22,0,88.29,74.07,113,9401.6,4881.6
2025-10-22,HOSP_001,Deluxe City Center King Room (Per Night),Hospitality & Stays,174.68,175.0,45.0,180.87,0.0,307,4.27,1073,185.85,0.0,Premium,Fall,10,2,Wednesday,22,0,116.14,125.67,109,19040.12,14135.12
2025-10-22,HOSP_002,Executive Skyline Suite (Per Night),Hospitality & Stays,357.53,350.0,90.0,370.93,0.0,231,4.5,1057,174.01,0.0,Standard,Fall,10,2,Wednesday,22,0,21.0,22.57,21,7508.13,5618.13
2025-10-22,RIDE_001,Standard Urban Commute Ride (10 km),Rideshare & Mobility,24.95,24.5,8.0,23.3,0.0,652,4.45,1017,126.04,0.0,Standard,Fall,10,2,Wednesday,22,0,406.43,362.2,343,8557.85,5813.85
2025-10-22,RIDE_002,Premium Black Airport Transfer,Rideshare & Mobility,62.59,65.0,22.0,63.52,0.0,526,4.56,1166,231.18,0.0,Budget,Fall,10,2,Wednesday,22,0,105.14,114.87,117,7323.03,4749.03
2025-10-23,APP_001,Premium Merino Wool Sweater,Apparel & Fashion,76.59,79.99,28.0,82.07,0.0,578,4.36,1102,150.13,0.0,Budget,Fall,10,3,Thursday,23,0,85.57,87.27,94,7199.46,4567.46
2025-10-23,APP_002,Breathable Performance Running Shoes,Apparel & Fashion,110.28,119.99,42.0,115.47,10.0,316,4.19,1163,153.09,0.0,Budget,Fall,10,3,Thursday,23,0,114.86,110.3,161,17755.08,10993.08
2025-10-23,APP_003,Classic Waterproof Trench Coat,Apparel & Fashion,142.78,149.99,55.0,149.21,0.0,202,4.83,1156,128.96,0.0,Standard,Fall,10,3,Thursday,23,0,47.29,41.13,45,6425.1,3950.1
2025-10-23,ELEC_001,Pro Wireless Noise-Cancelling Headphones,Electronics,198.17,199.99,85.0,203.29,5.0,503,4.45,1120,82.44,0.0,Premium,Fall,10,3,Thursday,23,0,70.57,72.17,51,10106.67,5771.67
2025-10-23,ELEC_002,Ultra HD 4K Smart TV 55-inch,Electronics,550.65,549.99,280.0,535.3,0.0,503,4.47,1097,100.22,0.0,Budget,Fall,10,3,Thursday,23,0,32.29,31.67,30,16519.5,8119.5
2025-10-23,ELEC_003,Smart Fitness Watch Gen-4,Electronics,103.39,129.99,50.0,123.24,20.0,103,4.06,1141,207.88,0.0,Standard,Fall,10,3,Thursday,23,0,100.71,94.47,125,12923.75,6673.75
2025-10-23,ELEC_004,Ergonomic Mechanical Keyboard,Electronics,91.81,89.99,35.0,86.5,0.0,323,4.2,1063,99.63,0.0,Standard,Fall,10,3,Thursday,23,0,54.57,53.23,49,4498.69,2783.69
2025-10-23,HOME_001,Espresso Machine & Milk Frother,Home & Living,160.77,159.99,65.0,162.57,0.0,174,4.23,1076,116.92,0.0,Budget,Fall,10,3,Thursday,23,0,43.71,50.4,49,7877.73,4692.73
2025-10-23,HOME_002,Cordless Handheld Vacuum Cleaner,Home & Living,103.64,99.99,40.0,110.3,0.0,214,4.44,1067,73.64,0.0,Premium,Fall,10,3,Thursday,23,0,73.57,73.33,49,5078.36,3118.36
2025-10-23,HOSP_001,Deluxe City Center King Room (Per Night),Hospitality & Stays,175.57,175.0,45.0,166.35,0.0,202,4.74,1069,167.7,0.0,Standard,Fall,10,3,Thursday,23,0,113.86,125.53,105,18434.85,13709.85
2025-10-23,HOSP_002,Executive Skyline Suite (Per Night),Hospitality & Stays,345.43,350.0,90.0,355.87,0.0,208,4.05,1156,178.47,0.0,Standard,Fall,10,3,Thursday,23,0,21.29,22.73,23,7944.89,5874.89
2025-10-23,RIDE_001,Standard Urban Commute Ride (10 km),Rideshare & Mobility,24.92,24.5,8.0,23.09,0.0,309,4.1,1085,110.53,0.0,Budget,Fall,10,3,Thursday,23,0,424.86,360.53,343,8547.56,5803.56
2025-10-23,RIDE_002,Premium Black Airport Transfer,Rideshare & Mobility,62.86,65.0,22.0,61.14,0.0,421,4.55,1039,152.81,0.0,Budget,Fall,10,3,Thursday,23,0,107.14,115.4,105,6600.3,4290.3
2025-10-24,APP_001,Premium Merino Wool Sweater,Apparel & Fashion,76.33,79.99,28.0,81.9,0.0,486,4.36,1057,128.47,0.0,Budget,Fall,10,4,Friday,24,0,83.57,88.6,92,7022.36,4446.36
2025-10-24,APP_002,Breathable Performance Running Shoes,Apparel & Fashion,117.6,119.99,42.0,120.08,0.0,203,4.23,1044,136.86,0.0,Standard,Fall,10,4,Friday,24,0,115.29,110.3,113,13288.8,8542.8
2025-10-24,APP_003,Classic Waterproof Trench Coat,Apparel & Fashion,107.5,149.99,55.0,154.69,25.0,103,4.85,1156,114.14,0.0,Standard,Fall,10,4,Friday,24,0,54.57,42.7,99,10642.5,5197.5
2025-10-24,ELEC_001,Pro Wireless Noise-Cancelling Headphones,Electronics,202.41,199.99,85.0,204.55,0.0,425,4.84,1084,161.27,0.0,Budget,Fall,10,4,Friday,24,0,72.71,72.7,78,15787.98,9157.98
2025-10-24,ELEC_002,Ultra HD 4K Smart TV 55-inch,Electronics,528.89,549.99,280.0,573.88,0.0,464,4.87,1007,122.74,0.0,Budget,Fall,10,4,Friday,24,0,34.0,32.03,39,20626.71,9706.71
2025-10-24,ELEC_003,Smart Fitness Watch Gen-4,Electronics,124.11,129.99,50.0,136.17,0.0,736,4.35,1007,169.41,0.0,Budget,Fall,10,4,Friday,24,0,103.0,94.43,97,12038.67,7188.67
2025-10-24,ELEC_004,Ergonomic Mechanical Keyboard,Electronics,88.2,89.99,35.0,87.96,0.0,262,4.18,991,179.62,0.0,Standard,Fall,10,4,Friday,24,0,55.43,54.27,61,5380.2,3245.2
2025-10-24,HOME_001,Espresso Machine & Milk Frother,Home & Living,167.47,159.99,65.0,156.31,0.0,137,4.58,1062,148.17,0.0,Budget,Fall,10,4,Friday,24,0,43.14,49.93,37,6196.39,3791.39
2025-10-24,HOME_002,Cordless Handheld Vacuum Cleaner,Home & Living,91.42,99.99,40.0,102.55,5.0,123,4.58,1178,198.32,0.0,Standard,Fall,10,4,Friday,24,0,76.0,73.9,91,8319.22,4679.22
2025-10-24,HOSP_001,Deluxe City Center King Room (Per Night),Hospitality & Stays,181.82,175.0,45.0,176.98,0.0,858,4.05,986,186.66,0.0,Budget,Fall,10,4,Friday,24,0,118.86,126.37,124,22545.68,16965.68
2025-10-24,HOSP_002,Executive Skyline Suite (Per Night),Hospitality & Stays,355.82,350.0,90.0,332.24,0.0,190,4.52,1063,209.27,0.0,Budget,Fall,10,4,Friday,24,0,21.29,22.37,18,6404.76,4784.76
2025-10-24,RIDE_001,Standard Urban Commute Ride (10 km),Rideshare & Mobility,24.68,24.5,8.0,26.69,0.0,630,4.89,1107,129.97,0.0,Premium,Fall,10,4,Friday,24,0,371.71,364.1,309,7626.12,5154.12
2025-10-24,RIDE_002,Premium Black Airport Transfer,Rideshare & Mobility,63.22,65.0,22.0,60.78,0.0,284,4.08,1028,214.49,0.0,Budget,Fall,10,4,Friday,24,0,111.29,116.83,137,8661.14,5647.14
2025-10-25,APP_001,Premium Merino Wool Sweater,Apparel & Fashion,78.14,79.99,28.0,76.91,0.0,405,4.75,1119,116.98,0.0,Standard,Fall,10,5,Saturday,25,1,85.0,88.3,81,6329.34,4061.34
2025-10-25,APP_002,Breathable Performance Running Shoes,Apparel & Fashion,123.63,119.99,42.0,124.92,0.0,100,4.59,1128,174.85,0.0,Budget,Fall,10,5,Saturday,25,1,113.0,109.67,103,12733.89,8407.89
2025-10-25,APP_003,Classic Waterproof Trench Coat,Apparel & Fashion,154.56,149.99,55.0,145.74,0.0,737,4.22,1129,119.29,0.0,Premium,Fall,10,5,Saturday,25,1,54.71,42.43,29,4482.24,2887.24
2025-10-25,ELEC_001,Pro Wireless Noise-Cancelling Headphones,Electronics,199.62,199.99,85.0,222.88,0.0,376,4.81,1016,116.45,0.0,Enterprise,Fall,10,5,Saturday,25,1,69.14,72.1,49,9781.38,5616.38
2025-10-25,ELEC_002,Ultra HD 4K Smart TV 55-inch,Electronics,565.54,549.99,280.0,562.23,0.0,434,4.84,1054,115.9,0.0,Budget,Fall,10,5,Saturday,25,1,35.14,32.03,30,16966.2,8566.2
2025-10-25,ELEC_003,Smart Fitness Watch Gen-4,Electronics,135.43,129.99,50.0,128.46,0.0,648,4.54,1115,173.07,0.0,Budget,Fall,10,5,Saturday,25,1,95.29,94.97,88,11917.84,7517.84
2025-10-25,ELEC_004,Ergonomic Mechanical Keyboard,Electronics,87.05,89.99,35.0,93.5,0.0,202,4.2,1083,114.33,0.0,Standard,Fall,10,5,Saturday,25,1,57.14,55.1,60,5223.0,3123.0
2025-10-25,HOME_001,Espresso Machine & Milk Frother,Home & Living,146.51,159.99,65.0,146.93,10.0,88,4.37,1148,203.1,0.0,Standard,Fall,10,5,Saturday,25,1,43.57,49.1,49,7178.99,3993.99
2025-10-25,HOME_002,Cordless Handheld Vacuum Cleaner,Home & Living,83.74,99.99,40.0,102.54,15.0,496,4.5,1125,162.41,0.0,Budget,Fall,10,5,Saturday,25,1,83.29,74.8,117,9797.58,5117.58
2025-10-25,HOSP_001,Deluxe City Center King Room (Per Night),Hospitality & Stays,178.84,175.0,45.0,182.29,5.0,678,4.09,1077,166.71,0.0,Budget,Fall,10,5,Saturday,25,1,132.29,129.03,180,32191.2,24091.2
2025-10-25,HOSP_002,Executive Skyline Suite (Per Night),Hospitality & Stays,366.84,350.0,90.0,368.86,5.0,160,4.68,1139,145.72,0.0,Standard,Fall,10,5,Saturday,25,1,23.14,22.63,30,11005.2,8305.2
2025-10-25,RIDE_001,Standard Urban Commute Ride (10 km),Rideshare & Mobility,19.1,24.5,8.0,25.21,20.0,430,4.67,1116,136.56,0.0,Premium,Fall,10,5,Saturday,25,1,402.14,376.03,630,12033.0,6993.0
2025-10-25,RIDE_002,Premium Black Airport Transfer,Rideshare & Mobility,65.16,65.0,22.0,69.43,0.0,205,4.13,1119,107.39,0.0,Enterprise,Fall,10,5,Saturday,25,1,105.71,117.3,79,5147.64,3409.64
2025-10-26,APP_001,Premium Merino Wool Sweater,Apparel & Fashion,81.11,79.99,28.0,84.53,0.0,322,4.86,1085,246.42,0.0,Standard,Fall,10,6,Sunday,26,1,86.43,88.93,83,6732.13,4408.13
2025-10-26,APP_002,Breathable Performance Running Shoes,Apparel & Fashion,118.06,119.99,42.0,115.62,0.0,602,4.64,1078,112.59,0.0,Standard,Fall,10,6,Sunday,26,1,113.43,109.57,100,11806.0,7606.0
2025-10-26,APP_003,Classic Waterproof Trench Coat,Apparel & Fashion,156.66,149.99,55.0,149.03,0.0,711,4.29,1149,153.52,0.0,Standard,Fall,10,6,Sunday,26,1,53.14,42.07,26,4073.16,2643.16
2025-10-26,ELEC_001,Pro Wireless Noise-Cancelling Headphones,Electronics,192.17,199.99,85.0,176.23,0.0,333,4.57,1125,46.38,0.0,Enterprise,Fall,10,6,Sunday,26,1,64.14,71.63,43,8263.31,4608.31
2025-10-26,ELEC_002,Ultra HD 4K Smart TV 55-inch,Electronics,418.05,549.99,280.0,538.31,20.0,382,4.8,1120,81.42,0.0,Premium,Fall,10,6,Sunday,26,1,34.43,32.9,52,21738.6,7178.6
2025-10-26,ELEC_003,Smart Fitness Watch Gen-4,Electronics,125.6,129.99,50.0,125.69,0.0,574,4.37,1109,163.8,0.0,Standard,Fall,10,6,Sunday,26,1,93.14,94.77,74,9294.4,5594.4
2025-10-26,ELEC_004,Ergonomic Mechanical Keyboard,Electronics,90.37,89.99,35.0,93.11,0.0,144,4.86,1224,173.83,0.0,Budget,Fall,10,6,Sunday,26,1,58.14,55.07,58,5241.46,3211.46
2025-10-26,HOME_001,Espresso Machine & Milk Frother,Home & Living,156.61,159.99,65.0,164.85,0.0,543,4.82,1093,127.56,0.0,Budget,Fall,10,6,Sunday,26,1,45.14,49.8,53,8300.33,4855.33
2025-10-26,HOME_002,Cordless Handheld Vacuum Cleaner,Home & Living,82.53,99.99,40.0,97.95,20.0,391,4.54,1173,150.05,0.0,Standard,Fall,10,6,Sunday,26,1,86.0,74.77,105,8665.65,4465.65
2025-10-26,HOSP_001,Deluxe City Center King Room (Per Night),Hospitality & Stays,191.43,175.0,45.0,181.24,0.0,560,4.66,1117,89.24,0.0,Standard,Fall,10,6,Sunday,26,1,131.57,128.57,118,22588.74,17278.74
2025-10-26,HOSP_002,Executive Skyline Suite (Per Night),Hospitality & Stays,376.09,350.0,90.0,367.15,10.0,133,4.49,1155,122.67,0.0,Standard,Fall,10,6,Sunday,26,1,24.0,22.93,27,10154.43,7724.43
2025-10-26,RIDE_001,Standard Urban Commute Ride (10 km),Rideshare & Mobility,17.98,24.5,8.0,25.11,25.0,424,4.01,1065,117.21,0.0,Budget,Fall,10,6,Sunday,26,1,403.43,379.63,430,7731.4,4291.4
2025-10-26,RIDE_002,Premium Black Airport Transfer,Rideshare & Mobility,66.36,65.0,22.0,66.93,0.0,501,4.69,1175,144.43,0.0,Budget,Fall,10,6,Sunday,26,1,109.43,117.43,126,8361.36,5589.36
2025-10-27,APP_001,Premium Merino Wool Sweater,Apparel & Fashion,67.41,79.99,28.0,78.92,15.0,191,4.19,1091,100.82,0.0,Budget,Fall,10,0,Monday,27,0,92.43,90.33,131,8830.71,5162.71
2025-10-27,APP_002,Breathable Performance Running Shoes,Apparel & Fashion,123.58,119.99,42.0,119.36,0.0,528,4.44,1038,137.99,0.0,Premium,Fall,10,0,Monday,27,0,106.71,108.7,74,9144.92,6036.92
2025-10-27,APP_003,Classic Waterproof Trench Coat,Apparel & Fashion,157.05,149.99,55.0,146.94,0.0,684,4.76,1135,160.6,0.0,Premium,Fall,10,0,Monday,27,0,51.14,42.0,27,4240.35,2755.35
2025-10-27,ELEC_001,Pro Wireless Noise-Cancelling Headphones,Electronics,208.38,199.99,85.0,184.89,0.0,275,4.16,1104,117.1,0.0,Standard,Fall,10,0,Monday,27,0,61.43,71.6,58,12086.04,7156.04
2025-10-27,ELEC_002,Ultra HD 4K Smart TV 55-inch,Electronics,565.88,549.99,280.0,549.16,0.0,352,4.61,1137,163.38,0.0,Budget,Fall,10,0,Monday,27,0,34.71,32.93,30,16976.4,8576.4
2025-10-27,ELEC_003,Smart Fitness Watch Gen-4,Electronics,135.47,129.99,50.0,129.8,0.0,497,4.34,1128,144.14,0.0,Standard,Fall,10,0,Monday,27,0,89.29,94.27,77,10431.19,6581.19
2025-10-27,ELEC_004,Ergonomic Mechanical Keyboard,Electronics,69.63,89.99,35.0,90.38,20.0,662,4.51,1061,112.2,0.0,Standard,Fall,10,0,Monday,27,0,61.71,57.07,99,6893.37,3428.37
2025-10-27,HOME_001,Espresso Machine & Milk Frother,Home & Living,163.55,159.99,65.0,161.86,0.0,522,4.19,1058,146.59,0.0,Enterprise,Fall,10,0,Monday,27,0,40.86,48.73,21,3434.55,2069.55
2025-10-27,HOME_002,Cordless Handheld Vacuum Cleaner,Home & Living,100.6,99.99,40.0,105.01,0.0,305,4.69,1199,174.79,0.0,Budget,Fall,10,0,Monday,27,0,90.57,74.3,86,8651.6,5211.6
2025-10-27,HOSP_001,Deluxe City Center King Room (Per Night),Hospitality & Stays,136.64,175.0,45.0,171.59,25.0,378,4.28,1126,105.68,0.0,Premium,Fall,10,0,Monday,27,0,145.43,131.47,182,24868.48,16678.48
2025-10-27,HOSP_002,Executive Skyline Suite (Per Night),Hospitality & Stays,366.27,350.0,90.0,313.82,0.0,113,4.69,1049,128.73,0.0,Budget,Fall,10,0,Monday,27,0,22.71,22.4,20,7325.4,5525.4
2025-10-27,RIDE_001,Standard Urban Commute Ride (10 km),Rideshare & Mobility,23.66,24.5,8.0,25.43,0.0,624,4.15,1129,84.34,0.0,Budget,Fall,10,0,Monday,27,0,400.43,383.17,424,10031.84,6639.84
2025-10-27,RIDE_002,Premium Black Airport Transfer,Rideshare & Mobility,62.14,65.0,22.0,67.42,0.0,410,4.49,1102,71.72,0.0,Enterprise,Fall,10,0,Monday,27,0,105.57,114.63,91,5654.74,3652.74
2025-10-28,APP_001,Premium Merino Wool Sweater,Apparel & Fashion,79.3,79.99,28.0,83.97,0.0,112,4.52,1096,118.87,0.0,Budget,Fall,10,1,Tuesday,28,0,91.86,90.9,79,6264.7,4052.7
2025-10-28,APP_002,Breathable Performance Running Shoes,Apparel & Fashion,116.88,119.99,42.0,130.07,0.0,406,4.72,1062,152.04,0.0,Budget,Fall,10,1,Tuesday,28,0,110.71,108.77,122,14259.36,9135.36
2025-10-28,APP_003,Classic Waterproof Trench Coat,Apparel & Fashion,149.08,149.99,55.0,153.85,0.0,649,4.07,1059,129.07,0.0,Standard,Fall,10,1,Tuesday,28,0,41.43,41.8,35,5217.8,3292.8
2025-10-28,ELEC_001,Pro Wireless Noise-Cancelling Headphones,Electronics,197.85,199.99,85.0,205.25,0.0,196,4.77,1093,120.84,0.0,Budget,Fall,10,1,Tuesday,28,0,66.14,70.4,79,15630.15,8915.15
2025-10-28,ELEC_002,Ultra HD 4K Smart TV 55-inch,Electronics,523.33,549.99,280.0,554.16,0.0,328,4.7,1012,103.08,0.0,Premium,Fall,10,1,Tuesday,28,0,32.86,32.8,24,12559.92,5839.92
2025-10-28,ELEC_003,Smart Fitness Watch Gen-4,Electronics,125.03,129.99,50.0,127.76,0.0,421,4.05,1145,214.14,0.0,Standard,Fall,10,1,Tuesday,28,0,86.57,94.4,76,9502.28,5702.28
2025-10-28,ELEC_004,Ergonomic Mechanical Keyboard,Electronics,91.88,89.99,35.0,88.13,0.0,606,4.61,1103,194.59,0.0,Budget,Fall,10,1,Tuesday,28,0,61.71,56.83,56,5145.28,3185.28
2025-10-28,HOME_001,Espresso Machine & Milk Frother,Home & Living,153.24,159.99,65.0,161.53,0.0,467,4.84,1078,209.37,0.0,Budget,Fall,10,1,Tuesday,28,0,42.29,48.63,55,8428.2,4853.2
2025-10-28,HOME_002,Cordless Handheld Vacuum Cleaner,Home & Living,99.55,99.99,40.0,112.34,0.0,242,4.13,1008,168.61,0.0,Standard,Fall,10,1,Tuesday,28,0,89.14,74.43,63,6271.65,3751.65
2025-10-28,HOSP_001,Deluxe City Center King Room (Per Night),Hospitality & Stays,169.48,175.0,45.0,176.88,0.0,271,4.28,1106,248.28,0.0,Premium,Fall,10,1,Tuesday,28,0,132.14,130.73,107,18134.36,13319.36
2025-10-28,HOSP_002,Executive Skyline Suite (Per Night),Hospitality & Stays,342.15,350.0,90.0,366.83,0.0,91,4.4,1025,63.7,0.0,Standard,Fall,10,1,Tuesday,28,0,23.0,22.47,22,7527.3,5547.3
2025-10-28,RIDE_001,Standard Urban Commute Ride (10 km),Rideshare & Mobility,25.71,24.5,8.0,25.35,0.0,271,4.77,1105,145.08,0.0,Budget,Fall,10,1,Tuesday,28,0,404.57,382.57,353,9075.63,6251.63
2025-10-28,RIDE_002,Premium Black Airport Transfer,Rideshare & Mobility,61.76,65.0,22.0,65.38,0.0,315,4.89,1063,196.24,0.0,Premium,Fall,10,1,Tuesday,28,0,107.14,113.97,95,5867.2,3777.2
2025-10-29,APP_001,Premium Merino Wool Sweater,Apparel & Fashion,78.03,79.99,28.0,86.99,0.0,601,4.7,1133,123.83,0.0,Budget,Fall,10,2,Wednesday,29,0,93.14,91.57,92,7178.76,4602.76
2025-10-29,APP_002,Breathable Performance Running Shoes,Apparel & Fashion,122.47,119.99,42.0,120.02,0.0,293,4.67,1064,125.07,0.0,Standard,Fall,10,2,Wednesday,29,0,112.29,108.6,113,13839.11,9093.11
2025-10-29,APP_003,Classic Waterproof Trench Coat,Apparel & Fashion,122.78,149.99,55.0,156.72,20.0,576,4.7,1073,69.54,0.0,Budget,Fall,10,2,Wednesday,29,0,47.71,42.83,73,8962.94,4947.94
2025-10-29,ELEC_001,Pro Wireless Noise-Cancelling Headphones,Electronics,205.26,199.99,85.0,214.85,0.0,141,4.77,1090,195.51,0.0,Premium,Fall,10,2,Wednesday,29,0,59.0,69.8,55,11289.3,6614.3
2025-10-29,ELEC_002,Ultra HD 4K Smart TV 55-inch,Electronics,421.09,549.99,280.0,536.45,20.0,265,4.32,1095,1.65,0.0,Budget,Fall,10,2,Wednesday,29,0,38.29,33.4,63,26528.67,8888.67
2025-10-29,ELEC_003,Smart Fitness Watch Gen-4,Electronics,131.93,129.99,50.0,133.35,0.0,342,4.38,1235,106.45,0.0,Standard,Fall,10,2,Wednesday,29,0,88.0,93.33,79,10422.47,6472.47
2025-10-29,ELEC_004,Ergonomic Mechanical Keyboard,Electronics,94.08,89.99,35.0,82.0,0.0,539,4.63,976,182.85,0.0,Budget,Fall,10,2,Wednesday,29,0,64.29,57.27,67,6303.36,3958.36
2025-10-29,HOME_001,Espresso Machine & Milk Frother,Home & Living,161.14,159.99,65.0,165.22,0.0,420,4.87,1128,142.53,0.0,Standard,Fall,10,2,Wednesday,29,0,44.43,48.13,47,7573.58,4518.58
2025-10-29,HOME_002,Cordless Handheld Vacuum Cleaner,Home & Living,96.8,99.99,40.0,98.14,0.0,177,4.29,1019,136.05,0.0,Standard,Fall,10,2,Wednesday,29,0,82.29,74.53,65,6292.0,3692.0
2025-10-29,HOSP_001,Deluxe City Center King Room (Per Night),Hospitality & Stays,168.92,175.0,45.0,188.24,0.0,124,4.78,1058,213.84,0.0,Budget,Fall,10,2,Wednesday,29,0,137.57,131.77,147,24831.24,18216.24
2025-10-29,HOSP_002,Executive Skyline Suite (Per Night),Hospitality & Stays,349.82,350.0,90.0,382.06,0.0,561,4.32,1085,111.19,0.0,Standard,Fall,10,2,Wednesday,29,0,22.71,21.93,19,6646.58,4936.58
2025-10-29,RIDE_001,Standard Urban Commute Ride (10 km),Rideshare & Mobility,25.15,24.5,8.0,25.25,0.0,481,4.52,1133,150.18,0.0,Premium,Fall,10,2,Wednesday,29,0,392.29,365.0,257,6463.55,4407.55
2025-10-29,RIDE_002,Premium Black Airport Transfer,Rideshare & Mobility,64.14,65.0,22.0,64.43,0.0,255,4.37,1169,136.15,0.0,Enterprise,Fall,10,2,Wednesday,29,0,99.0,111.5,60,3848.4,2528.4
2025-10-30,APP_001,Premium Merino Wool Sweater,Apparel & Fashion,78.34,79.99,28.0,81.53,0.0,521,4.41,1057,124.43,0.0,Budget,Fall,10,3,Thursday,30,0,91.14,89.03,80,6267.2,4027.2
2025-10-30,APP_002,Breathable Performance Running Shoes,Apparel & Fashion,125.36,119.99,42.0,109.45,0.0,214,4.17,1190,105.61,0.0,Standard,Fall,10,3,Thursday,30,0,100.57,108.37,79,9903.44,6585.44
2025-10-30,APP_003,Classic Waterproof Trench Coat,Apparel & Fashion,145.09,149.99,55.0,149.85,0.0,537,4.46,988,91.07,0.0,Standard,Fall,10,3,Thursday,30,0,46.86,42.7,39,5658.51,3513.51
2025-10-30,ELEC_001,Pro Wireless Noise-Cancelling Headphones,Electronics,190.91,199.99,85.0,208.94,0.0,85,4.73,998,152.41,0.0,Premium,Fall,10,3,Thursday,30,0,59.71,68.87,56,10690.96,5930.96
2025-10-30,ELEC_002,Ultra HD 4K Smart TV 55-inch,Electronics,531.24,549.99,280.0,483.56,0.0,241,4.32,1105,76.46,0.0,Standard,Fall,10,3,Thursday,30,0,37.43,33.4,24,12749.76,6029.76
2025-10-30,ELEC_003,Smart Fitness Watch Gen-4,Electronics,132.87,129.99,50.0,125.56,0.0,263,4.07,1230,148.22,0.0,Standard,Fall,10,3,Thursday,30,0,81.43,92.4,79,10496.73,6546.73
2025-10-30,ELEC_004,Ergonomic Mechanical Keyboard,Electronics,92.84,89.99,35.0,96.64,0.0,481,4.27,1049,117.52,0.0,Budget,Fall,10,3,Thursday,30,0,65.57,57.33,58,5384.72,3354.72
2025-10-30,HOME_001,Espresso Machine & Milk Frother,Home & Living,165.31,159.99,65.0,161.92,0.0,390,4.1,1106,177.72,0.0,Premium,Fall,10,3,Thursday,30,0,41.71,46.83,30,4959.3,3009.3
2025-10-30,HOME_002,Cordless Handheld Vacuum Cleaner,Home & Living,98.42,99.99,40.0,108.82,0.0,128,4.45,1083,183.48,0.0,Enterprise,Fall,10,3,Thursday,30,0,82.29,74.1,49,4822.58,2862.58
2025-10-30,HOSP_001,Deluxe City Center King Room (Per Night),Hospitality & Stays,146.43,175.0,45.0,184.25,15.0,416,4.17,1119,145.58,0.0,Standard,Fall,10,3,Thursday,30,0,140.29,132.8,124,18157.32,12577.32
2025-10-30,HOSP_002,Executive Skyline Suite (Per Night),Hospitality & Stays,349.29,350.0,90.0,340.09,0.0,542,4.04,1140,149.4,0.0,Standard,Fall,10,3,Thursday,30,0,22.14,21.57,19,6636.51,4926.51
2025-10-30,RIDE_001,Standard Urban Commute Ride (10 km),Rideshare & Mobility,25.52,24.5,8.0,21.9,0.0,212,4.16,1103,105.28,0.0,Standard,Fall,10,3,Thursday,30,0,381.71,362.63,269,6864.88,4712.88
2025-10-30,RIDE_002,Premium Black Airport Transfer,Rideshare & Mobility,67.96,65.0,22.0,68.95,0.0,183,4.01,1117,156.42,0.0,Premium,Fall,10,3,Thursday,30,0,94.29,110.1,72,4893.12,3309.12
2025-10-31,APP_001,Premium Merino Wool Sweater,Apparel & Fashion,77.13,79.99,28.0,79.58,0.0,444,4.73,1133,167.19,0.0,Premium,Fall,10,4,Friday,31,0,89.0,89.53,77,5939.01,3783.01
2025-10-31,APP_002,Breathable Performance Running Shoes,Apparel & Fashion,125.19,119.99,42.0,122.85,0.0,115,4.75,1157,226.19,0.0,Standard,Fall,10,4,Friday,31,0,98.57,107.8,99,12393.81,8235.81
2025-10-31,APP_003,Classic Waterproof Trench Coat,Apparel & Fashion,156.4,149.99,55.0,149.52,0.0,509,4.08,1152,147.83,0.0,Standard,Fall,10,4,Friday,31,0,36.71,41.93,28,4379.2,2839.2
2025-10-31,ELEC_001,Pro Wireless Noise-Cancelling Headphones,Electronics,207.88,199.99,85.0,191.54,0.0,759,4.0,1065,289.84,0.0,Standard,Fall,10,4,Friday,31,0,55.43,68.47,48,9978.24,5898.24
2025-10-31,ELEC_002,Ultra HD 4K Smart TV 55-inch,Electronics,550.01,549.99,280.0,531.64,0.0,212,4.37,1071,133.14,0.0,Budget,Fall,10,4,Friday,31,0,36.0,33.4,29,15950.29,7830.29
2025-10-31,ELEC_003,Smart Fitness Watch Gen-4,Electronics,127.64,129.99,50.0,126.37,0.0,177,4.69,1089,155.73,0.0,Standard,Fall,10,4,Friday,31,0,79.86,92.8,86,10977.04,6677.04
2025-10-31,ELEC_004,Ergonomic Mechanical Keyboard,Electronics,91.27,89.99,35.0,100.06,0.0,420,4.63,995,191.11,0.0,Budget,Fall,10,4,Friday,31,0,65.57,57.8,61,5567.47,3432.47
2025-10-31,HOME_001,Espresso Machine & Milk Frother,Home & Living,157.72,159.99,65.0,148.18,0.0,346,4.86,1043,265.9,0.0,Standard,Fall,10,4,Friday,31,0,42.71,47.0,44,6939.68,4079.68
2025-10-31,HOME_002,Cordless Handheld Vacuum Cleaner,Home & Living,96.77,99.99,40.0,101.27,0.0,584,4.63,1171,103.94,0.0,Budget,Fall,10,4,Friday,31,0,80.0,74.57,75,7257.75,4257.75
2025-10-31,HOSP_001,Deluxe City Center King Room (Per Night),Hospitality & Stays,177.99,175.0,45.0,166.79,0.0,325,4.65,1071,204.38,0.0,Premium,Fall,10,4,Friday,31,0,135.57,132.37,91,16197.09,12102.09
2025-10-31,HOSP_002,Executive Skyline Suite (Per Night),Hospitality & Stays,355.72,350.0,90.0,365.41,0.0,517,4.35,1137,96.49,0.0,Budget,Fall,10,4,Friday,31,0,23.14,21.77,25,8893.0,6643.0
2025-10-31,RIDE_001,Standard Urban Commute Ride (10 km),Rideshare & Mobility,24.66,24.5,8.0,25.32,0.0,789,4.8,1109,196.57,0.0,Premium,Fall,10,4,Friday,31,0,367.86,364.4,212,5227.92,3531.92
2025-10-31,RIDE_002,Premium Black Airport Transfer,Rideshare & Mobility,64.78,65.0,22.0,62.35,0.0,652,4.24,1096,157.94,0.0,Budget,Fall,10,4,Friday,31,0,91.57,111.2,118,7644.04,5048.04
2025-11-01,APP_001,Premium Merino Wool Sweater,Apparel & Fashion,80.76,79.99,28.0,79.63,0.0,329,4.77,1044,126.88,0.0,Budget,Fall,11,5,Saturday,1,1,93.86,88.67,115,9287.4,6067.4
2025-11-01,APP_002,Breathable Performance Running Shoes,Apparel & Fashion,114.93,119.99,42.0,109.53,0.0,554,4.32,1153,158.26,0.0,Enterprise,Fall,11,5,Saturday,1,1,99.57,108.67,110,12642.3,8022.3
2025-11-01,APP_003,Classic Waterproof Trench Coat,Apparel & Fashion,142.52,149.99,55.0,136.37,0.0,448,4.87,1069,156.23,0.0,Budget,Fall,11,5,Saturday,1,1,41.29,42.77,61,8693.72,5338.72
2025-11-01,ELEC_001,Pro Wireless Noise-Cancelling Headphones,Electronics,209.01,199.99,85.0,214.19,0.0,669,4.52,1077,197.68,0.0,Budget,Fall,11,5,Saturday,1,1,61.29,67.4,90,18810.9,11160.9
2025-11-01,ELEC_002,Ultra HD 4K Smart TV 55-inch,Electronics,538.28,549.99,280.0,553.31,0.0,169,4.29,1064,139.5,0.0,Budget,Fall,11,5,Saturday,1,1,37.86,33.97,43,23146.04,11106.04
2025-11-01,ELEC_003,Smart Fitness Watch Gen-4,Electronics,126.09,129.99,50.0,128.44,0.0,490,4.46,1061,174.94,0.0,Standard,Fall,11,5,Saturday,1,1,86.14,94.43,132,16643.88,10043.88
2025-11-01,ELEC_004,Ergonomic Mechanical Keyboard,Electronics,93.66,89.99,35.0,96.2,0.0,332,4.05,1118,206.79,0.0,Standard,Fall,11,5,Saturday,1,1,69.57,58.13,88,8242.08,5162.08
2025-11-01,HOME_001,Espresso Machine & Milk Frother,Home & Living,158.09,159.99,65.0,151.3,5.0,304,4.25,1087,157.96,0.0,Budget,Fall,11,5,Saturday,1,1,41.71,46.93,42,6639.78,3909.78
2025-11-01,HOME_002,Cordless Handheld Vacuum Cleaner,Home & Living,96.63,99.99,40.0,95.91,0.0,501,4.65,1051,168.24,0.0,Budget,Fall,11,5,Saturday,1,1,75.14,73.53,83,8020.29,4700.29
2025-11-01,HOSP_001,Deluxe City Center King Room (Per Night),Hospitality & Stays,190.98,175.0,45.0,170.02,0.0,216,4.06,1114,136.59,0.0,Standard,Fall,11,5,Saturday,1,1,125.43,132.37,109,20816.82,15911.82
2025-11-01,HOSP_002,Executive Skyline Suite (Per Night),Hospitality & Stays,405.05,350.0,90.0,347.26,0.0,494,4.42,1177,152.91,0.0,Budget,Fall,11,5,Saturday,1,1,22.14,21.87,23,9316.15,7246.15
2025-11-01,RIDE_001,Standard Urban Commute Ride (10 km),Rideshare & Mobility,23.75,24.5,8.0,23.34,0.0,297,4.64,1112,120.63,0.0,Budget,Fall,11,5,Saturday,1,1,348.14,368.67,492,11685.0,7749.0
2025-11-01,RIDE_002,Premium Black Airport Transfer,Rideshare & Mobility,58.62,65.0,22.0,65.35,10.0,511,4.9,1109,162.21,0.0,Budget,Fall,11,5,Saturday,1,1,100.43,113.47,141,8265.42,5163.42
2025-11-02,APP_001,Premium Merino Wool Sweater,Apparel & Fashion,80.92,79.99,28.0,80.21,0.0,208,4.15,1250,130.64,0.0,Standard,Fall,11,6,Sunday,2,1,99.29,90.03,121,9791.32,6403.32
2025-11-02,APP_002,Breathable Performance Running Shoes,Apparel & Fashion,120.33,119.99,42.0,118.54,0.0,384,4.55,1153,132.78,0.0,Budget,Fall,11,6,Sunday,2,1,109.57,111.3,170,20456.1,13316.1
2025-11-02,APP_003,Classic Waterproof Trench Coat,Apparel & Fashion,142.56,149.99,55.0,144.21,0.0,387,4.58,1071,165.25,0.0,Standard,Fall,11,6,Sunday,2,1,46.29,43.93,61,8696.16,5341.16
2025-11-02,ELEC_001,Pro Wireless Noise-Cancelling Headphones,Electronics,194.8,199.99,85.0,180.29,0.0,573,4.17,1154,88.95,0.0,Budget,Fall,11,6,Sunday,2,1,68.86,67.63,96,18700.8,10540.8
2025-11-02,ELEC_002,Ultra HD 4K Smart TV 55-inch,Electronics,571.04,549.99,280.0,556.68,0.0,133,4.43,1139,94.81,0.0,Standard,Fall,11,6,Sunday,2,1,35.57,34.17,36,20557.44,10477.44
2025-11-02,ELEC_003,Smart Fitness Watch Gen-4,Electronics,131.91,129.99,50.0,122.51,0.0,379,4.38,1109,147.21,0.0,Budget,Fall,11,6,Sunday,2,1,91.43,95.0,111,14642.01,9092.01
2025-11-02,ELEC_004,Ergonomic Mechanical Keyboard,Electronics,88.09,89.99,35.0,92.34,0.0,262,4.35,1148,185.31,0.0,Enterprise,Fall,11,6,Sunday,2,1,71.29,58.77,70,6166.3,3716.3
2025-11-02,HOME_001,Espresso Machine & Milk Frother,Home & Living,152.65,159.99,65.0,161.45,0.0,265,4.41,1077,213.8,0.0,Standard,Fall,11,6,Sunday,2,1,39.71,46.7,39,5953.35,3418.35
2025-11-02,HOME_002,Cordless Handheld Vacuum Cleaner,Home & Living,96.01,99.99,40.0,99.39,0.0,430,4.67,1080,187.64,0.0,Standard,Fall,11,6,Sunday,2,1,70.29,74.1,71,6816.71,3976.71
2025-11-02,HOSP_001,Deluxe City Center King Room (Per Night),Hospitality & Stays,197.61,175.0,45.0,166.92,0.0,117,4.27,992,198.91,0.0,Standard,Fall,11,6,Sunday,2,1,122.71,131.3,99,19563.39,15108.39
2025-11-02,HOSP_002,Executive Skyline Suite (Per Night),Hospitality & Stays,400.25,350.0,90.0,325.78,0.0,472,4.81,1096,124.45,0.0,Standard,Fall,11,6,Sunday,2,1,21.43,21.77,22,8805.5,6825.5
2025-11-02,RIDE_001,Standard Urban Commute Ride (10 km),Rideshare & Mobility,23.28,24.5,8.0,22.75,0.0,607,4.76,1107,182.75,0.0,Budget,Fall,11,6,Sunday,2,1,329.14,370.1,297,6914.16,4538.16
2025-11-02,RIDE_002,Premium Black Airport Transfer,Rideshare & Mobility,68.23,65.0,22.0,69.98,0.0,393,4.89,1229,121.03,0.0,Budget,Fall,11,6,Sunday,2,1,99.29,112.83,118,8051.14,5455.14
2025-11-03,APP_001,Premium Merino Wool Sweater,Apparel & Fashion,80.17,79.99,28.0,81.55,0.0,99,4.56,1166,201.96,0.0,Standard,Fall,11,0,Monday,3,0,96.14,91.27,109,8738.53,5686.53
2025-11-03,APP_002,Breathable Performance Running Shoes,Apparel & Fashion,125.72,119.99,42.0,125.47,0.0,281,4.89,1110,188.55,0.0,Enterprise,Fall,11,0,Monday,3,0,113.71,109.5,103,12949.16,8623.16
2025-11-03,APP_003,Classic Waterproof Trench Coat,Apparel & Fashion,157.23,149.99,55.0,164.19,0.0,337,4.4,1026,131.27,0.0,Standard,Fall,11,0,Monday,3,0,49.57,44.83,50,7861.5,5111.5
2025-11-03,ELEC_001,Pro Wireless Noise-Cancelling Headphones,Electronics,201.62,199.99,85.0,195.92,0.0,483,4.39,1146,171.97,0.0,Premium,Fall,11,0,Monday,3,0,73.43,68.4,90,18145.8,10495.8
2025-11-03,ELEC_002,Ultra HD 4K Smart TV 55-inch,Electronics,574.24,549.99,280.0,539.39,0.0,98,4.6,1156,127.12,0.0,Premium,Fall,11,0,Monday,3,0,36.29,33.47,35,20098.4,10298.4
2025-11-03,ELEC_003,Smart Fitness Watch Gen-4,Electronics,133.8,129.99,50.0,128.09,0.0,256,4.12,1119,210.84,0.0,Budget,Fall,11,0,Monday,3,0,98.0,95.4,123,16457.4,10307.4
2025-11-03,ELEC_004,Ergonomic Mechanical Keyboard,Electronics,93.3,89.99,35.0,87.65,0.0,188,4.84,1057,129.23,0.0,Standard,Fall,11,0,Monday,3,0,67.71,59.17,74,6904.2,4314.2
2025-11-03,HOME_001,Espresso Machine & Milk Frother,Home & Living,166.75,159.99,65.0,155.79,0.0,234,4.8,1027,241.21,0.0,Standard,Fall,11,0,Monday,3,0,41.14,46.27,31,5169.25,3154.25
2025-11-03,HOME_002,Cordless Handheld Vacuum Cleaner,Home & Living,76.5,99.99,40.0,105.15,20.0,303,4.8,1156,162.68,0.0,Standard,Fall,11,0,Monday,3,0,76.14,76.27,127,9715.5,4635.5
2025-11-03,HOSP_001,Deluxe City Center King Room (Per Night),Hospitality & Stays,174.01,175.0,45.0,179.03,0.0,545,4.44,1196,105.41,0.0,Standard,Fall,11,0,Monday,3,0,113.43,131.4,117,20359.17,15094.17
2025-11-03,HOSP_002,Executive Skyline Suite (Per Night),Hospitality & Stays,348.67,350.0,90.0,346.68,0.0,452,4.8,1096,132.0,0.0,Standard,Fall,11,0,Monday,3,0,21.43,21.7,20,6973.4,5173.4
2025-11-03,RIDE_001,Standard Urban Commute Ride (10 km),Rideshare & Mobility,21.84,24.5,8.0,24.67,10.0,124,4.21,1144,153.85,0.0,Standard,Fall,11,0,Monday,3,0,337.57,372.73,483,10548.72,6684.72
2025-11-03,RIDE_002,Premium Black Airport Transfer,Rideshare & Mobility,67.42,65.0,22.0,63.6,0.0,277,4.53,1093,194.14,0.0,Budget,Fall,11,0,Monday,3,0,102.86,112.27,116,7820.72,5268.72
2025-11-04,APP_001,Premium Merino Wool Sweater,Apparel & Fashion,82.27,79.99,28.0,84.07,0.0,559,4.46,1189,149.52,0.0,Enterprise,Fall,11,1,Tuesday,4,0,96.71,91.3,83,6828.41,4504.41
2025-11-04,APP_002,Breathable Performance Running Shoes,Apparel & Fashion,114.98,119.99,42.0,122.52,0.0,139,4.57,1161,136.11,0.0,Premium,Fall,11,1,Tuesday,4,0,116.57,110.1,142,16327.16,10363.16
2025-11-04,APP_003,Classic Waterproof Trench Coat,Apparel & Fashion,150.15,149.99,55.0,146.59,0.0,307,4.21,1087,82.14,0.0,Enterprise,Fall,11,1,Tuesday,4,0,48.86,44.17,30,4504.5,2854.5
2025-11-04,ELEC_001,Pro Wireless Noise-Cancelling Headphones,Electronics,208.92,199.99,85.0,191.0,0.0,404,4.8,1047,206.44,0.0,Standard,Fall,11,1,Tuesday,4,0,73.43,68.5,79,16504.68,9789.68
2025-11-04,ELEC_002,Ultra HD 4K Smart TV 55-inch,Electronics,552.26,549.99,280.0,588.45,0.0,495,4.72,1193,120.81,0.0,Standard,Fall,11,1,Tuesday,4,0,38.86,33.77,42,23194.92,11434.92
2025-11-04,ELEC_003,Smart Fitness Watch Gen-4,Electronics,130.97,129.99,50.0,126.95,0.0,163,4.12,1065,81.73,0.0,Premium,Fall,11,1,Tuesday,4,0,100.43,93.53,93,12180.21,7530.21
2025-11-04,ELEC_004,Ergonomic Mechanical Keyboard,Electronics,88.24,89.99,35.0,90.57,0.0,98,4.33,1112,197.73,0.0,Budget,Fall,11,1,Tuesday,4,0,72.57,60.47,90,7941.6,4791.6
2025-11-04,HOME_001,Espresso Machine & Milk Frother,Home & Living,156.6,159.99,65.0,152.89,0.0,199,4.86,1089,118.78,0.0,Premium,Fall,11,1,Tuesday,4,0,38.29,46.07,35,5481.0,3206.0
2025-11-04,HOME_002,Cordless Handheld Vacuum Cleaner,Home & Living,104.48,99.99,40.0,103.54,0.0,247,4.68,1100,128.74,0.0,Standard,Fall,11,1,Tuesday,4,0,75.14,76.5,56,5850.88,3610.88
2025-11-04,HOSP_001,Deluxe City Center King Room (Per Night),Hospitality & Stays,137.38,175.0,45.0,171.61,25.0,337,4.79,1085,152.39,0.0,Budget,Fall,11,1,Tuesday,4,0,127.86,131.33,208,28575.04,19215.04
2025-11-04,HOSP_002,Executive Skyline Suite (Per Night),Hospitality & Stays,351.86,350.0,90.0,373.45,0.0,430,4.54,1077,170.82,0.0,Standard,Fall,11,1,Tuesday,4,0,21.43,21.83,22,7740.92,5760.92
2025-11-04,RIDE_001,Standard Urban Commute Ride (10 km),Rideshare & Mobility,24.83,24.5,8.0,23.15,0.0,790,4.7,1151,131.98,0.0,Premium,Fall,11,1,Tuesday,4,0,304.86,362.4,124,3078.92,2086.92
2025-11-04,RIDE_002,Premium Black Airport Transfer,Rideshare & Mobility,64.6,65.0,22.0,57.6,0.0,184,4.4,1097,162.1,0.0,Standard,Fall,11,1,Tuesday,4,0,102.57,110.77,93,6007.8,3961.8
2025-11-05,APP_001,Premium Merino Wool Sweater,Apparel & Fashion,81.0,79.99,28.0,79.66,0.0,440,4.08,1097,136.5,0.0,Budget,Fall,11,2,Wednesday,5,0,100.57,92.53,119,9639.0,6307.0
2025-11-05,APP_002,Breathable Performance Running Shoes,Apparel & Fashion,125.67,119.99,42.0,112.26,0.0,591,4.78,1151,207.59,0.0,Standard,Fall,11,2,Wednesday,5,0,118.0,111.43,123,15457.41,10291.41
2025-11-05,APP_003,Classic Waterproof Trench Coat,Apparel & Fashion,147.63,149.99,55.0,147.51,0.0,253,4.6,1168,146.24,0.0,Standard,Fall,11,2,Wednesday,5,0,46.14,44.6,54,7972.02,5002.02
2025-11-05,ELEC_001,Pro Wireless Noise-Cancelling Headphones,Electronics,193.71,199.99,85.0,185.48,0.0,299,4.3,1115,135.35,0.0,Budget,Fall,11,2,Wednesday,5,0,80.57,70.43,105,20339.55,11414.55
2025-11-05,ELEC_002,Ultra HD 4K Smart TV 55-inch,Electronics,563.44,549.99,280.0,526.55,0.0,455,4.87,1119,106.92,0.0,Standard,Fall,11,2,Wednesday,5,0,35.57,33.93,40,22537.6,11337.6
2025-11-05,ELEC_003,Smart Fitness Watch Gen-4,Electronics,132.94,129.99,50.0,135.77,0.0,488,4.46,1091,94.5,0.0,Premium,Fall,11,2,Wednesday,5,0,105.14,94.23,112,14889.28,9289.28
2025-11-05,ELEC_004,Ergonomic Mechanical Keyboard,Electronics,90.73,89.99,35.0,92.09,0.0,699,4.09,1082,150.35,0.0,Budget,Fall,11,2,Wednesday,5,0,73.43,60.83,73,6623.29,4068.29
2025-11-05,HOME_001,Espresso Machine & Milk Frother,Home & Living,161.51,159.99,65.0,158.29,0.0,160,4.29,1097,93.05,0.0,Standard,Fall,11,2,Wednesday,5,0,37.14,45.23,39,6298.89,3763.89
2025-11-05,HOME_002,Cordless Handheld Vacuum Cleaner,Home & Living,97.75,99.99,40.0,105.28,0.0,182,4.02,1093,165.49,0.0,Budget,Fall,11,2,Wednesday,5,0,75.14,76.4,65,6353.75,3753.75
2025-11-05,HOSP_001,Deluxe City Center King Room (Per Night),Hospitality & Stays,170.74,175.0,45.0,181.74,5.0,184,4.65,1079,114.89,0.0,Budget,Fall,11,2,Wednesday,5,0,128.71,133.13,153,26123.22,19238.22
2025-11-05,HOSP_002,Executive Skyline Suite (Per Night),Hospitality & Stays,363.12,350.0,90.0,349.6,0.0,411,4.03,1186,160.37,0.0,Standard,Fall,11,2,Wednesday,5,0,21.43,21.67,19,6899.28,5189.28
2025-11-05,RIDE_001,Standard Urban Commute Ride (10 km),Rideshare & Mobility,25.13,24.5,8.0,24.19,0.0,512,4.41,1022,69.52,0.0,Premium,Fall,11,2,Wednesday,5,0,307.86,366.4,278,6986.14,4762.14
2025-11-05,RIDE_002,Premium Black Airport Transfer,Rideshare & Mobility,63.53,65.0,22.0,62.29,0.0,92,4.27,1130,160.07,0.0,Standard,Fall,11,2,Wednesday,5,0,107.14,108.37,92,5844.76,3820.76
2025-11-06,APP_001,Premium Merino Wool Sweater,Apparel & Fashion,79.92,79.99,28.0,82.59,0.0,320,4.65,1032,192.21,0.0,Budget,Fall,11,3,Thursday,6,0,106.29,93.47,120,9590.4,6230.4
2025-11-06,APP_002,Breathable Performance Running Shoes,Apparel & Fashion,123.38,119.99,42.0,123.35,0.0,487,4.33,1125,136.21,0.0,Premium,Fall,11,3,Thursday,6,0,121.57,110.97,104,12831.52,8463.52
2025-11-06,APP_003,Classic Waterproof Trench Coat,Apparel & Fashion,157.18,149.99,55.0,142.19,0.0,216,4.41,1072,126.4,0.0,Standard,Fall,11,3,Thursday,6,0,45.86,44.8,37,5815.66,3780.66
2025-11-06,ELEC_001,Pro Wireless Noise-Cancelling Headphones,Electronics,206.71,199.99,85.0,173.95,0.0,219,4.3,1127,191.48,0.0,Standard,Fall,11,3,Thursday,6,0,84.0,71.67,80,16536.8,9736.8
2025-11-06,ELEC_002,Ultra HD 4K Smart TV 55-inch,Electronics,473.62,549.99,280.0,524.7,15.0,376,4.15,1190,156.79,0.0,Budget,Fall,11,3,Thursday,6,0,43.43,35.33,79,37415.98,15295.98
2025-11-06,ELEC_003,Smart Fitness Watch Gen-4,Electronics,133.79,129.99,50.0,122.64,0.0,384,4.28,1162,119.53,0.0,Standard,Fall,11,3,Thursday,6,0,108.71,95.27,104,13914.16,8714.16
2025-11-06,ELEC_004,Ergonomic Mechanical Keyboard,Electronics,64.69,89.99,35.0,94.74,25.0,507,4.19,1137,165.76,0.0,Budget,Fall,11,3,Thursday,6,0,92.57,65.07,192,12420.48,5700.48
2025-11-06,HOME_001,Espresso Machine & Milk Frother,Home & Living,159.09,159.99,65.0,168.81,0.0,113,4.53,1103,122.77,0.0,Standard,Fall,11,3,Thursday,6,0,39.57,44.27,47,7477.23,4422.23
2025-11-06,HOME_002,Cordless Handheld Vacuum Cleaner,Home & Living,90.95,99.99,40.0,106.4,10.0,99,4.43,1177,187.91,0.0,Standard,Fall,11,3,Thursday,6,0,80.0,76.6,83,7548.85,4228.85
2025-11-06,HOSP_001,Deluxe City Center King Room (Per Night),Hospitality & Stays,181.17,175.0,45.0,187.87,0.0,87,4.2,1154,151.84,0.0,Premium,Fall,11,3,Thursday,6,0,124.86,131.33,97,17573.49,13208.49
2025-11-06,HOSP_002,Executive Skyline Suite (Per Night),Hospitality & Stays,362.96,350.0,90.0,345.5,0.0,390,4.39,1132,116.2,0.0,Budget,Fall,11,3,Thursday,6,0,21.71,21.67,21,7622.16,5732.16
2025-11-06,RIDE_001,Standard Urban Commute Ride (10 km),Rideshare & Mobility,24.59,24.5,8.0,24.18,0.0,135,4.35,1137,162.87,0.0,Standard,Fall,11,3,Thursday,6,0,323.29,366.5,377,9270.43,6254.43
2025-11-06,RIDE_002,Premium Black Airport Transfer,Rideshare & Mobility,66.9,65.0,22.0,62.66,0.0,501,4.44,1075,187.33,0.0,Standard,Fall,11,3,Thursday,6,0,108.86,105.63,84,5619.6,3771.6
2025-11-07,APP_001,Premium Merino Wool Sweater,Apparel & Fashion,79.84,79.99,28.0,82.61,0.0,187,4.6,1176,213.16,0.0,Budget,Fall,11,4,Friday,7,0,114.29,95.23,133,10618.72,6894.72
2025-11-07,APP_002,Breathable Performance Running Shoes,Apparel & Fashion,114.85,119.99,42.0,127.11,0.0,317,4.04,1112,136.18,0.0,Budget,Fall,11,4,Friday,7,0,131.71,113.37,170,19524.5,12384.5
2025-11-07,APP_003,Classic Waterproof Trench Coat,Apparel & Fashion,153.78,149.99,55.0,143.09,0.0,170,4.39,1122,119.91,0.0,Standard,Fall,11,4,Friday,7,0,48.43,44.8,46,7073.88,4543.88
2025-11-07,ELEC_001,Pro Wireless Noise-Cancelling Headphones,Electronics,190.74,199.99,85.0,182.21,0.0,137,4.12,1135,177.61,0.0,Budget,Fall,11,4,Friday,7,0,88.86,71.23,82,15640.68,8670.68
2025-11-07,ELEC_002,Ultra HD 4K Smart TV 55-inch,Electronics,571.36,549.99,280.0,583.85,0.0,331,4.44,1036,113.37,0.0,Budget,Fall,11,4,Friday,7,0,45.71,35.73,45,25711.2,13111.2
2025-11-07,ELEC_003,Smart Fitness Watch Gen-4,Electronics,126.65,129.99,50.0,125.25,0.0,286,4.89,1155,163.31,0.0,Premium,Fall,11,4,Friday,7,0,110.43,95.8,98,12411.7,7511.7
2025-11-07,ELEC_004,Ergonomic Mechanical Keyboard,Electronics,83.11,89.99,35.0,83.37,10.0,432,4.63,1116,131.49,0.0,Premium,Fall,11,4,Friday,7,0,94.57,65.67,75,6233.25,3608.25
2025-11-07,HOME_001,Espresso Machine & Milk Frother,Home & Living,152.15,159.99,65.0,136.57,0.0,463,4.59,1134,102.24,0.0,Budget,Fall,11,4,Friday,7,0,40.71,44.63,52,7911.8,4531.8
2025-11-07,HOME_002,Cordless Handheld Vacuum Cleaner,Home & Living,95.22,99.99,40.0,109.1,0.0,438,4.41,1079,195.37,0.0,Standard,Fall,11,4,Friday,7,0,78.86,76.63,67,6379.74,3699.74
2025-11-07,HOSP_001,Deluxe City Center King Room (Per Night),Hospitality & Stays,180.45,175.0,45.0,171.57,0.0,495,4.59,1106,166.43,0.0,Budget,Fall,11,4,Friday,7,0,124.29,130.03,87,15699.15,11784.15
2025-11-07,HOSP_002,Executive Skyline Suite (Per Night),Hospitality & Stays,355.55,350.0,90.0,371.24,0.0,370,4.74,1114,186.08,0.0,Premium,Fall,11,4,Friday,7,0,21.0,21.63,20,7111.0,5311.0
2025-11-07,RIDE_001,Standard Urban Commute Ride (10 km),Rideshare & Mobility,24.48,24.5,8.0,24.66,0.0,571,4.2,1086,108.37,0.0,Budget,Fall,11,4,Friday,7,0,312.29,368.27,135,3304.8,2224.8
2025-11-07,RIDE_002,Premium Black Airport Transfer,Rideshare & Mobility,68.05,65.0,22.0,62.91,0.0,420,4.72,1171,207.71,0.0,Enterprise,Fall,11,4,Friday,7,0,103.57,104.5,81,5512.05,3730.05
2025-11-08,APP_001,Premium Merino Wool Sweater,Apparel & Fashion,78.62,79.99,28.0,78.26,0.0,810,4.44,1244,144.12,0.0,Budget,Fall,11,5,Saturday,8,1,116.14,96.23,128,10063.36,6479.36
2025-11-08,APP_002,Breathable Performance Running Shoes,Apparel & Fashion,122.02,119.99,42.0,114.18,0.0,153,4.82,1093,149.88,0.0,Budget,Fall,11,5,Saturday,8,1,139.43,115.8,164,20011.28,13123.28
2025-11-08,APP_003,Classic Waterproof Trench Coat,Apparel & Fashion,147.59,149.99,55.0,152.98,0.0,111,4.06,1018,250.79,0.0,Budget,Fall,11,5,Saturday,8,1,48.14,45.8,59,8707.81,5462.81
2025-11-08,ELEC_001,Pro Wireless Noise-Cancelling Headphones,Electronics,190.02,199.99,85.0,189.12,0.0,787,4.66,1067,198.69,0.0,Premium,Fall,11,5,Saturday,8,1,89.14,71.53,92,17481.84,9661.84
2025-11-08,ELEC_002,Ultra HD 4K Smart TV 55-inch,Electronics,527.13,549.99,280.0,557.5,0.0,275,4.62,1054,112.83,0.0,Budget,Fall,11,5,Saturday,8,1,47.57,36.53,56,29519.28,13839.28
2025-11-08,ELEC_003,Smart Fitness Watch Gen-4,Electronics,136.31,129.99,50.0,133.74,0.0,157,4.16,1060,121.44,0.0,Budget,Fall,11,5,Saturday,8,1,110.0,94.6,129,17583.99,11133.99
2025-11-08,ELEC_004,Ergonomic Mechanical Keyboard,Electronics,88.29,89.99,35.0,92.36,0.0,344,4.77,1038,107.67,0.0,Standard,Fall,11,5,Saturday,8,1,94.57,67.07,88,7769.52,4689.52
2025-11-08,HOME_001,Espresso Machine & Milk Frother,Home & Living,166.46,159.99,65.0,161.24,0.0,420,4.53,1139,132.49,0.0,Standard,Fall,11,5,Saturday,8,1,40.86,44.0,43,7157.78,4362.78
2025-11-08,HOME_002,Cordless Handheld Vacuum Cleaner,Home & Living,93.76,99.99,40.0,97.41,5.0,348,4.22,1157,186.56,0.0,Budget,Fall,11,5,Saturday,8,1,79.86,77.9,90,8438.4,4838.4
2025-11-08,HOSP_001,Deluxe City Center King Room (Per Night),Hospitality & Stays,204.98,175.0,45.0,165.07,0.0,398,4.43,1106,230.23,0.0,Premium,Fall,11,5,Saturday,8,1,122.57,125.13,97,19883.06,15518.06
2025-11-08,HOSP_002,Executive Skyline Suite (Per Night),Hospitality & Stays,356.04,350.0,90.0,295.45,15.0,349,4.29,1141,105.2,0.0,Premium,Fall,11,5,Saturday,8,1,20.71,21.83,21,7476.84,5586.84
2025-11-08,RIDE_001,Standard Urban Commute Ride (10 km),Rideshare & Mobility,18.73,24.5,8.0,26.1,20.0,429,4.53,1225,121.13,0.0,Budget,Fall,11,5,Saturday,8,1,323.57,372.3,571,10694.83,6126.83
2025-11-08,RIDE_002,Premium Black Airport Transfer,Rideshare & Mobility,59.42,65.0,22.0,62.16,10.0,253,4.67,1132,231.23,0.0,Budget,Fall,11,5,Saturday,8,1,107.29,106.5,167,9923.14,6249.14
2025-11-09,APP_001,Premium Merino Wool Sweater,Apparel & Fashion,80.95,79.99,28.0,72.59,0.0,691,4.69,1094,181.44,0.0,Budget,Fall,11,6,Sunday,9,1,115.86,97.17,119,9633.05,6301.05
2025-11-09,APP_002,Breathable Performance Running Shoes,Apparel & Fashion,114.48,119.99,42.0,116.47,0.0,778,4.05,1091,214.6,0.0,Standard,Fall,11,6,Sunday,9,1,137.0,117.87,153,17515.44,11089.44
2025-11-09,APP_003,Classic Waterproof Trench Coat,Apparel & Fashion,150.61,149.99,55.0,149.65,0.0,773,4.26,1120,176.19,0.0,Budget,Fall,11,6,Sunday,9,1,46.86,46.4,52,7831.72,4971.72
2025-11-09,ELEC_001,Pro Wireless Noise-Cancelling Headphones,Electronics,195.05,199.99,85.0,208.53,0.0,723,4.24,1135,135.66,0.0,Enterprise,Fall,11,6,Sunday,9,1,84.57,70.7,64,12483.2,7043.2
2025-11-09,ELEC_002,Ultra HD 4K Smart TV 55-inch,Electronics,539.84,549.99,280.0,506.12,0.0,245,4.61,1022,135.8,0.0,Enterprise,Fall,11,6,Sunday,9,1,46.71,36.53,30,16195.2,7795.2
2025-11-09,ELEC_003,Smart Fitness Watch Gen-4,Electronics,130.48,129.99,50.0,138.84,0.0,834,4.9,1105,215.49,0.0,Standard,Fall,11,6,Sunday,9,1,110.57,95.57,115,15005.2,9255.2
2025-11-09,ELEC_004,Ergonomic Mechanical Keyboard,Electronics,87.94,89.99,35.0,88.55,0.0,260,4.35,1054,155.84,0.0,Standard,Fall,11,6,Sunday,9,1,96.57,68.57,84,7386.96,4446.96
2025-11-09,HOME_001,Espresso Machine & Milk Frother,Home & Living,127.13,159.99,65.0,161.02,20.0,344,4.83,1112,270.37,0.0,Standard,Fall,11,6,Sunday,9,1,46.14,45.13,76,9661.88,4721.88
2025-11-09,HOME_002,Cordless Handheld Vacuum Cleaner,Home & Living,78.7,99.99,40.0,99.47,20.0,214,4.77,1174,184.46,0.0,Budget,Fall,11,6,Sunday,9,1,88.86,80.43,134,10545.8,5185.8
2025-11-09,HOSP_001,Deluxe City Center King Room (Per Night),Hospitality & Stays,207.89,175.0,45.0,184.87,0.0,289,4.19,1155,158.48,0.0,Standard,Fall,11,6,Sunday,9,1,124.0,124.0,109,22660.01,17755.01
2025-11-09,HOSP_002,Executive Skyline Suite (Per Night),Hospitality & Stays,402.7,350.0,90.0,351.7,0.0,328,4.79,1055,222.23,0.0,Standard,Fall,11,6,Sunday,9,1,20.57,21.8,21,8456.7,6566.7
2025-11-09,RIDE_001,Standard Urban Commute Ride (10 km),Rideshare & Mobility,23.6,24.5,8.0,23.21,0.0,660,4.42,1166,124.03,0.0,Premium,Fall,11,6,Sunday,9,1,338.57,372.3,402,9487.2,6271.2
2025-11-09,RIDE_002,Premium Black Airport Transfer,Rideshare & Mobility,67.88,65.0,22.0,65.23,0.0,152,4.84,1150,130.34,0.0,Standard,Fall,11,6,Sunday,9,1,104.86,106.2,101,6855.88,4633.88
2025-11-10,APP_001,Premium Merino Wool Sweater,Apparel & Fashion,58.91,79.99,28.0,89.8,25.0,478,4.41,1177,124.0,0.0,Premium,Fall,11,0,Monday,10,0,130.71,101.7,213,12547.83,6583.83
2025-11-10,APP_002,Breathable Performance Running Shoes,Apparel & Fashion,125.81,119.99,42.0,122.42,0.0,636,4.81,1152,241.41,0.0,Premium,Fall,11,0,Monday,10,0,142.57,119.43,142,17865.02,11901.02
2025-11-10,APP_003,Classic Waterproof Trench Coat,Apparel & Fashion,148.96,149.99,55.0,150.99,0.0,711,4.02,1150,201.76,0.0,Budget,Fall,11,0,Monday,10,0,48.57,46.53,62,9235.52,5825.52
2025-11-10,ELEC_001,Pro Wireless Noise-Cancelling Headphones,Electronics,200.84,199.99,85.0,186.22,0.0,663,4.13,1102,98.4,0.0,Premium,Fall,11,0,Monday,10,0,80.29,70.77,60,12050.4,6950.4
2025-11-10,ELEC_002,Ultra HD 4K Smart TV 55-inch,Electronics,527.68,549.99,280.0,509.91,0.0,210,4.11,1090,208.62,0.0,Premium,Fall,11,0,Monday,10,0,46.71,36.63,35,18468.8,8668.8
2025-11-10,ELEC_003,Smart Fitness Watch Gen-4,Electronics,133.48,129.99,50.0,132.41,0.0,725,4.08,1134,150.44,0.0,Budget,Fall,11,0,Monday,10,0,108.57,96.3,109,14549.32,9099.32
2025-11-10,ELEC_004,Ergonomic Mechanical Keyboard,Electronics,91.18,89.99,35.0,82.5,0.0,192,4.11,1073,152.39,0.0,Budget,Fall,11,0,Monday,10,0,95.71,68.03,68,6200.24,3820.24
2025-11-10,HOME_001,Espresso Machine & Milk Frother,Home & Living,148.79,159.99,65.0,151.34,5.0,289,4.35,1089,155.03,0.0,Budget,Fall,11,0,Monday,10,0,49.57,45.37,55,8183.45,4608.45
2025-11-10,HOME_002,Cordless Handheld Vacuum Cleaner,Home & Living,96.35,99.99,40.0,103.79,0.0,141,4.41,1142,154.46,0.0,Standard,Fall,11,0,Monday,10,0,81.14,80.53,73,7033.55,4113.55
2025-11-10,HOSP_001,Deluxe City Center King Room (Per Night),Hospitality & Stays,168.36,175.0,45.0,155.23,0.0,189,4.41,1096,226.25,0.0,Standard,Fall,11,0,Monday,10,0,121.57,123.97,100,16836.0,12336.0
2025-11-10,HOSP_002,Executive Skyline Suite (Per Night),Hospitality & Stays,363.95,350.0,90.0,354.99,0.0,304,4.79,1081,214.57,0.0,Budget,Fall,11,0,Monday,10,0,21.14,21.97,24,8734.8,6574.8
2025-11-10,RIDE_001,Standard Urban Commute Ride (10 km),Rideshare & Mobility,23.83,24.5,8.0,24.42,0.0,219,4.07,1062,124.36,0.0,Standard,Fall,11,0,Monday,10,0,332.57,373.93,441,10509.03,6981.03
2025-11-10,RIDE_002,Premium Black Airport Transfer,Rideshare & Mobility,67.25,65.0,22.0,61.85,0.0,81,4.57,1159,176.34,0.0,Enterprise,Fall,11,0,Monday,10,0,98.43,103.97,71,4774.75,3212.75
2025-11-11,APP_001,Premium Merino Wool Sweater,Apparel & Fashion,83.95,79.99,28.0,82.34,0.0,360,4.18,1097,140.98,0.0,Budget,Fall,11,1,Tuesday,11,0,135.71,101.13,118,9906.1,6602.1
2025-11-11,APP_002,Breathable Performance Running Shoes,Apparel & Fashion,116.81,119.99,42.0,123.5,0.0,438,4.79,1236,244.72,0.0,Budget,Fall,11,1,Tuesday,11,0,150.57,122.4,198,23128.38,14812.38
2025-11-11,APP_003,Classic Waterproof Trench Coat,Apparel & Fashion,149.41,149.99,55.0,156.35,0.0,665,4.41,1124,168.88,0.0,Premium,Fall,11,1,Tuesday,11,0,50.86,46.9,46,6872.86,4342.86
2025-11-11,ELEC_001,Pro Wireless Noise-Cancelling Headphones,Electronics,199.63,199.99,85.0,182.51,0.0,566,4.33,1134,155.78,0.0,Budget,Fall,11,1,Tuesday,11,0,82.86,71.9,97,19364.11,11119.11
2025-11-11,ELEC_002,Ultra HD 4K Smart TV 55-inch,Electronics,557.44,549.99,280.0,529.95,0.0,171,4.73,1143,157.95,0.0,Standard,Fall,11,1,Tuesday,11,0,46.29,37.17,39,21740.16,10820.16
2025-11-11,ELEC_003,Smart Fitness Watch Gen-4,Electronics,97.38,129.99,50.0,130.76,25.0,477,4.64,1044,116.42,0.0,Budget,Fall,11,1,Tuesday,11,0,130.71,102.0,248,24150.24,11750.24
2025-11-11,ELEC_004,Ergonomic Mechanical Keyboard,Electronics,93.56,89.99,35.0,89.88,0.0,112,4.75,1137,98.03,0.0,Budget,Fall,11,1,Tuesday,11,0,94.29,69.4,80,7484.8,4684.8
2025-11-11,HOME_001,Espresso Machine & Milk Frother,Home & Living,160.15,159.99,65.0,154.86,0.0,246,4.21,1167,140.45,0.0,Budget,Fall,11,1,Tuesday,11,0,50.71,45.0,43,6886.45,4091.45
2025-11-11,HOME_002,Cordless Handheld Vacuum Cleaner,Home & Living,95.77,99.99,40.0,98.74,0.0,89,4.28,1132,170.25,0.0,Enterprise,Fall,11,1,Tuesday,11,0,80.57,80.07,52,4980.04,2900.04
2025-11-11,HOSP_001,Deluxe City Center King Room (Per Night),Hospitality & Stays,175.99,175.0,45.0,176.06,0.0,80,4.56,1146,76.48,0.0,Premium,Fall,11,1,Tuesday,11,0,107.43,122.9,109,19182.91,14277.91
2025-11-11,HOSP_002,Executive Skyline Suite (Per Night),Hospitality & Stays,311.64,350.0,90.0,343.48,10.0,275,4.08,1054,70.72,0.0,Budget,Fall,11,1,Tuesday,11,0,22.14,22.03,29,9037.56,6427.56
2025-11-11,RIDE_001,Standard Urban Commute Ride (10 km),Rideshare & Mobility,25.55,24.5,8.0,23.54,0.0,553,4.42,1186,188.3,0.0,Premium,Fall,11,1,Tuesday,11,0,346.14,362.13,219,5595.45,3843.45
2025-11-11,RIDE_002,Premium Black Airport Transfer,Rideshare & Mobility,66.89,65.0,22.0,65.07,0.0,781,4.66,1105,235.27,0.0,Standard,Fall,11,1,Tuesday,11,0,96.71,102.67,81,5418.09,3636.09
2025-11-12,APP_001,Premium Merino Wool Sweater,Apparel & Fashion,81.95,79.99,28.0,77.55,0.0,293,4.44,1167,131.65,0.0,Enterprise,Fall,11,2,Wednesday,12,0,128.29,100.87,67,5490.65,3614.65
2025-11-12,APP_002,Breathable Performance Running Shoes,Apparel & Fashion,123.33,119.99,42.0,115.91,0.0,315,4.25,1041,163.04,0.0,Standard,Fall,11,2,Wednesday,12,0,150.57,123.2,123,15169.59,10003.59
2025-11-12,APP_003,Classic Waterproof Trench Coat,Apparel & Fashion,152.69,149.99,55.0,145.28,0.0,616,4.63,1120,147.94,0.0,Standard,Fall,11,2,Wednesday,12,0,50.14,46.83,49,7481.81,4786.81
2025-11-12,ELEC_001,Pro Wireless Noise-Cancelling Headphones,Electronics,193.43,199.99,85.0,214.56,0.0,452,4.88,1145,101.77,0.0,Budget,Fall,11,2,Wednesday,12,0,84.14,73.57,114,22051.02,12361.02
2025-11-12,ELEC_002,Ultra HD 4K Smart TV 55-inch,Electronics,532.13,549.99,280.0,520.56,0.0,131,4.01,1175,166.61,0.0,Standard,Fall,11,2,Wednesday,12,0,46.29,37.83,40,21285.2,10085.2
2025-11-12,ELEC_003,Smart Fitness Watch Gen-4,Electronics,127.45,129.99,50.0,117.65,0.0,349,4.23,1113,140.85,0.0,Budget,Fall,11,2,Wednesday,12,0,133.0,103.3,128,16313.6,9913.6
2025-11-12,ELEC_004,Ergonomic Mechanical Keyboard,Electronics,87.17,89.99,35.0,85.54,0.0,458,4.49,1088,148.52,0.0,Standard,Fall,11,2,Wednesday,12,0,96.0,70.37,85,7409.45,4434.45
2025-11-12,HOME_001,Espresso Machine & Milk Frother,Home & Living,162.66,159.99,65.0,168.21,0.0,216,4.14,1116,153.31,0.0,Premium,Fall,11,2,Wednesday,12,0,49.43,44.47,30,4879.8,2929.8
2025-11-12,HOME_002,Cordless Handheld Vacuum Cleaner,Home & Living,97.15,99.99,40.0,98.16,0.0,568,4.14,1071,72.72,0.0,Enterprise,Fall,11,2,Wednesday,12,0,77.0,79.33,40,3886.0,2286.0
2025-11-12,HOSP_001,Deluxe City Center King Room (Per Night),Hospitality & Stays,168.83,175.0,45.0,183.9,0.0,794,4.36,1135,99.94,0.0,Budget,Fall,11,2,Wednesday,12,0,97.0,120.07,80,13506.4,9906.4
2025-11-12,HOSP_002,Executive Skyline Suite (Per Night),Hospitality & Stays,339.09,350.0,90.0,319.88,5.0,252,4.11,1189,173.74,0.0,Budget,Fall,11,2,Wednesday,12,0,22.71,21.93,23,7799.07,5729.07
2025-11-12,RIDE_001,Standard Urban Commute Ride (10 km),Rideshare & Mobility,25.62,24.5,8.0,24.24,0.0,205,4.11,1095,145.63,0.0,Budget,Fall,11,2,Wednesday,12,0,356.14,358.23,348,8915.76,6131.76
2025-11-12,RIDE_002,Premium Black Airport Transfer,Rideshare & Mobility,67.54,65.0,22.0,63.35,0.0,699,4.65,1074,142.21,0.0,Standard,Fall,11,2,Wednesday,12,0,95.29,100.43,82,5538.28,3734.28
2025-11-13,APP_001,Premium Merino Wool Sweater,Apparel & Fashion,81.98,79.99,28.0,81.86,0.0,211,4.6,1095,70.79,0.0,Premium,Fall,11,3,Thursday,13,0,122.86,100.97,82,6722.36,4426.36
2025-11-13,APP_002,Breathable Performance Running Shoes,Apparel & Fashion,116.22,119.99,42.0,118.68,0.0,151,4.74,1175,133.34,0.0,Budget,Fall,11,3,Thursday,13,0,159.14,126.4,164,19060.08,12172.08
2025-11-13,APP_003,Classic Waterproof Trench Coat,Apparel & Fashion,150.66,149.99,55.0,141.14,0.0,567,4.86,1138,154.49,0.0,Standard,Fall,11,3,Thursday,13,0,51.86,47.37,49,7382.34,4687.34
2025-11-13,ELEC_001,Pro Wireless Noise-Cancelling Headphones,Electronics,184.2,199.99,85.0,195.81,5.0,336,4.31,1179,167.58,0.0,Standard,Fall,11,3,Thursday,13,0,89.29,75.7,116,21367.2,11507.2
2025-11-13,ELEC_002,Ultra HD 4K Smart TV 55-inch,Electronics,539.61,549.99,280.0,566.17,0.0,81,4.19,1128,236.92,0.0,Budget,Fall,11,3,Thursday,13,0,42.14,38.23,50,26980.5,12980.5
2025-11-13,ELEC_003,Smart Fitness Watch Gen-4,Electronics,121.41,129.99,50.0,128.76,10.0,198,4.69,1135,150.06,0.0,Budget,Fall,11,3,Thursday,13,0,139.71,105.07,151,18332.91,10782.91
2025-11-13,ELEC_004,Ergonomic Mechanical Keyboard,Electronics,88.34,89.99,35.0,91.62,0.0,376,4.49,1073,121.34,0.0,Premium,Fall,11,3,Thursday,13,0,80.29,71.57,82,7243.88,4373.88
2025-11-13,HOME_001,Espresso Machine & Milk Frother,Home & Living,139.15,159.99,65.0,160.06,15.0,173,4.5,1102,133.3,0.0,Enterprise,Fall,11,3,Thursday,13,0,48.86,44.27,43,5983.45,3188.45
2025-11-13,HOME_002,Cordless Handheld Vacuum Cleaner,Home & Living,102.8,99.99,40.0,95.92,0.0,521,4.23,1144,118.15,0.0,Premium,Fall,11,3,Thursday,13,0,71.86,79.1,47,4831.6,2951.6
2025-11-13,HOSP_001,Deluxe City Center King Room (Per Night),Hospitality & Stays,152.24,175.0,45.0,180.74,10.0,624,4.87,1180,129.7,0.0,Budget,Fall,11,3,Thursday,13,0,107.43,120.8,170,25880.8,18230.8
2025-11-13,HOSP_002,Executive Skyline Suite (Per Night),Hospitality & Stays,343.38,350.0,90.0,340.39,0.0,229,4.52,1096,146.77,0.0,Budget,Fall,11,3,Thursday,13,0,23.0,21.87,23,7897.74,5827.74
2025-11-13,RIDE_001,Standard Urban Commute Ride (10 km),Rideshare & Mobility,25.23,24.5,8.0,23.89,0.0,797,4.14,1146,105.23,0.0,Standard,Fall,11,3,Thursday,13,0,331.57,359.83,205,5172.15,3532.15
2025-11-13,RIDE_002,Premium Black Airport Transfer,Rideshare & Mobility,66.73,65.0,22.0,67.0,0.0,602,4.34,1218,176.2,0.0,Standard,Fall,11,3,Thursday,13,0,97.14,100.53,97,6472.81,4338.81
2025-11-14,APP_001,Premium Merino Wool Sweater,Apparel & Fashion,80.61,79.99,28.0,84.26,0.0,97,4.33,1101,176.37,0.0,Budget,Fall,11,4,Friday,14,0,120.14,100.6,114,9189.54,5997.54
2025-11-14,APP_002,Breathable Performance Running Shoes,Apparel & Fashion,117.68,119.99,42.0,121.08,0.0,606,4.7,1142,161.88,0.0,Premium,Fall,11,4,Friday,14,0,156.0,124.53,148,17416.64,11200.64
2025-11-14,APP_003,Classic Waterproof Trench Coat,Apparel & Fashion,116.15,149.99,55.0,144.61,25.0,465,4.53,1104,134.04,0.0,Standard,Fall,11,4,Friday,14,0,59.86,49.43,102,11847.3,6237.3
2025-11-14,ELEC_001,Pro Wireless Noise-Cancelling Headphones,Electronics,197.6,199.99,85.0,206.33,0.0,236,4.15,1138,177.82,0.0,Standard,Fall,11,4,Friday,14,0,91.86,76.07,100,19760.0,11260.0
2025-11-14,ELEC_002,Ultra HD 4K Smart TV 55-inch,Electronics,525.8,549.99,280.0,564.32,0.0,701,4.82,1193,101.42,0.0,Standard,Fall,11,4,Friday,14,0,42.71,38.87,49,25764.2,12044.2
2025-11-14,ELEC_003,Smart Fitness Watch Gen-4,Electronics,129.67,129.99,50.0,138.55,0.0,841,4.9,1178,74.4,0.0,Standard,Fall,11,4,Friday,14,0,146.0,107.83,142,18413.14,11313.14
2025-11-14,ELEC_004,Ergonomic Mechanical Keyboard,Electronics,94.1,89.99,35.0,83.97,0.0,303,4.79,1164,85.78,0.0,Budget,Fall,11,4,Friday,14,0,80.0,72.83,73,6869.3,4314.3
2025-11-14,HOME_001,Espresso Machine & Milk Frother,Home & Living,160.98,159.99,65.0,165.19,0.0,132,4.58,1117,102.82,0.0,Standard,Fall,11,4,Friday,14,0,47.29,43.4,41,6600.18,3935.18
2025-11-14,HOME_002,Cordless Handheld Vacuum Cleaner,Home & Living,100.97,99.99,40.0,104.98,0.0,476,4.67,1043,159.08,0.0,Premium,Fall,11,4,Friday,14,0,68.71,78.37,45,4543.65,2743.65
2025-11-14,HOSP_001,Deluxe City Center King Room (Per Night),Hospitality & Stays,172.81,175.0,45.0,177.45,0.0,509,4.08,1083,236.18,0.0,Standard,Fall,11,4,Friday,14,0,111.43,121.37,115,19873.15,14698.15
2025-11-14,HOSP_002,Executive Skyline Suite (Per Night),Hospitality & Stays,347.4,350.0,90.0,352.76,0.0,205,4.33,1135,146.33,0.0,Budget,Fall,11,4,Friday,14,0,23.57,22.07,24,8337.6,6177.6
2025-11-14,RIDE_001,Standard Urban Commute Ride (10 km),Rideshare & Mobility,25.61,24.5,8.0,23.96,0.0,375,4.66,1127,113.22,0.0,Budget,Fall,11,4,Friday,14,0,372.57,362.2,422,10807.42,7431.42
2025-11-14,RIDE_002,Premium Black Airport Transfer,Rideshare & Mobility,64.81,65.0,22.0,59.78,0.0,476,4.48,1162,162.49,0.0,Budget,Fall,11,4,Friday,14,0,103.57,102.3,126,8166.06,5394.06
2025-11-15,APP_001,Premium Merino Wool Sweater,Apparel & Fashion,78.9,79.99,28.0,81.88,0.0,469,4.63,1131,131.23,0.0,Budget,Fall,11,5,Saturday,15,1,115.71,101.73,97,7653.3,4937.3
2025-11-15,APP_002,Breathable Performance Running Shoes,Apparel & Fashion,123.34,119.99,42.0,125.46,0.0,466,4.55,1102,156.47,0.0,Budget,Fall,11,5,Saturday,15,1,152.57,125.37,140,17267.6,11387.6
2025-11-15,APP_003,Classic Waterproof Trench Coat,Apparel & Fashion,152.95,149.99,55.0,143.7,0.0,406,4.83,1193,122.54,0.0,Budget,Fall,11,5,Saturday,15,1,59.86,50.13,59,9024.05,5779.05
2025-11-15,ELEC_001,Pro Wireless Noise-Cancelling Headphones,Electronics,204.09,199.99,85.0,199.39,0.0,139,4.74,1158,170.03,0.0,Budget,Fall,11,5,Saturday,15,1,92.57,77.4,97,19796.73,11551.73
2025-11-15,ELEC_002,Ultra HD 4K Smart TV 55-inch,Electronics,571.43,549.99,280.0,570.09,0.0,660,4.54,1162,131.23,0.0,Budget,Fall,11,5,Saturday,15,1,40.57,39.23,41,23428.63,11948.63
2025-11-15,ELEC_003,Smart Fitness Watch Gen-4,Electronics,121.86,129.99,50.0,135.78,10.0,706,4.05,1125,166.69,0.0,Standard,Fall,11,5,Saturday,15,1,146.86,109.7,135,16451.1,9701.1
2025-11-15,ELEC_004,Ergonomic Mechanical Keyboard,Electronics,85.5,89.99,35.0,85.45,0.0,200,4.29,1140,115.61,0.0,Budget,Fall,11,5,Saturday,15,1,82.14,74.23,103,8806.5,5201.5
2025-11-15,HOME_001,Espresso Machine & Milk Frother,Home & Living,152.32,159.99,65.0,151.7,0.0,562,4.11,1129,160.5,0.0,Budget,Fall,11,5,Saturday,15,1,49.14,43.8,56,8529.92,4889.92
2025-11-15,HOME_002,Cordless Handheld Vacuum Cleaner,Home & Living,98.75,99.99,40.0,98.18,0.0,408,4.64,1143,195.2,0.0,Standard,Fall,11,5,Saturday,15,1,65.57,75.57,68,6715.0,3995.0
2025-11-15,HOSP_001,Deluxe City Center King Room (Per Night),Hospitality & Stays,189.41,175.0,45.0,177.77,0.0,407,4.02,1114,195.85,0.0,Premium,Fall,11,5,Saturday,15,1,112.14,120.73,102,19319.82,14729.82
2025-11-15,HOSP_002,Executive Skyline Suite (Per Night),Hospitality & Stays,379.5,350.0,90.0,336.11,0.0,179,4.67,1195,157.82,0.0,Budget,Fall,11,5,Saturday,15,1,24.29,22.23,26,9867.0,7527.0
2025-11-15,RIDE_001,Standard Urban Commute Ride (10 km),Rideshare & Mobility,25.19,24.5,8.0,24.83,0.0,516,4.37,1204,164.38,0.0,Standard,Fall,11,5,Saturday,15,1,344.57,367.57,375,9446.25,6446.25
2025-11-15,RIDE_002,Premium Black Airport Transfer,Rideshare & Mobility,51.62,65.0,22.0,60.86,20.0,296,4.65,1083,169.47,0.0,Standard,Fall,11,5,Saturday,15,1,105.43,105.27,180,9291.6,5331.6
2025-11-16,APP_001,Premium Merino Wool Sweater,Apparel & Fashion,83.63,79.99,28.0,85.16,0.0,345,4.53,1059,110.07,0.0,Budget,Fall,11,6,Sunday,16,1,116.43,102.33,124,10370.12,6898.12
2025-11-16,APP_002,Breathable Performance Running Shoes,Apparel & Fashion,118.57,119.99,42.0,117.31,0.0,335,4.74,1198,122.45,0.0,Standard,Fall,11,6,Sunday,16,1,149.43,126.07,131,15532.67,10030.67
2025-11-16,APP_003,Classic Waterproof Trench Coat,Apparel & Fashion,144.07,149.99,55.0,146.86,0.0,349,4.8,1204,181.97,0.0,Standard,Fall,11,6,Sunday,16,1,60.57,50.43,57,8211.99,5076.99
2025-11-16,ELEC_001,Pro Wireless Noise-Cancelling Headphones,Electronics,193.58,199.99,85.0,218.18,0.0,504,4.72,1139,63.87,0.0,Budget,Fall,11,6,Sunday,16,1,101.0,79.4,123,23810.34,13355.34
2025-11-16,ELEC_002,Ultra HD 4K Smart TV 55-inch,Electronics,563.33,549.99,280.0,610.08,0.0,620,4.25,1103,116.32,0.0,Standard,Fall,11,6,Sunday,16,1,42.0,39.67,40,22533.2,11333.2
2025-11-16,ELEC_003,Smart Fitness Watch Gen-4,Electronics,132.34,129.99,50.0,127.19,0.0,604,4.71,1205,218.56,0.0,Premium,Fall,11,6,Sunday,16,1,145.0,110.4,102,13498.68,8398.68
2025-11-16,ELEC_004,Ergonomic Mechanical Keyboard,Electronics,93.01,89.99,35.0,83.3,0.0,128,4.55,1142,176.47,0.0,Premium,Fall,11,6,Sunday,16,1,80.43,74.8,72,6696.72,4176.72
2025-11-16,HOME_001,Espresso Machine & Milk Frother,Home & Living,164.18,159.99,65.0,157.01,0.0,528,4.0,1127,177.57,0.0,Standard,Fall,11,6,Sunday,16,1,43.14,43.57,34,5582.12,3372.12
2025-11-16,HOME_002,Cordless Handheld Vacuum Cleaner,Home & Living,102.32,99.99,40.0,106.34,0.0,335,4.8,1136,146.13,0.0,Budget,Fall,11,6,Sunday,16,1,56.86,75.53,73,7469.36,4549.36
2025-11-16,HOSP_001,Deluxe City Center King Room (Per Night),Hospitality & Stays,202.98,175.0,45.0,162.98,0.0,290,4.16,1160,125.12,0.0,Budget,Fall,11,6,Sunday,16,1,113.29,121.67,117,23748.66,18483.66
2025-11-16,HOSP_002,Executive Skyline Suite (Per Night),Hospitality & Stays,445.82,350.0,90.0,353.31,0.0,164,4.18,1109,158.48,0.0,Standard,Fall,11,6,Sunday,16,1,23.43,22.13,15,6687.3,5337.3
2025-11-16,RIDE_001,Standard Urban Commute Ride (10 km),Rideshare & Mobility,25.26,24.5,8.0,23.94,0.0,84,4.88,1137,90.82,0.0,Budget,Fall,11,6,Sunday,16,1,348.86,359.27,432,10912.32,7456.32
2025-11-16,RIDE_002,Premium Black Airport Transfer,Rideshare & Mobility,64.38,65.0,22.0,62.97,0.0,188,4.03,1176,200.54,0.0,Budget,Fall,11,6,Sunday,16,1,106.43,105.27,108,6953.04,4577.04
2025-11-17,APP_001,Premium Merino Wool Sweater,Apparel & Fashion,76.04,79.99,28.0,79.12,5.0,224,4.53,1128,157.72,0.0,Standard,Fall,11,0,Monday,17,0,103.29,104.0,121,9200.84,5812.84
2025-11-17,APP_002,Breathable Performance Running Shoes,Apparel & Fashion,124.38,119.99,42.0,121.74,0.0,205,4.47,1277,159.24,0.0,Standard,Fall,11,0,Monday,17,0,147.71,126.43,130,16169.4,10709.4
2025-11-17,APP_003,Classic Waterproof Trench Coat,Apparel & Fashion,154.49,149.99,55.0,151.55,0.0,300,4.38,1090,204.62,0.0,Budget,Fall,11,0,Monday,17,0,58.71,51.13,49,7570.01,4875.01
2025-11-17,ELEC_001,Pro Wireless Noise-Cancelling Headphones,Electronics,207.42,199.99,85.0,195.2,0.0,417,4.61,1096,124.02,0.0,Standard,Fall,11,0,Monday,17,0,104.86,79.83,87,18045.54,10650.54
2025-11-17,ELEC_002,Ultra HD 4K Smart TV 55-inch,Electronics,537.77,549.99,280.0,572.76,0.0,588,4.45,1193,123.43,0.0,Premium,Fall,11,0,Monday,17,0,41.57,40.0,32,17208.64,8248.64
2025-11-17,ELEC_003,Smart Fitness Watch Gen-4,Electronics,100.9,129.99,50.0,116.37,25.0,442,4.47,1129,96.38,0.0,Premium,Fall,11,0,Monday,17,0,152.57,111.07,162,16345.8,8245.8
2025-11-17,ELEC_004,Ergonomic Mechanical Keyboard,Electronics,89.63,89.99,35.0,90.09,0.0,809,4.17,1178,150.06,0.0,Budget,Fall,11,0,Monday,17,0,85.57,76.67,104,9321.52,5681.52
2025-11-17,HOME_001,Espresso Machine & Milk Frother,Home & Living,161.54,159.99,65.0,160.14,0.0,488,4.57,1204,125.56,0.0,Budget,Fall,11,0,Monday,17,0,41.0,43.37,40,6461.6,3861.6
2025-11-17,HOME_002,Cordless Handheld Vacuum Cleaner,Home & Living,104.83,99.99,40.0,95.46,0.0,285,4.59,1141,117.01,0.0,Premium,Fall,11,0,Monday,17,0,53.57,75.0,50,5241.5,3241.5
2025-11-17,HOSP_001,Deluxe City Center King Room (Per Night),Hospitality & Stays,170.33,175.0,45.0,176.37,0.0,140,4.27,1122,152.07,0.0,Budget,Fall,11,0,Monday,17,0,120.43,123.8,150,25549.5,18799.5
2025-11-17,HOSP_002,Executive Skyline Suite (Per Night),Hospitality & Stays,267.03,350.0,90.0,355.49,25.0,139,4.71,1138,171.69,0.0,Enterprise,Fall,11,0,Monday,17,0,23.57,22.4,25,6675.75,4425.75
2025-11-17,RIDE_001,Standard Urban Commute Ride (10 km),Rideshare & Mobility,24.49,24.5,8.0,24.55,0.0,607,4.12,1132,72.19,0.0,Budget,Fall,11,0,Monday,17,0,297.86,348.17,84,2057.16,1385.16
2025-11-17,RIDE_002,Premium Black Airport Transfer,Rideshare & Mobility,64.61,65.0,22.0,64.52,0.0,91,4.41,1073,139.51,0.0,Premium,Fall,11,0,Monday,17,0,110.14,104.57,97,6267.17,4133.17
2025-11-18,APP_001,Premium Merino Wool Sweater,Apparel & Fashion,77.38,79.99,28.0,85.02,0.0,111,4.5,1148,151.09,0.0,Premium,Fall,11,1,Tuesday,18,0,102.57,105.33,113,8743.94,5579.94
2025-11-18,APP_002,Breathable Performance Running Shoes,Apparel & Fashion,123.86,119.99,42.0,107.97,0.0,591,4.53,1121,112.37,0.0,Budget,Fall,11,1,Tuesday,18,0,138.43,127.63,133,16473.38,10887.38
2025-11-18,APP_003,Classic Waterproof Trench Coat,Apparel & Fashion,144.82,149.99,55.0,163.2,0.0,241,4.57,1147,214.61,0.0,Premium,Fall,11,1,Tuesday,18,0,60.57,51.87,59,8544.38,5299.38
2025-11-18,ELEC_001,Pro Wireless Noise-Cancelling Headphones,Electronics,190.23,199.99,85.0,212.11,0.0,304,4.61,1155,152.79,0.0,Budget,Fall,11,1,Tuesday,18,0,107.14,81.0,113,21495.99,11890.99
2025-11-18,ELEC_002,Ultra HD 4K Smart TV 55-inch,Electronics,570.52,549.99,280.0,570.04,0.0,546,4.05,1159,136.97,0.0,Budget,Fall,11,1,Tuesday,18,0,42.0,39.5,42,23961.84,12201.84
2025-11-18,ELEC_003,Smart Fitness Watch Gen-4,Electronics,126.91,129.99,50.0,126.42,0.0,306,4.19,1100,118.16,0.0,Budget,Fall,11,1,Tuesday,18,0,136.57,112.63,136,17259.76,10459.76
2025-11-18,ELEC_004,Ergonomic Mechanical Keyboard,Electronics,91.64,89.99,35.0,89.21,0.0,724,4.25,1090,170.93,0.0,Budget,Fall,11,1,Tuesday,18,0,86.29,77.8,85,7789.4,4814.4
2025-11-18,HOME_001,Espresso Machine & Milk Frother,Home & Living,155.29,159.99,65.0,151.34,0.0,455,4.39,1258,166.77,0.0,Premium,Fall,11,1,Tuesday,18,0,39.57,43.07,33,5124.57,2979.57
2025-11-18,HOME_002,Cordless Handheld Vacuum Cleaner,Home & Living,96.82,99.99,40.0,98.03,0.0,244,4.2,1111,208.25,0.0,Enterprise,Fall,11,1,Tuesday,18,0,52.0,73.5,41,3969.62,2329.62
2025-11-18,HOSP_001,Deluxe City Center King Room (Per Night),Hospitality & Stays,176.19,175.0,45.0,169.0,0.0,665,4.53,1174,161.54,0.0,Standard,Fall,11,1,Tuesday,18,0,121.14,123.5,114,20085.66,14955.66
2025-11-18,HOSP_002,Executive Skyline Suite (Per Night),Hospitality & Stays,353.43,350.0,90.0,372.59,0.0,117,4.01,1168,253.33,0.0,Standard,Fall,11,1,Tuesday,18,0,22.57,22.43,22,7775.46,5795.46
2025-11-18,RIDE_001,Standard Urban Commute Ride (10 km),Rideshare & Mobility,20.5,24.5,8.0,23.83,15.0,113,4.36,1177,100.38,0.0,Standard,Fall,11,1,Tuesday,18,0,337.14,350.6,494,10127.0,6175.0
2025-11-18,RIDE_002,Premium Black Airport Transfer,Rideshare & Mobility,68.04,65.0,22.0,66.53,0.0,504,4.06,1094,148.67,0.0,Budget,Fall,11,1,Tuesday,18,0,111.57,104.27,91,6191.64,4189.64
2025-11-19,APP_001,Premium Merino Wool Sweater,Apparel & Fashion,79.24,79.99,28.0,80.45,0.0,543,4.48,1225,224.62,0.0,Standard,Fall,11,2,Wednesday,19,0,108.86,106.07,111,8795.64,5687.64
2025-11-19,APP_002,Breathable Performance Running Shoes,Apparel & Fashion,118.84,119.99,42.0,116.35,0.0,425,4.73,1263,181.68,0.0,Standard,Fall,11,2,Wednesday,19,0,144.57,129.13,166,19727.44,12755.44
2025-11-19,APP_003,Classic Waterproof Trench Coat,Apparel & Fashion,153.33,149.99,55.0,154.3,0.0,199,4.46,1107,87.39,0.0,Standard,Fall,11,2,Wednesday,19,0,59.57,51.9,42,6439.86,4129.86
2025-11-19,ELEC_001,Pro Wireless Noise-Cancelling Headphones,Electronics,196.67,199.99,85.0,189.7,0.0,227,4.66,1076,122.59,0.0,Premium,Fall,11,2,Wednesday,19,0,101.86,81.0,77,15143.59,8598.59
2025-11-19,ELEC_002,Ultra HD 4K Smart TV 55-inch,Electronics,427.02,549.99,280.0,569.5,20.0,480,4.17,1144,134.88,0.0,Premium,Fall,11,2,Wednesday,19,0,45.71,40.77,66,28183.32,9703.32
2025-11-19,ELEC_003,Smart Fitness Watch Gen-4,Electronics,128.99,129.99,50.0,139.22,0.0,165,4.51,1102,173.08,0.0,Budget,Fall,11,2,Wednesday,19,0,138.43,113.87,141,18187.59,11137.59
2025-11-19,ELEC_004,Ergonomic Mechanical Keyboard,Electronics,91.35,89.99,35.0,93.45,0.0,644,4.75,1052,228.0,0.0,Standard,Fall,11,2,Wednesday,19,0,85.57,78.0,80,7308.0,4508.0
2025-11-19,HOME_001,Espresso Machine & Milk Frother,Home & Living,167.89,159.99,65.0,152.46,0.0,426,4.37,1108,211.81,0.0,Premium,Fall,11,2,Wednesday,19,0,39.43,42.33,29,4868.81,2983.81
2025-11-19,HOME_002,Cordless Handheld Vacuum Cleaner,Home & Living,78.5,99.99,40.0,101.48,25.0,170,4.42,1216,153.78,0.0,Enterprise,Fall,11,2,Wednesday,19,0,56.86,74.17,74,5809.0,2849.0
2025-11-19,HOSP_001,Deluxe City Center King Room (Per Night),Hospitality & Stays,168.67,175.0,45.0,174.98,0.0,528,4.04,1068,133.6,0.0,Budget,Fall,11,2,Wednesday,19,0,129.29,125.23,137,23107.79,16942.79
2025-11-19,HOSP_002,Executive Skyline Suite (Per Night),Hospitality & Stays,338.37,350.0,90.0,340.98,0.0,104,4.37,1111,161.75,0.0,Enterprise,Fall,11,2,Wednesday,19,0,21.14,21.9,13,4398.81,3228.81
2025-11-19,RIDE_001,Standard Urban Commute Ride (10 km),Rideshare & Mobility,21.2,24.5,8.0,20.9,10.0,412,4.85,1114,114.45,0.0,Premium,Fall,11,2,Wednesday,19,0,303.57,339.53,113,2395.6,1491.6
2025-11-19,RIDE_002,Premium Black Airport Transfer,Rideshare & Mobility,65.49,65.0,22.0,59.6,0.0,419,4.87,1161,177.94,0.0,Premium,Fall,11,2,Wednesday,19,0,112.0,103.17,85,5566.65,3696.65
2025-11-20,APP_001,Premium Merino Wool Sweater,Apparel & Fashion,68.8,79.99,28.0,74.25,20.0,316,4.03,1152,232.29,0.6,Standard,Fall,11,3,Thursday,20,0,129.57,110.87,227,15617.6,9261.6
2025-11-20,APP_002,Breathable Performance Running Shoes,Apparel & Fashion,138.66,119.99,42.0,120.86,0.0,250,4.2,1153,262.68,0.6,Standard,Fall,11,3,Thursday,20,0,146.14,131.83,175,24265.5,16915.5
2025-11-20,APP_003,Classic Waterproof Trench Coat,Apparel & Fashion,174.59,149.99,55.0,134.05,0.0,151,4.87,1144,226.62,0.6,Standard,Fall,11,3,Thursday,20,0,59.43,50.07,48,8380.32,5740.32
2025-11-20,ELEC_001,Pro Wireless Noise-Cancelling Headphones,Electronics,213.39,199.99,85.0,194.63,0.0,100,4.34,1060,234.6,0.6,Standard,Fall,11,3,Thursday,20,0,103.43,83.7,127,27100.53,16305.53
2025-11-20,ELEC_002,Ultra HD 4K Smart TV 55-inch,Electronics,630.65,549.99,280.0,570.32,0.0,438,4.12,1189,281.01,0.6,Budget,Fall,11,3,Thursday,20,0,44.57,40.93,42,26487.3,14727.3
2025-11-20,ELEC_003,Smart Fitness Watch Gen-4,Electronics,138.39,129.99,50.0,134.68,0.0,620,4.65,1161,283.58,0.6,Budget,Fall,11,3,Thursday,20,0,140.43,116.2,165,22834.35,14584.35
2025-11-20,ELEC_004,Ergonomic Mechanical Keyboard,Electronics,98.44,89.99,35.0,85.19,0.0,513,4.89,1105,238.0,0.6,Budget,Fall,11,3,Thursday,20,0,92.57,80.5,131,12895.64,8310.64
2025-11-20,HOME_001,Espresso Machine & Milk Frother,Home & Living,187.53,159.99,65.0,162.71,0.0,370,4.6,1164,198.11,0.6,Budget,Fall,11,3,Thursday,20,0,41.29,42.7,56,10501.68,6861.68
2025-11-20,HOME_002,Cordless Handheld Vacuum Cleaner,Home & Living,110.23,99.99,40.0,104.24,0.0,99,4.28,1071,251.99,0.6,Premium,Fall,11,3,Thursday,20,0,60.29,74.1,71,7826.33,4986.33
2025-11-20,HOSP_001,Deluxe City Center King Room (Per Night),Hospitality & Stays,197.53,175.0,45.0,166.53,0.0,442,4.22,1065,241.87,0.6,Enterprise,Fall,11,3,Thursday,20,0,117.29,121.43,86,16987.58,13117.58
2025-11-20,HOSP_002,Executive Skyline Suite (Per Night),Hospitality & Stays,449.0,350.0,90.0,342.04,0.0,83,4.14,1180,193.11,0.6,Standard,Fall,11,3,Thursday,20,0,20.86,21.93,21,9429.0,7539.0
2025-11-20,RIDE_001,Standard Urban Commute Ride (10 km),Rideshare & Mobility,28.83,24.5,8.0,23.7,0.0,526,4.7,1124,279.99,0.6,Standard,Fall,11,3,Thursday,20,0,328.43,341.37,379,10926.57,7894.57
2025-11-20,RIDE_002,Premium Black Airport Transfer,Rideshare & Mobility,71.6,65.0,22.0,60.67,0.0,278,4.02,1120,269.63,0.6,Budget,Fall,11,3,Thursday,20,0,118.29,105.07,141,10095.6,6993.6
2025-11-21,APP_001,Premium Merino Wool Sweater,Apparel & Fashion,92.02,79.99,28.0,80.26,0.0,209,4.53,1126,212.42,0.6,Premium,Fall,11,4,Friday,21,0,128.57,111.67,107,9846.14,6850.14
2025-11-21,APP_002,Breathable Performance Running Shoes,Apparel & Fashion,115.82,119.99,42.0,113.53,25.0,779,4.81,1101,203.46,0.6,Enterprise,Fall,11,4,Friday,21,0,156.14,135.7,218,25248.76,16092.76
2025-11-21,APP_003,Classic Waterproof Trench Coat,Apparel & Fashion,185.6,149.99,55.0,141.35,0.0,108,4.4,1143,217.51,0.6,Standard,Fall,11,4,Friday,21,0,51.0,50.53,43,7980.8,5615.8
2025-11-21,ELEC_001,Pro Wireless Noise-Cancelling Headphones,Electronics,230.46,199.99,85.0,188.14,0.0,658,4.25,1174,194.58,0.6,Enterprise,Fall,11,4,Friday,21,0,97.57,82.17,59,13597.14,8582.14
2025-11-21,ELEC_002,Ultra HD 4K Smart TV 55-inch,Electronics,611.55,549.99,280.0,530.21,0.0,392,4.66,1221,221.28,0.6,Budget,Fall,11,4,Friday,21,0,44.14,41.63,46,28131.3,15251.3
2025-11-21,ELEC_003,Smart Fitness Watch Gen-4,Electronics,117.5,129.99,50.0,136.07,20.0,436,4.37,1173,212.77,0.6,Enterprise,Fall,11,4,Friday,21,0,146.43,120.03,184,21620.0,12420.0
2025-11-21,ELEC_004,Ergonomic Mechanical Keyboard,Electronics,106.99,89.99,35.0,87.62,0.0,431,4.77,1089,158.35,0.6,Premium,Fall,11,4,Friday,21,0,93.86,81.6,82,8773.18,5903.18
2025-11-21,HOME_001,Espresso Machine & Milk Frother,Home & Living,173.1,159.99,65.0,165.25,5.0,301,4.63,1047,281.6,0.6,Standard,Fall,11,4,Friday,21,0,45.29,43.93,69,11943.9,7458.9
2025-11-21,HOME_002,Cordless Handheld Vacuum Cleaner,Home & Living,89.03,99.99,40.0,98.29,20.0,704,4.51,1200,241.12,0.6,Premium,Fall,11,4,Friday,21,0,68.0,73.63,99,8813.97,4853.97
2025-11-21,HOSP_001,Deluxe City Center King Room (Per Night),Hospitality & Stays,188.39,175.0,45.0,173.02,0.0,317,4.07,1094,188.19,0.6,Premium,Fall,11,4,Friday,21,0,118.71,121.97,125,23548.75,17923.75
2025-11-21,HOSP_002,Executive Skyline Suite (Per Night),Hospitality & Stays,372.1,350.0,90.0,336.33,0.0,557,4.38,1187,178.62,0.6,Standard,Fall,11,4,Friday,21,0,21.57,22.2,29,10790.9,8180.9
2025-11-21,RIDE_001,Standard Urban Commute Ride (10 km),Rideshare & Mobility,27.82,24.5,8.0,25.9,0.0,584,4.26,1162,286.66,0.6,Budget,Fall,11,4,Friday,21,0,343.29,347.47,526,14633.32,10425.32
2025-11-21,RIDE_002,Premium Black Airport Transfer,Rideshare & Mobility,74.37,65.0,22.0,57.46,0.0,112,4.89,1120,270.43,0.6,Budget,Fall,11,4,Friday,21,0,124.0,106.7,166,12345.42,8693.42
2025-11-22,APP_001,Premium Merino Wool Sweater,Apparel & Fashion,97.75,79.99,28.0,82.18,0.0,128,4.6,1186,160.1,0.6,Premium,Fall,11,5,Saturday,22,1,126.29,111.23,81,7917.75,5649.75
2025-11-22,APP_002,Breathable Performance Running Shoes,Apparel & Fashion,129.13,119.99,42.0,127.53,0.0,517,4.85,1157,267.21,0.6,Budget,Fall,11,5,Saturday,22,1,173.57,139.07,262,33832.06,22828.06
2025-11-22,APP_003,Classic Waterproof Trench Coat,Apparel & Fashion,194.6,149.99,55.0,152.36,0.0,516,4.39,1153,203.31,0.6,Budget,Fall,11,5,Saturday,22,1,48.71,50.47,43,8367.8,6002.8
2025-11-22,ELEC_001,Pro Wireless Noise-Cancelling Headphones,Electronics,191.21,199.99,85.0,204.04,10.0,448,4.66,1147,186.43,0.6,Budget,Fall,11,5,Saturday,22,1,113.71,87.47,210,40154.1,22304.1
2025-11-22,ELEC_002,Ultra HD 4K Smart TV 55-inch,Electronics,708.01,549.99,280.0,592.5,0.0,356,4.64,1204,165.8,0.6,Standard,Fall,11,5,Saturday,22,1,43.43,41.83,36,25488.36,15408.36
2025-11-22,ELEC_003,Smart Fitness Watch Gen-4,Electronics,139.07,129.99,50.0,131.51,0.0,231,4.11,1186,214.07,0.6,Budget,Fall,11,5,Saturday,22,1,156.43,122.7,205,28509.35,18259.35
2025-11-22,ELEC_004,Ergonomic Mechanical Keyboard,Electronics,105.6,89.99,35.0,83.6,0.0,338,4.03,1174,242.47,0.6,Standard,Fall,11,5,Saturday,22,1,92.43,83.07,93,9820.8,6565.8
2025-11-22,HOME_001,Espresso Machine & Milk Frother,Home & Living,173.06,159.99,65.0,161.69,0.0,263,4.61,1153,236.15,0.6,Enterprise,Fall,11,5,Saturday,22,1,42.71,43.57,38,6576.28,4106.28
2025-11-22,HOME_002,Cordless Handheld Vacuum Cleaner,Home & Living,116.79,99.99,40.0,104.21,0.0,628,4.4,1152,332.9,0.6,Budget,Fall,11,5,Saturday,22,1,69.14,74.53,76,8876.04,5836.04
2025-11-22,HOSP_001,Deluxe City Center King Room (Per Night),Hospitality & Stays,192.58,175.0,45.0,159.51,0.0,134,4.54,1200,160.2,0.6,Standard,Fall,11,5,Saturday,22,1,130.29,124.57,183,35242.14,27007.14
2025-11-22,HOSP_002,Executive Skyline Suite (Per Night),Hospitality & Stays,435.34,350.0,90.0,365.28,0.0,527,4.08,1150,141.42,0.6,Budget,Fall,11,5,Saturday,22,1,22.14,22.43,30,13060.2,10360.2
2025-11-22,RIDE_001,Standard Urban Commute Ride (10 km),Rideshare & Mobility,29.03,24.5,8.0,22.79,0.0,105,4.63,1080,242.27,0.6,Standard,Fall,11,5,Saturday,22,1,358.14,352.0,479,13905.37,10073.37
2025-11-22,RIDE_002,Premium Black Airport Transfer,Rideshare & Mobility,74.55,65.0,22.0,64.81,0.0,628,4.82,1195,218.11,0.6,Budget,Fall,11,5,Saturday,22,1,114.29,106.93,112,8349.6,5885.6
2025-11-23,APP_001,Premium Merino Wool Sweater,Apparel & Fashion,90.57,79.99,28.0,80.11,0.0,466,4.74,1155,198.73,0.6,Budget,Fall,11,6,Sunday,23,1,126.43,112.33,125,11321.25,7821.25
2025-11-23,APP_002,Breathable Performance Running Shoes,Apparel & Fashion,140.55,119.99,42.0,120.2,0.0,382,4.22,1159,185.77,0.6,Premium,Fall,11,6,Sunday,23,1,174.14,139.8,135,18974.25,13304.25
2025-11-23,APP_003,Classic Waterproof Trench Coat,Apparel & Fashion,180.94,149.99,55.0,141.84,0.0,470,4.51,1176,182.59,0.6,Standard,Fall,11,6,Sunday,23,1,47.14,48.7,46,8323.24,5793.24
2025-11-23,ELEC_001,Pro Wireless Noise-Cancelling Headphones,Electronics,224.0,199.99,85.0,185.03,0.0,343,4.26,1119,237.44,0.6,Standard,Fall,11,6,Sunday,23,1,111.14,88.37,105,23520.0,14595.0
2025-11-23,ELEC_002,Ultra HD 4K Smart TV 55-inch,Electronics,641.49,549.99,280.0,538.98,0.0,311,4.26,1135,192.23,0.6,Budget,Fall,11,6,Sunday,23,1,44.14,42.03,45,28867.05,16267.05
2025-11-23,ELEC_003,Smart Fitness Watch Gen-4,Electronics,143.39,129.99,50.0,134.83,0.0,817,4.47,1139,148.49,0.6,Standard,Fall,11,6,Sunday,23,1,165.71,125.03,167,23946.13,15596.13
2025-11-23,ELEC_004,Ergonomic Mechanical Keyboard,Electronics,108.23,89.99,35.0,94.47,0.0,258,4.21,1270,194.86,0.6,Premium,Fall,11,6,Sunday,23,1,93.57,83.7,80,8658.4,5858.4
2025-11-23,HOME_001,Espresso Machine & Milk Frother,Home & Living,202.42,159.99,65.0,167.27,0.0,215,4.63,1210,295.11,0.6,Budget,Fall,11,6,Sunday,23,1,44.71,43.93,48,9716.16,6596.16
2025-11-23,HOME_002,Cordless Handheld Vacuum Cleaner,Home & Living,127.31,99.99,40.0,96.18,0.0,578,4.65,1162,218.46,0.6,Budget,Fall,11,6,Sunday,23,1,65.86,73.17,50,6365.5,4365.5
2025-11-23,HOSP_001,Deluxe City Center King Room (Per Night),Hospitality & Stays,197.35,175.0,45.0,168.83,5.0,439,4.28,1204,214.47,0.6,Standard,Fall,11,6,Sunday,23,1,132.71,124.9,134,26444.9,20414.9
2025-11-23,HOSP_002,Executive Skyline Suite (Per Night),Hospitality & Stays,386.33,350.0,90.0,327.38,0.0,491,4.42,1150,156.87,0.6,Standard,Fall,11,6,Sunday,23,1,25.14,23.03,36,13907.88,10667.88
2025-11-23,RIDE_001,Standard Urban Commute Ride (10 km),Rideshare & Mobility,21.32,24.5,8.0,26.06,25.0,410,4.65,1285,215.09,0.6,Budget,Fall,11,6,Sunday,23,1,311.43,345.2,105,2238.6,1398.6
2025-11-23,RIDE_002,Premium Black Airport Transfer,Rideshare & Mobility,73.56,65.0,22.0,70.17,0.0,469,4.11,1118,211.54,0.6,Standard,Fall,11,6,Sunday,23,1,121.57,107.67,159,11696.04,8198.04
2025-11-24,APP_001,Premium Merino Wool Sweater,Apparel & Fashion,94.14,79.99,28.0,79.77,0.0,341,4.04,1166,180.12,0.6,Budget,Fall,11,0,Monday,24,0,127.0,113.8,125,11767.5,8267.5
2025-11-24,APP_002,Breathable Performance Running Shoes,Apparel & Fashion,145.38,119.99,42.0,130.03,0.0,233,4.32,1227,191.22,0.6,Premium,Fall,11,0,Monday,24,0,176.86,141.33,149,21661.62,15403.62
2025-11-24,APP_003,Classic Waterproof Trench Coat,Apparel & Fashion,173.64,149.99,55.0,156.65,0.0,417,4.68,1143,200.22,0.6,Premium,Fall,11,0,Monday,24,0,47.71,49.5,53,9202.92,6287.92
2025-11-24,ELEC_001,Pro Wireless Noise-Cancelling Headphones,Electronics,175.2,199.99,85.0,199.16,20.0,121,4.5,1163,307.47,0.6,Standard,Fall,11,0,Monday,24,0,130.43,94.13,222,38894.4,20024.4
2025-11-24,ELEC_002,Ultra HD 4K Smart TV 55-inch,Electronics,597.29,549.99,280.0,549.96,0.0,266,4.21,1127,267.28,0.6,Premium,Fall,11,0,Monday,24,0,46.0,42.53,45,26878.05,14278.05
2025-11-24,ELEC_003,Smart Fitness Watch Gen-4,Electronics,136.27,129.99,50.0,128.56,10.0,608,4.79,1138,149.17,0.6,Budget,Fall,11,0,Monday,24,0,172.43,129.07,209,28480.43,18030.43
2025-11-24,ELEC_004,Ergonomic Mechanical Keyboard,Electronics,101.87,89.99,35.0,89.21,0.0,174,4.44,1177,278.77,0.6,Premium,Fall,11,0,Monday,24,0,90.71,84.5,84,8557.08,5617.08
2025-11-24,HOME_001,Espresso Machine & Milk Frother,Home & Living,196.12,159.99,65.0,138.92,0.0,181,4.71,1140,146.98,0.6,Premium,Fall,11,0,Monday,24,0,43.86,43.43,34,6668.08,4458.08
2025-11-24,HOME_002,Cordless Handheld Vacuum Cleaner,Home & Living,113.87,99.99,40.0,91.43,10.0,502,4.7,1210,272.61,0.6,Standard,Fall,11,0,Monday,24,0,69.57,71.8,76,8654.12,5614.12
2025-11-24,HOSP_001,Deluxe City Center King Room (Per Night),Hospitality & Stays,218.09,175.0,45.0,173.25,0.0,336,4.78,1228,198.06,0.6,Standard,Fall,11,0,Monday,24,0,126.0,122.33,103,22463.27,17828.27
2025-11-24,HOSP_002,Executive Skyline Suite (Per Night),Hospitality & Stays,307.59,350.0,90.0,343.87,15.0,450,4.8,1184,208.03,0.6,Standard,Fall,11,0,Monday,24,0,27.43,23.4,41,12611.19,8921.19
2025-11-24,RIDE_001,Standard Urban Commute Ride (10 km),Rideshare & Mobility,25.56,24.5,8.0,23.31,10.0,425,4.0,1165,285.95,0.6,Standard,Fall,11,0,Monday,24,0,358.0,337.87,410,10479.6,7199.6
2025-11-24,RIDE_002,Premium Black Airport Transfer,Rideshare & Mobility,66.89,65.0,22.0,72.55,15.0,258,4.33,1175,258.78,0.6,Standard,Fall,11,0,Monday,24,0,137.86,112.07,211,14113.79,9471.79
2025-11-25,APP_001,Premium Merino Wool Sweater,Apparel & Fashion,102.04,79.99,28.0,85.31,0.0,264,4.14,1170,320.44,0.6,Premium,Fall,11,1,Tuesday,25,0,121.86,113.6,77,7857.08,5701.08
2025-11-25,APP_002,Breathable Performance Running Shoes,Apparel & Fashion,146.27,119.99,42.0,120.32,0.0,792,4.4,1130,106.69,0.6,Budget,Fall,11,1,Tuesday,25,0,183.29,143.93,178,26036.06,18560.06
2025-11-25,APP_003,Classic Waterproof Trench Coat,Apparel & Fashion,158.37,149.99,55.0,136.5,0.0,359,4.17,1159,233.49,0.6,Premium,Fall,11,1,Tuesday,25,0,47.57,50.57,58,9185.46,5995.46
2025-11-25,ELEC_001,Pro Wireless Noise-Cancelling Headphones,Electronics,233.93,199.99,85.0,183.44,0.0,750,4.22,1262,216.97,0.6,Standard,Fall,11,1,Tuesday,25,0,126.43,95.53,85,19884.05,12659.05
2025-11-25,ELEC_002,Ultra HD 4K Smart TV 55-inch,Electronics,602.0,549.99,280.0,602.13,0.0,208,4.85,1149,171.54,0.6,Standard,Fall,11,1,Tuesday,25,0,48.29,42.73,58,34916.0,18676.0
2025-11-25,ELEC_003,Smart Fitness Watch Gen-4,Electronics,148.12,129.99,50.0,122.15,0.0,462,4.61,1111,140.02,0.6,Budget,Fall,11,1,Tuesday,25,0,173.86,131.47,146,21625.52,14325.52
2025-11-25,ELEC_004,Ergonomic Mechanical Keyboard,Electronics,100.11,89.99,35.0,94.53,0.0,512,4.5,1221,231.95,0.6,Standard,Fall,11,1,Tuesday,25,0,94.43,86.27,111,11112.21,7227.21
2025-11-25,HOME_001,Espresso Machine & Milk Frother,Home & Living,194.22,159.99,65.0,164.72,0.0,148,4.44,1136,234.8,0.6,Enterprise,Fall,11,1,Tuesday,25,0,43.86,42.77,33,6409.26,4264.26
2025-11-25,HOME_002,Cordless Handheld Vacuum Cleaner,Home & Living,113.82,99.99,40.0,101.48,0.0,433,4.4,1188,250.12,0.6,Standard,Fall,11,1,Tuesday,25,0,73.57,70.6,69,7853.58,5093.58
2025-11-25,HOSP_001,Deluxe City Center King Room (Per Night),Hospitality & Stays,199.58,175.0,45.0,174.98,0.0,223,4.89,1118,106.72,0.6,Premium,Fall,11,1,Tuesday,25,0,125.86,122.17,113,22552.54,17467.54
2025-11-25,HOSP_002,Executive Skyline Suite (Per Night),Hospitality & Stays,399.9,350.0,90.0,358.69,0.0,424,4.69,1176,152.57,0.6,Standard,Fall,11,1,Tuesday,25,0,28.0,23.37,26,10397.4,8057.4
2025-11-25,RIDE_001,Standard Urban Commute Ride (10 km),Rideshare & Mobility,30.28,24.5,8.0,25.23,0.0,135,4.51,1081,153.77,0.6,Premium,Fall,11,1,Tuesday,25,0,328.86,333.2,290,8781.2,6461.2
2025-11-25,RIDE_002,Premium Black Airport Transfer,Rideshare & Mobility,70.15,65.0,22.0,63.18,0.0,143,4.3,1191,216.83,0.6,Budget,Fall,11,1,Tuesday,25,0,141.29,111.7,115,8067.25,5537.25
2025-11-26,APP_001,Premium Merino Wool Sweater,Apparel & Fashion,89.89,79.99,28.0,86.08,0.0,142,4.78,1179,221.51,0.6,Premium,Fall,11,2,Wednesday,26,0,123.43,113.3,122,10966.58,7550.58
2025-11-26,APP_002,Breathable Performance Running Shoes,Apparel & Fashion,141.3,119.99,42.0,111.56,0.0,640,4.54,1184,149.86,0.6,Standard,Fall,11,2,Wednesday,26,0,181.29,146.53,152,21477.6,15093.6
2025-11-26,APP_003,Classic Waterproof Trench Coat,Apparel & Fashion,137.09,149.99,55.0,144.3,20.0,247,4.51,1158,197.73,0.6,Standard,Fall,11,2,Wednesday,26,0,57.57,53.4,112,15354.08,9194.08
2025-11-26,ELEC_001,Pro Wireless Noise-Cancelling Headphones,Electronics,238.19,199.99,85.0,205.5,0.0,653,4.61,1175,211.24,0.6,Standard,Fall,11,2,Wednesday,26,0,129.29,96.83,97,23104.43,14859.43
2025-11-26,ELEC_002,Ultra HD 4K Smart TV 55-inch,Electronics,668.46,549.99,280.0,556.15,0.0,167,4.49,1228,275.63,0.6,Standard,Fall,11,2,Wednesday,26,0,44.71,43.1,41,27406.86,15926.86
2025-11-26,ELEC_003,Smart Fitness Watch Gen-4,Electronics,149.74,129.99,50.0,138.27,0.0,282,4.53,1118,188.76,0.6,Standard,Fall,11,2,Wednesday,26,0,179.43,134.9,180,26953.2,17953.2
2025-11-26,ELEC_004,Ergonomic Mechanical Keyboard,Electronics,100.61,89.99,35.0,96.26,0.0,413,4.62,1118,364.35,0.6,Standard,Fall,11,2,Wednesday,26,0,97.14,86.27,99,9960.39,6495.39
2025-11-26,HOME_001,Espresso Machine & Milk Frother,Home & Living,189.95,159.99,65.0,150.61,0.0,102,4.75,1232,282.03,0.6,Standard,Fall,11,2,Wednesday,26,0,46.29,43.6,46,8737.7,5747.7
2025-11-26,HOME_002,Cordless Handheld Vacuum Cleaner,Home & Living,116.71,99.99,40.0,97.09,5.0,362,4.76,1120,222.55,0.6,Budget,Fall,11,2,Wednesday,26,0,73.14,70.1,71,8286.41,5446.41
2025-11-26,HOSP_001,Deluxe City Center King Room (Per Night),Hospitality & Stays,193.8,175.0,45.0,190.41,0.0,95,4.6,1158,121.81,0.6,Premium,Fall,11,2,Wednesday,26,0,124.57,120.37,128,24806.4,19046.4
2025-11-26,HOSP_002,Executive Skyline Suite (Per Night),Hospitality & Stays,375.19,350.0,90.0,321.83,0.0,404,4.78,1090,171.23,0.6,Enterprise,Fall,11,2,Wednesday,26,0,29.0,23.37,20,7503.8,5703.8
2025-11-26,RIDE_001,Standard Urban Commute Ride (10 km),Rideshare & Mobility,25.71,24.5,8.0,23.3,10.0,706,4.18,1110,236.89,0.6,Budget,Fall,11,2,Wednesday,26,0,332.0,323.57,135,3470.85,2390.85
2025-11-26,RIDE_002,Premium Black Airport Transfer,Rideshare & Mobility,75.65,65.0,22.0,64.12,0.0,450,4.1,1183,258.13,0.6,Standard,Fall,11,2,Wednesday,26,0,145.57,112.5,115,8699.75,6169.75
2025-11-27,APP_001,Premium Merino Wool Sweater,Apparel & Fashion,94.69,79.99,28.0,81.43,0.0,606,4.55,1211,288.12,0.6,Budget,Fall,11,3,Thursday,27,0,110.29,115.17,135,12783.15,9003.15
2025-11-27,APP_002,Breathable Performance Running Shoes,Apparel & Fashion,127.02,119.99,42.0,119.26,0.0,460,4.61,1171,190.1,0.6,Standard,Fall,11,3,Thursday,27,0,182.0,148.47,180,22863.6,15303.6
2025-11-27,APP_003,Classic Waterproof Trench Coat,Apparel & Fashion,136.52,149.99,55.0,149.09,15.0,140,4.55,1173,311.68,0.6,Budget,Fall,11,3,Thursday,27,0,66.0,55.8,107,14607.64,8722.64
2025-11-27,ELEC_001,Pro Wireless Noise-Cancelling Headphones,Electronics,233.63,199.99,85.0,196.72,0.0,558,4.17,1078,173.14,0.6,Standard,Fall,11,3,Thursday,27,0,124.71,97.37,95,22194.85,14119.85
2025-11-27,ELEC_002,Ultra HD 4K Smart TV 55-inch,Electronics,576.2,549.99,280.0,518.04,0.0,105,4.44,1073,206.16,0.6,Budget,Fall,11,3,Thursday,27,0,47.57,44.37,62,35724.4,18364.4
2025-11-27,ELEC_003,Smart Fitness Watch Gen-4,Electronics,142.82,129.99,50.0,148.35,0.0,119,4.12,1142,145.8,0.6,Standard,Fall,11,3,Thursday,27,0,179.14,137.8,163,23279.66,15129.66
2025-11-27,ELEC_004,Ergonomic Mechanical Keyboard,Electronics,113.15,89.99,35.0,91.58,0.0,317,4.71,1171,167.08,0.6,Budget,Fall,11,3,Thursday,27,0,92.14,87.6,96,10862.4,7502.4
2025-11-27,HOME_001,Espresso Machine & Milk Frother,Home & Living,174.93,159.99,65.0,161.33,0.0,735,4.58,1137,231.33,0.6,Budget,Fall,11,3,Thursday,27,0,46.29,43.63,56,9796.08,6156.08
2025-11-27,HOME_002,Cordless Handheld Vacuum Cleaner,Home & Living,97.38,99.99,40.0,103.83,15.0,255,4.07,1167,114.42,0.6,Standard,Fall,11,3,Thursday,27,0,78.29,71.57,107,10419.66,6139.66
2025-11-27,HOSP_001,Deluxe City Center King Room (Per Night),Hospitality & Stays,194.51,175.0,45.0,182.81,0.0,787,4.58,1096,220.17,0.6,Budget,Fall,11,3,Thursday,27,0,125.86,119.97,95,18478.45,14203.45
2025-11-27,HOSP_002,Executive Skyline Suite (Per Night),Hospitality & Stays,412.71,350.0,90.0,353.33,0.0,380,4.16,1221,254.43,0.6,Budget,Fall,11,3,Thursday,27,0,29.43,23.43,24,9905.04,7745.04
2025-11-27,RIDE_001,Standard Urban Commute Ride (10 km),Rideshare & Mobility,23.12,24.5,8.0,23.32,20.0,658,4.67,1154,216.09,0.6,Budget,Fall,11,3,Thursday,27,0,378.71,335.33,706,16322.72,10674.72
2025-11-27,RIDE_002,Premium Black Airport Transfer,Rideshare & Mobility,78.28,65.0,22.0,63.36,0.0,360,4.75,1198,248.66,0.6,Premium,Fall,11,3,Thursday,27,0,138.29,112.33,90,7045.2,5065.2
2025-11-28,APP_001,Premium Merino Wool Sweater,Apparel & Fashion,87.93,79.99,28.0,73.5,0.0,490,4.79,1194,197.34,0.6,Premium,Fall,11,4,Friday,28,0,111.57,115.97,116,10199.88,6951.88
2025-11-28,APP_002,Breathable Performance Running Shoes,Apparel & Fashion,138.31,119.99,42.0,117.49,0.0,299,4.32,1170,178.64,0.6,Standard,Fall,11,4,Friday,28,0,173.86,150.07,161,22267.91,15505.91
2025-11-28,APP_003,Classic Waterproof Trench Coat,Apparel & Fashion,177.47,149.99,55.0,142.49,0.0,83,4.21,1227,255.78,0.6,Budget,Fall,11,4,Friday,28,0,68.0,55.27,57,10115.79,6980.79
2025-11-28,ELEC_001,Pro Wireless Noise-Cancelling Headphones,Electronics,232.45,199.99,85.0,198.68,0.0,449,4.01,1203,329.98,0.6,Standard,Fall,11,4,Friday,28,0,131.86,99.17,109,25337.05,16072.05
2025-11-28,ELEC_002,Ultra HD 4K Smart TV 55-inch,Electronics,616.75,549.99,280.0,554.68,0.0,550,4.8,1144,159.89,0.6,Standard,Fall,11,4,Friday,28,0,47.71,43.83,47,28987.25,15827.25
2025-11-28,ELEC_003,Smart Fitness Watch Gen-4,Electronics,150.53,129.99,50.0,120.79,0.0,655,4.78,1227,111.34,0.6,Budget,Fall,11,4,Friday,28,0,169.86,139.13,119,17913.07,11963.07
2025-11-28,ELEC_004,Ergonomic Mechanical Keyboard,Electronics,101.14,89.99,35.0,90.38,0.0,209,4.26,1250,169.41,0.6,Standard,Fall,11,4,Friday,28,0,95.86,88.97,108,10923.12,7143.12
2025-11-28,HOME_001,Espresso Machine & Milk Frother,Home & Living,188.32,159.99,65.0,156.03,0.0,700,4.25,1199,270.11,0.6,Premium,Fall,11,4,Friday,28,0,41.43,43.23,35,6591.2,4316.2
2025-11-28,HOME_002,Cordless Handheld Vacuum Cleaner,Home & Living,111.71,99.99,40.0,91.17,0.0,169,4.2,1129,219.92,0.6,Budget,Fall,11,4,Friday,28,0,76.43,72.27,86,9607.06,6167.06
2025-11-28,HOSP_001,Deluxe City Center King Room (Per Night),Hospitality & Stays,207.62,175.0,45.0,186.12,0.0,679,4.14,1110,275.82,0.6,Premium,Fall,11,4,Friday,28,0,123.43,118.67,108,22422.96,17562.96
2025-11-28,HOSP_002,Executive Skyline Suite (Per Night),Hospitality & Stays,377.49,350.0,90.0,327.94,0.0,348,4.22,1125,189.94,0.6,Budget,Fall,11,4,Friday,28,0,29.86,23.87,32,12079.68,9199.68
2025-11-28,RIDE_001,Standard Urban Commute Ride (10 km),Rideshare & Mobility,27.96,24.5,8.0,26.03,5.0,176,4.23,1181,203.23,0.6,Standard,Fall,11,4,Friday,28,0,372.43,342.83,482,13476.72,9620.72
2025-11-28,RIDE_002,Premium Black Airport Transfer,Rideshare & Mobility,64.77,65.0,22.0,61.28,10.0,182,4.68,1090,102.03,0.6,Premium,Fall,11,4,Friday,28,0,140.0,116.27,178,11529.06,7613.06
2025-11-29,APP_001,Premium Merino Wool Sweater,Apparel & Fashion,90.71,79.99,28.0,80.07,10.0,377,4.18,1135,299.63,0.6,Premium,Fall,11,5,Saturday,29,1,116.14,117.07,113,10250.23,7086.23
2025-11-29,APP_002,Breathable Performance Running Shoes,Apparel & Fashion,142.06,119.99,42.0,117.21,0.0,169,4.06,1206,249.74,0.6,Premium,Fall,11,5,Saturday,29,1,155.0,151.77,130,18467.8,13007.8
2025-11-29,APP_003,Classic Waterproof Trench Coat,Apparel & Fashion,161.29,149.99,55.0,140.97,0.0,550,4.37,1155,173.41,0.6,Premium,Fall,11,5,Saturday,29,1,69.86,55.83,56,9032.24,5952.24
2025-11-29,ELEC_001,Pro Wireless Noise-Cancelling Headphones,Electronics,220.21,199.99,85.0,208.06,5.0,318,4.82,1115,220.55,0.6,Budget,Fall,11,5,Saturday,29,1,120.57,101.67,131,28847.51,17712.51
2025-11-29,ELEC_002,Ultra HD 4K Smart TV 55-inch,Electronics,551.88,549.99,280.0,542.46,20.0,494,4.77,1163,204.78,0.6,Premium,Fall,11,5,Saturday,29,1,50.57,44.9,56,30905.28,15225.28
2025-11-29,ELEC_003,Smart Fitness Watch Gen-4,Electronics,160.89,129.99,50.0,126.35,0.0,531,4.82,1152,210.54,0.6,Standard,Fall,11,5,Saturday,29,1,158.29,140.63,124,19950.36,13750.36
2025-11-29,ELEC_004,Ergonomic Mechanical Keyboard,Electronics,87.76,89.99,35.0,96.0,10.0,575,4.1,1135,215.24,0.6,Standard,Fall,11,5,Saturday,29,1,103.0,91.8,143,12549.68,7544.68
2025-11-29,HOME_001,Espresso Machine & Milk Frother,Home & Living,204.46,159.99,65.0,165.28,0.0,671,4.19,1189,186.42,0.6,Enterprise,Fall,11,5,Saturday,29,1,40.14,43.2,29,5929.34,4044.34
2025-11-29,HOME_002,Cordless Handheld Vacuum Cleaner,Home & Living,119.4,99.99,40.0,93.91,0.0,110,4.5,1183,197.3,0.6,Standard,Fall,11,5,Saturday,29,1,74.0,72.6,59,7044.6,4684.6
2025-11-29,HOSP_001,Deluxe City Center King Room (Per Night),Hospitality & Stays,184.95,175.0,45.0,170.25,0.0,453,4.72,1143,145.67,0.6,Standard,Fall,11,5,Saturday,29,1,129.57,122.07,226,41798.7,31628.7
2025-11-29,HOSP_002,Executive Skyline Suite (Per Night),Hospitality & Stays,385.17,350.0,90.0,331.06,0.0,310,4.37,1207,250.38,0.6,Budget,Fall,11,5,Saturday,29,1,31.0,24.5,38,14636.46,11216.46
2025-11-29,RIDE_001,Standard Urban Commute Ride (10 km),Rideshare & Mobility,22.29,24.5,8.0,23.47,10.0,476,4.28,1127,160.75,0.6,Premium,Fall,11,5,Saturday,29,1,329.14,339.73,176,3923.04,2515.04
2025-11-29,RIDE_002,Premium Black Airport Transfer,Rideshare & Mobility,70.07,65.0,22.0,70.42,0.0,735,4.02,1109,183.0,0.6,Premium,Fall,11,5,Saturday,29,1,140.57,117.73,116,8128.12,5576.12
2025-11-30,APP_001,Premium Merino Wool Sweater,Apparel & Fashion,99.55,79.99,28.0,83.78,0.0,273,4.21,1162,196.32,0.6,Budget,Fall,11,6,Sunday,30,1,113.14,117.97,104,10353.2,7441.2
2025-11-30,APP_002,Breathable Performance Running Shoes,Apparel & Fashion,141.23,119.99,42.0,119.49,0.0,553,4.19,1159,240.84,0.6,Budget,Fall,11,6,Sunday,30,1,158.43,153.77,159,22455.57,15777.57
2025-11-30,APP_003,Classic Waterproof Trench Coat,Apparel & Fashion,151.82,149.99,55.0,158.45,10.0,478,4.28,1043,193.51,0.6,Standard,Fall,11,6,Sunday,30,1,73.57,57.3,72,10931.04,6971.04
2025-11-30,ELEC_001,Pro Wireless Noise-Cancelling Headphones,Electronics,236.09,199.99,85.0,190.26,0.0,227,4.33,1072,271.09,0.6,Standard,Fall,11,6,Sunday,30,1,118.57,103.1,91,21484.19,13749.19
2025-11-30,ELEC_002,Ultra HD 4K Smart TV 55-inch,Electronics,623.94,549.99,280.0,560.79,0.0,457,4.65,1188,183.46,0.6,Premium,Fall,11,6,Sunday,30,1,49.43,45.17,37,23085.78,12725.78
2025-11-30,ELEC_003,Smart Fitness Watch Gen-4,Electronics,150.81,129.99,50.0,119.75,0.0,396,4.82,1145,249.62,0.6,Standard,Fall,11,6,Sunday,30,1,153.71,142.27,135,20359.35,13609.35
2025-11-30,ELEC_004,Ergonomic Mechanical Keyboard,Electronics,109.18,89.99,35.0,89.53,0.0,500,4.34,1180,244.97,0.6,Premium,Fall,11,6,Sunday,30,1,102.29,92.27,75,8188.5,5563.5
2025-11-30,HOME_001,Espresso Machine & Milk Frother,Home & Living,181.67,159.99,65.0,148.25,0.0,622,4.86,1122,162.56,0.6,Budget,Fall,11,6,Sunday,30,1,40.29,43.37,49,8901.83,5716.83
2025-11-30,HOME_002,Cordless Handheld Vacuum Cleaner,Home & Living,111.85,99.99,40.0,98.66,0.0,791,4.29,1247,187.52,0.6,Premium,Fall,11,6,Sunday,30,1,75.86,72.2,63,7046.55,4526.55
2025-11-30,HOSP_001,Deluxe City Center King Room (Per Night),Hospitality & Stays,189.43,175.0,45.0,176.72,0.0,244,4.23,1201,118.16,0.6,Standard,Fall,11,6,Sunday,30,1,140.29,126.0,209,39590.87,30185.87
2025-11-30,HOSP_002,Executive Skyline Suite (Per Night),Hospitality & Stays,383.87,350.0,90.0,383.25,0.0,275,4.34,1232,227.81,0.6,Budget,Fall,11,6,Sunday,30,1,30.86,24.83,35,13435.45,10285.45
2025-11-30,RIDE_001,Standard Urban Commute Ride (10 km),Rideshare & Mobility,27.13,24.5,8.0,25.07,0.0,486,4.76,1207,283.2,0.6,Budget,Fall,11,6,Sunday,30,1,382.14,348.53,476,12913.88,9105.88
2025-11-30,RIDE_002,Premium Black Airport Transfer,Rideshare & Mobility,66.75,65.0,22.0,64.0,0.0,523,4.29,1077,184.7,0.6,Budget,Fall,11,6,Sunday,30,1,148.14,120.87,212,14151.0,9487.0
2025-12-01,APP_001,Premium Merino Wool Sweater,Apparel & Fashion,78.99,79.99,28.0,83.92,0.0,169,4.33,1124,140.61,0.0,Standard,Winter,12,0,Monday,1,0,110.14,117.6,104,8214.96,5302.96
2025-12-01,APP_002,Breathable Performance Running Shoes,Apparel & Fashion,116.93,119.99,42.0,112.35,0.0,388,4.65,1227,197.67,0.0,Budget,Winter,12,0,Monday,1,0,160.71,155.6,165,19293.45,12363.45
2025-12-01,APP_003,Classic Waterproof Trench Coat,Apparel & Fashion,130.83,149.99,55.0,162.31,15.0,386,4.27,1170,126.91,0.0,Budget,Winter,12,0,Monday,1,0,79.14,58.33,92,12036.36,6976.36
2025-12-01,ELEC_001,Pro Wireless Noise-Cancelling Headphones,Electronics,197.94,199.99,85.0,181.72,0.0,144,4.46,1165,189.1,0.0,Standard,Winter,12,0,Monday,1,0,98.71,102.87,83,16429.02,9374.02
2025-12-01,ELEC_002,Ultra HD 4K Smart TV 55-inch,Electronics,552.99,549.99,280.0,538.31,0.0,418,4.81,1220,145.03,0.0,Standard,Winter,12,0,Monday,1,0,48.57,45.03,39,21566.61,10646.61
2025-12-01,ELEC_003,Smart Fitness Watch Gen-4,Electronics,123.91,129.99,50.0,135.01,0.0,278,4.56,1248,209.03,0.0,Standard,Winter,12,0,Monday,1,0,140.71,141.8,118,14621.38,8721.38
2025-12-01,ELEC_004,Ergonomic Mechanical Keyboard,Electronics,90.68,89.99,35.0,91.67,0.0,422,4.75,1154,172.22,0.0,Standard,Winter,12,0,Monday,1,0,101.43,91.93,78,7073.04,4343.04
2025-12-01,HOME_001,Espresso Machine & Milk Frother,Home & Living,156.36,159.99,65.0,156.13,0.0,582,4.04,1092,190.02,0.0,Standard,Winter,12,0,Monday,1,0,41.14,43.3,40,6254.4,3654.4
2025-12-01,HOME_002,Cordless Handheld Vacuum Cleaner,Home & Living,92.93,99.99,40.0,96.6,10.0,708,4.18,1129,109.71,0.0,Budget,Winter,12,0,Monday,1,0,76.86,72.2,83,7713.19,4393.19
2025-12-01,HOSP_001,Deluxe City Center King Room (Per Night),Hospitality & Stays,134.51,175.0,45.0,183.96,25.0,454,4.65,1213,192.73,0.0,Standard,Winter,12,0,Monday,1,0,160.43,130.5,244,32820.44,21840.44
2025-12-01,HOSP_002,Executive Skyline Suite (Per Night),Hospitality & Stays,333.99,350.0,90.0,383.63,0.0,240,4.23,1148,97.58,0.0,Budget,Winter,12,0,Monday,1,0,30.0,25.23,35,11689.65,8539.65
2025-12-01,RIDE_001,Standard Urban Commute Ride (10 km),Rideshare & Mobility,24.27,24.5,8.0,23.34,0.0,724,4.69,1113,144.88,0.0,Standard,Winter,12,0,Monday,1,0,383.14,346.03,417,10120.59,6784.59
2025-12-01,RIDE_002,Premium Black Airport Transfer,Rideshare & Mobility,59.32,65.0,22.0,65.46,10.0,389,4.54,1193,98.49,0.0,Standard,Winter,12,0,Monday,1,0,137.14,120.63,134,7948.88,5000.88
2025-12-02,APP_001,Premium Merino Wool Sweater,Apparel & Fashion,73.1,79.99,28.0,82.52,5.0,493,4.78,1165,164.34,0.0,Budget,Winter,12,1,Tuesday,2,0,122.0,118.9,160,11696.0,7216.0
2025-12-02,APP_002,Breathable Performance Running Shoes,Apparel & Fashion,119.19,119.99,42.0,116.59,0.0,219,4.4,1061,161.76,0.0,Standard,Winter,12,1,Tuesday,2,0,159.43,155.57,169,20143.11,13045.11
2025-12-02,APP_003,Classic Waterproof Trench Coat,Apparel & Fashion,150.01,149.99,55.0,154.22,0.0,338,4.56,1136,133.61,0.0,Standard,Winter,12,1,Tuesday,2,0,77.71,57.9,48,7200.48,4560.48
2025-12-02,ELEC_001,Pro Wireless Noise-Cancelling Headphones,Electronics,207.29,199.99,85.0,205.97,0.0,585,4.82,1140,133.18,0.0,Premium,Winter,12,1,Tuesday,2,0,98.14,102.37,81,16790.49,9905.49
2025-12-02,ELEC_002,Ultra HD 4K Smart TV 55-inch,Electronics,532.86,549.99,280.0,547.18,0.0,374,4.72,1219,115.23,0.0,Standard,Winter,12,1,Tuesday,2,0,46.57,45.3,44,23445.84,11125.84
2025-12-02,ELEC_003,Smart Fitness Watch Gen-4,Electronics,135.66,129.99,50.0,130.6,0.0,160,4.53,1190,107.78,0.0,Standard,Winter,12,1,Tuesday,2,0,136.71,142.03,118,16007.88,10107.88
2025-12-02,ELEC_004,Ergonomic Mechanical Keyboard,Electronics,70.49,89.99,35.0,95.38,20.0,257,4.54,1155,114.68,0.0,Budget,Winter,12,1,Tuesday,2,0,109.14,95.1,165,11630.85,5855.85
2025-12-02,HOME_001,Espresso Machine & Milk Frother,Home & Living,156.83,159.99,65.0,151.84,0.0,541,4.57,1115,134.18,0.0,Standard,Winter,12,1,Tuesday,2,0,42.29,43.37,41,6430.03,3765.03
2025-12-02,HOME_002,Cordless Handheld Vacuum Cleaner,Home & Living,104.19,99.99,40.0,97.63,0.0,645,4.24,1152,57.65,0.0,Budget,Winter,12,1,Tuesday,2,0,76.0,71.93,63,6563.97,4043.97
2025-12-02,HOSP_001,Deluxe City Center King Room (Per Night),Hospitality & Stays,178.95,175.0,45.0,181.11,0.0,284,4.25,1172,106.92,0.0,Standard,Winter,12,1,Tuesday,2,0,168.57,132.87,170,30421.5,22771.5
2025-12-02,HOSP_002,Executive Skyline Suite (Per Night),Hospitality & Stays,292.03,350.0,90.0,382.54,15.0,192,4.31,1145,158.59,0.0,Budget,Winter,12,1,Tuesday,2,0,33.14,26.1,48,14017.44,9697.44
2025-12-02,RIDE_001,Standard Urban Commute Ride (10 km),Rideshare & Mobility,24.17,24.5,8.0,24.7,0.0,415,4.38,1162,174.5,0.0,Standard,Winter,12,1,Tuesday,2,0,385.86,346.43,309,7468.53,4996.53
2025-12-02,RIDE_002,Premium Black Airport Transfer,Rideshare & Mobility,67.35,65.0,22.0,63.27,0.0,286,4.88,1171,140.14,0.0,Budget,Winter,12,1,Tuesday,2,0,135.43,120.13,103,6937.05,4671.05
2025-12-03,APP_001,Premium Merino Wool Sweater,Apparel & Fashion,82.83,79.99,28.0,80.81,0.0,390,4.43,1263,121.96,0.0,Standard,Winter,12,2,Wednesday,3,0,119.29,118.7,103,8531.49,5647.49
2025-12-03,APP_002,Breathable Performance Running Shoes,Apparel & Fashion,124.37,119.99,42.0,125.93,0.0,526,4.08,1190,97.54,0.0,Standard,Winter,12,2,Wednesday,3,0,159.14,157.13,150,18655.5,12355.5
2025-12-03,APP_003,Classic Waterproof Trench Coat,Apparel & Fashion,153.43,149.99,55.0,155.98,0.0,294,4.21,1151,115.52,0.0,Standard,Winter,12,2,Wednesday,3,0,68.0,57.7,44,6750.92,4330.92
2025-12-03,ELEC_001,Pro Wireless Noise-Cancelling Headphones,Electronics,202.98,199.99,85.0,193.93,0.0,502,4.84,1257,130.84,0.0,Budget,Winter,12,2,Wednesday,3,0,96.14,102.13,83,16847.34,9792.34
2025-12-03,ELEC_002,Ultra HD 4K Smart TV 55-inch,Electronics,540.87,549.99,280.0,517.88,0.0,339,4.47,1172,146.32,0.0,Premium,Winter,12,2,Wednesday,3,0,45.71,45.3,35,18930.45,9130.45
2025-12-03,ELEC_003,Smart Fitness Watch Gen-4,Electronics,136.17,129.99,50.0,125.75,0.0,713,4.55,1129,123.8,0.0,Premium,Winter,12,2,Wednesday,3,0,122.86,140.7,83,11302.11,7152.11
2025-12-03,ELEC_004,Ergonomic Mechanical Keyboard,Electronics,80.53,89.99,35.0,88.8,10.0,146,4.14,1100,90.91,0.0,Budget,Winter,12,2,Wednesday,3,0,110.86,96.33,111,8938.83,5053.83
2025-12-03,HOME_001,Espresso Machine & Milk Frother,Home & Living,152.18,159.99,65.0,159.76,0.0,488,4.33,1142,125.77,0.0,Budget,Winter,12,2,Wednesday,3,0,43.29,44.1,53,8065.54,4620.54
2025-12-03,HOME_002,Cordless Handheld Vacuum Cleaner,Home & Living,103.5,99.99,40.0,108.19,0.0,583,4.05,1272,180.58,0.0,Standard,Winter,12,2,Wednesday,3,0,74.71,69.77,62,6417.0,3937.0
2025-12-03,HOSP_001,Deluxe City Center King Room (Per Night),Hospitality & Stays,172.86,175.0,45.0,173.4,0.0,605,4.75,1137,155.24,0.0,Budget,Winter,12,2,Wednesday,3,0,184.43,136.93,239,41313.54,30558.54
2025-12-03,HOSP_002,Executive Skyline Suite (Per Night),Hospitality & Stays,342.16,350.0,90.0,370.27,0.0,164,4.46,1214,166.0,0.0,Premium,Winter,12,2,Wednesday,3,0,34.29,26.37,28,9580.48,7060.48
2025-12-03,RIDE_001,Standard Urban Commute Ride (10 km),Rideshare & Mobility,24.99,24.5,8.0,25.02,0.0,149,4.31,1159,89.36,0.0,Premium,Winter,12,2,Wednesday,3,0,404.57,339.2,266,6647.34,4519.34
2025-12-03,RIDE_002,Premium Black Airport Transfer,Rideshare & Mobility,62.3,65.0,22.0,60.59,0.0,211,4.4,1145,177.35,0.0,Premium,Winter,12,2,Wednesday,3,0,129.71,118.77,75,4672.5,3022.5
2025-12-04,APP_001,Premium Merino Wool Sweater,Apparel & Fashion,77.78,79.99,28.0,82.86,0.0,264,4.28,1258,109.99,0.0,Standard,Winter,12,3,Thursday,4,0,118.0,120.13,126,9800.28,6272.28
2025-12-04,APP_002,Breathable Performance Running Shoes,Apparel & Fashion,120.06,119.99,42.0,110.87,0.0,412,4.29,1127,175.31,0.0,Premium,Winter,12,3,Thursday,4,0,149.71,156.2,114,13686.84,8898.84
2025-12-04,APP_003,Classic Waterproof Trench Coat,Apparel & Fashion,157.07,149.99,55.0,141.88,0.0,250,4.15,1088,117.63,0.0,Standard,Winter,12,3,Thursday,4,0,59.0,58.17,44,6911.08,4491.08
2025-12-04,ELEC_001,Pro Wireless Noise-Cancelling Headphones,Electronics,155.35,199.99,85.0,200.24,20.0,318,4.25,1078,179.49,0.0,Budget,Winter,12,3,Thursday,4,0,108.86,105.63,184,28584.4,12944.4
2025-12-04,ELEC_002,Ultra HD 4K Smart TV 55-inch,Electronics,403.55,549.99,280.0,525.75,25.0,230,4.79,1244,217.62,0.0,Standard,Winter,12,3,Thursday,4,0,52.43,47.53,109,43986.95,13466.95
2025-12-04,ELEC_003,Smart Fitness Watch Gen-4,Electronics,133.42,129.99,50.0,127.49,0.0,606,4.56,1148,143.01,0.0,Premium,Winter,12,3,Thursday,4,0,114.86,141.17,107,14275.94,8925.94
2025-12-04,ELEC_004,Ergonomic Mechanical Keyboard,Electronics,72.51,89.99,35.0,87.92,20.0,474,4.17,1172,112.31,0.0,Budget,Winter,12,3,Thursday,4,0,116.29,97.8,134,9716.34,5026.34
2025-12-04,HOME_001,Espresso Machine & Milk Frother,Home & Living,153.65,159.99,65.0,173.57,0.0,433,4.16,1182,167.88,0.0,Budget,Winter,12,3,Thursday,4,0,43.14,44.77,55,8450.75,4875.75
2025-12-04,HOME_002,Cordless Handheld Vacuum Cleaner,Home & Living,91.36,99.99,40.0,109.26,5.0,494,4.2,1116,200.18,0.0,Standard,Winter,12,3,Thursday,4,0,72.14,70.87,89,8131.04,4571.04
2025-12-04,HOSP_001,Deluxe City Center King Room (Per Night),Hospitality & Stays,173.97,175.0,45.0,176.22,0.0,455,4.22,1157,191.37,0.0,Premium,Winter,12,3,Thursday,4,0,192.29,135.0,150,26095.5,19345.5
2025-12-04,HOSP_002,Executive Skyline Suite (Per Night),Hospitality & Stays,344.0,350.0,90.0,359.36,0.0,136,4.09,1173,194.93,0.0,Premium,Winter,12,3,Thursday,4,0,34.86,26.57,28,9632.0,7112.0
2025-12-04,RIDE_001,Standard Urban Commute Ride (10 km),Rideshare & Mobility,25.27,24.5,8.0,24.52,0.0,677,4.12,1224,136.65,0.0,Standard,Winter,12,3,Thursday,4,0,325.0,340.03,149,3765.23,2573.23
2025-12-04,RIDE_002,Premium Black Airport Transfer,Rideshare & Mobility,66.25,65.0,22.0,68.05,0.0,100,4.77,1154,70.33,0.0,Budget,Winter,12,3,Thursday,4,0,132.71,119.37,111,7353.75,4911.75
2025-12-05,APP_001,Premium Merino Wool Sweater,Apparel & Fashion,75.14,79.99,28.0,81.62,10.0,149,4.15,1179,99.98,0.0,Premium,Winter,12,4,Friday,5,0,117.86,120.0,115,8641.1,5421.1
2025-12-05,APP_002,Breathable Performance Running Shoes,Apparel & Fashion,124.6,119.99,42.0,115.82,0.0,244,4.7,1134,141.04,0.0,Budget,Winter,12,4,Friday,5,0,150.71,157.7,168,20932.8,13876.8
2025-12-05,APP_003,Classic Waterproof Trench Coat,Apparel & Fashion,130.73,149.99,55.0,137.7,10.0,180,4.47,1211,128.2,0.0,Standard,Winter,12,4,Friday,5,0,60.86,58.7,70,9151.1,5301.1
2025-12-05,ELEC_001,Pro Wireless Noise-Cancelling Headphones,Electronics,204.93,199.99,85.0,214.87,0.0,233,4.65,1180,141.64,0.0,Premium,Winter,12,4,Friday,5,0,105.43,104.97,85,17419.05,10194.05
2025-12-05,ELEC_002,Ultra HD 4K Smart TV 55-inch,Electronics,528.91,549.99,280.0,522.22,0.0,188,4.59,1204,199.05,0.0,Standard,Winter,12,4,Friday,5,0,51.71,47.6,42,22214.22,10454.22
2025-12-05,ELEC_003,Smart Fitness Watch Gen-4,Electronics,129.31,129.99,50.0,134.48,0.0,467,4.7,1051,71.12,0.0,Budget,Winter,12,4,Friday,5,0,117.71,142.07,139,17974.09,11024.09
2025-12-05,ELEC_004,Ergonomic Mechanical Keyboard,Electronics,93.19,89.99,35.0,85.06,0.0,413,4.15,1214,134.5,0.0,Standard,Winter,12,4,Friday,5,0,109.57,97.4,61,5684.59,3549.59
2025-12-05,HOME_001,Espresso Machine & Milk Frother,Home & Living,158.26,159.99,65.0,167.92,0.0,384,4.78,1227,187.17,0.0,Budget,Winter,12,4,Friday,5,0,45.14,45.1,49,7754.74,4569.74
2025-12-05,HOME_002,Cordless Handheld Vacuum Cleaner,Home & Living,101.63,99.99,40.0,104.05,0.0,443,4.4,1170,98.01,0.0,Premium,Winter,12,4,Friday,5,0,67.14,70.4,51,5183.13,3143.13
2025-12-05,HOSP_001,Deluxe City Center King Room (Per Night),Hospitality & Stays,166.58,175.0,45.0,173.64,0.0,306,4.85,1193,112.05,0.0,Premium,Winter,12,4,Friday,5,0,198.14,134.87,149,24820.42,18115.42
2025-12-05,HOSP_002,Executive Skyline Suite (Per Night),Hospitality & Stays,359.17,350.0,90.0,322.54,0.0,112,4.37,1253,229.7,0.0,Premium,Winter,12,4,Friday,5,0,33.71,26.73,24,8620.08,6460.08
2025-12-05,RIDE_001,Standard Urban Commute Ride (10 km),Rideshare & Mobility,19.96,24.5,8.0,25.31,15.0,452,4.52,1104,187.58,0.0,Budget,Winter,12,4,Friday,5,0,352.86,353.33,677,13512.92,8096.92
2025-12-05,RIDE_002,Premium Black Airport Transfer,Rideshare & Mobility,63.39,65.0,22.0,67.62,0.0,703,4.15,1232,111.52,0.0,Budget,Winter,12,4,Friday,5,0,121.57,119.63,100,6339.0,4139.0
2025-12-06,APP_001,Premium Merino Wool Sweater,Apparel & Fashion,78.83,79.99,28.0,81.12,0.0,767,4.86,1141,131.6,0.0,Budget,Winter,12,5,Saturday,6,1,121.57,120.63,139,10957.37,7065.37
2025-12-06,APP_002,Breathable Performance Running Shoes,Apparel & Fashion,119.55,119.99,42.0,121.99,0.0,525,4.79,1218,161.08,0.0,Standard,Winter,12,5,Saturday,6,1,156.0,159.8,167,19964.85,12950.85
2025-12-06,APP_003,Classic Waterproof Trench Coat,Apparel & Fashion,154.59,149.99,55.0,155.89,0.0,126,4.33,1120,205.5,0.0,Budget,Winter,12,5,Saturday,6,1,60.57,59.27,54,8347.86,5377.86
2025-12-06,ELEC_001,Pro Wireless Noise-Cancelling Headphones,Electronics,204.84,199.99,85.0,218.69,0.0,135,4.07,1078,154.43,0.0,Budget,Winter,12,5,Saturday,6,1,100.71,105.57,98,20074.32,11744.32
2025-12-06,ELEC_002,Ultra HD 4K Smart TV 55-inch,Electronics,576.1,549.99,280.0,515.41,0.0,160,4.74,1168,143.51,0.0,Premium,Winter,12,5,Saturday,6,1,47.71,45.9,28,16130.8,8290.8
2025-12-06,ELEC_003,Smart Fitness Watch Gen-4,Electronics,125.42,129.99,50.0,130.57,0.0,325,4.59,1153,194.84,0.0,Standard,Winter,12,5,Saturday,6,1,120.29,143.33,142,17809.64,10709.64
2025-12-06,ELEC_004,Ergonomic Mechanical Keyboard,Electronics,70.38,89.99,35.0,92.93,25.0,281,4.63,1168,151.46,0.0,Budget,Winter,12,5,Saturday,6,1,108.0,95.4,132,9290.16,4670.16
2025-12-06,HOME_001,Espresso Machine & Milk Frother,Home & Living,156.88,159.99,65.0,162.51,0.0,334,4.54,1163,86.94,0.0,Budget,Winter,12,5,Saturday,6,1,48.14,45.2,50,7844.0,4594.0
2025-12-06,HOME_002,Cordless Handheld Vacuum Cleaner,Home & Living,103.37,99.99,40.0,100.89,0.0,390,4.71,1188,125.75,0.0,Premium,Winter,12,5,Saturday,6,1,66.29,69.4,53,5478.61,3358.61
2025-12-06,HOSP_001,Deluxe City Center King Room (Per Night),Hospitality & Stays,184.58,175.0,45.0,197.66,15.0,87,4.23,1230,147.81,0.0,Standard,Winter,12,5,Saturday,6,1,197.14,138.93,219,40423.02,30568.02
2025-12-06,HOSP_002,Executive Skyline Suite (Per Night),Hospitality & Stays,448.64,350.0,90.0,343.44,0.0,85,4.7,1234,177.2,0.0,Budget,Winter,12,5,Saturday,6,1,32.14,26.93,27,12113.28,9683.28
2025-12-06,RIDE_001,Standard Urban Commute Ride (10 km),Rideshare & Mobility,18.77,24.5,8.0,23.29,20.0,619,4.67,1185,157.76,0.0,Enterprise,Winter,12,5,Saturday,6,1,392.29,355.83,452,8484.04,4868.04
2025-12-06,RIDE_002,Premium Black Airport Transfer,Rideshare & Mobility,63.91,65.0,22.0,68.43,0.0,577,4.53,1189,175.13,0.0,Standard,Winter,12,5,Saturday,6,1,123.0,121.03,126,8052.66,5280.66
2025-12-07,APP_001,Premium Merino Wool Sweater,Apparel & Fashion,76.55,79.99,28.0,82.32,0.0,641,4.42,1163,114.6,0.0,Standard,Winter,12,6,Sunday,7,1,124.71,120.4,126,9645.3,6117.3
2025-12-07,APP_002,Breathable Performance Running Shoes,Apparel & Fashion,117.91,119.99,42.0,119.73,5.0,369,4.84,1229,174.01,0.0,Standard,Winter,12,6,Sunday,7,1,155.57,159.33,156,18393.96,11841.96
2025-12-07,APP_003,Classic Waterproof Trench Coat,Apparel & Fashion,149.32,149.99,55.0,158.44,0.0,513,4.63,1197,143.15,0.0,Budget,Winter,12,6,Sunday,7,1,58.29,59.6,56,8361.92,5281.92
2025-12-07,ELEC_001,Pro Wireless Noise-Cancelling Headphones,Electronics,197.46,199.99,85.0,205.6,0.0,468,4.24,1210,120.46,0.0,Premium,Winter,12,6,Sunday,7,1,98.0,105.23,72,14217.12,8097.12
2025-12-07,ELEC_002,Ultra HD 4K Smart TV 55-inch,Electronics,570.55,549.99,280.0,608.34,0.0,124,4.45,1181,72.98,0.0,Standard,Winter,12,6,Sunday,7,1,47.57,45.6,36,20539.8,10459.8
2025-12-07,ELEC_003,Smart Fitness Watch Gen-4,Electronics,136.27,129.99,50.0,133.3,0.0,219,4.25,1237,139.19,0.0,Budget,Winter,12,6,Sunday,7,1,116.14,143.6,106,14444.62,9144.62
2025-12-07,ELEC_004,Ergonomic Mechanical Keyboard,Electronics,93.86,89.99,35.0,93.35,0.0,220,4.62,1281,109.08,0.0,Premium,Winter,12,6,Sunday,7,1,106.0,94.93,61,5725.46,3590.46
2025-12-07,HOME_001,Espresso Machine & Milk Frother,Home & Living,114.99,159.99,65.0,165.64,25.0,241,4.69,1195,108.09,0.0,Standard,Winter,12,6,Sunday,7,1,54.43,46.57,93,10694.07,4649.07
2025-12-07,HOME_002,Cordless Handheld Vacuum Cleaner,Home & Living,98.16,99.99,40.0,101.51,0.0,334,4.02,1063,170.95,0.0,Premium,Winter,12,6,Sunday,7,1,65.29,69.03,56,5496.96,3256.96
2025-12-07,HOSP_001,Deluxe City Center King Room (Per Night),Hospitality & Stays,201.22,175.0,45.0,176.01,0.0,436,4.7,1155,58.63,0.0,Enterprise,Winter,12,6,Sunday,7,1,179.71,138.93,87,17506.14,13591.14
2025-12-07,HOSP_002,Executive Skyline Suite (Per Night),Hospitality & Stays,388.22,350.0,90.0,369.02,0.0,572,4.64,1260,88.28,0.0,Enterprise,Winter,12,6,Sunday,7,1,30.43,27.03,23,8929.06,6859.06
2025-12-07,RIDE_001,Standard Urban Commute Ride (10 km),Rideshare & Mobility,25.08,24.5,8.0,24.51,0.0,136,4.8,1236,190.37,0.0,Budget,Winter,12,6,Sunday,7,1,393.29,367.43,483,12113.64,8249.64
2025-12-07,RIDE_002,Premium Black Airport Transfer,Rideshare & Mobility,49.7,65.0,22.0,60.34,20.0,403,4.4,1201,184.46,0.0,Premium,Winter,12,6,Sunday,7,1,117.57,124.13,174,8647.8,4819.8
2025-12-08,APP_001,Premium Merino Wool Sweater,Apparel & Fashion,81.62,79.99,28.0,81.53,0.0,545,4.12,1084,172.69,0.0,Premium,Winter,12,0,Monday,8,0,123.57,119.33,96,7835.52,5147.52
2025-12-08,APP_002,Breathable Performance Running Shoes,Apparel & Fashion,123.48,119.99,42.0,126.9,0.0,192,4.28,1195,140.14,0.0,Budget,Winter,12,0,Monday,8,0,157.29,159.77,177,21855.96,14421.96
2025-12-08,APP_003,Classic Waterproof Trench Coat,Apparel & Fashion,152.74,149.99,55.0,135.81,0.0,464,4.56,1222,211.31,0.0,Standard,Winter,12,0,Monday,8,0,52.14,59.27,49,7484.26,4789.26
2025-12-08,ELEC_001,Pro Wireless Noise-Cancelling Headphones,Electronics,152.65,199.99,85.0,201.74,25.0,276,4.75,1331,166.8,0.0,Standard,Winter,12,0,Monday,8,0,113.57,108.57,192,29308.8,12988.8
2025-12-08,ELEC_002,Ultra HD 4K Smart TV 55-inch,Electronics,532.24,549.99,280.0,522.85,0.0,663,4.63,1139,135.97,0.0,Standard,Winter,12,0,Monday,8,0,49.29,45.43,51,27144.24,12864.24
2025-12-08,ELEC_003,Smart Fitness Watch Gen-4,Electronics,132.02,129.99,50.0,130.38,0.0,106,4.45,1198,153.65,0.0,Standard,Winter,12,0,Monday,8,0,115.43,143.07,113,14918.26,9268.26
2025-12-08,ELEC_004,Ergonomic Mechanical Keyboard,Electronics,90.07,89.99,35.0,87.96,0.0,140,4.11,1161,156.62,0.0,Standard,Winter,12,0,Monday,8,0,106.29,94.67,80,7205.6,4405.6
2025-12-08,HOME_001,Espresso Machine & Milk Frother,Home & Living,164.16,159.99,65.0,164.86,0.0,200,4.81,1129,145.41,0.0,Premium,Winter,12,0,Monday,8,0,54.57,46.5,41,6730.56,4065.56
2025-12-08,HOME_002,Cordless Handheld Vacuum Cleaner,Home & Living,102.97,99.99,40.0,93.36,0.0,274,4.47,1121,163.72,0.0,Standard,Winter,12,0,Monday,8,0,62.0,68.03,60,6178.2,3778.2
2025-12-08,HOSP_001,Deluxe City Center King Room (Per Night),Hospitality & Stays,149.53,175.0,45.0,177.78,15.0,187,4.08,1239,197.76,0.0,Premium,Winter,12,0,Monday,8,0,180.43,144.0,249,37232.97,26027.97
2025-12-08,HOSP_002,Executive Skyline Suite (Per Night),Hospitality & Stays,338.16,350.0,90.0,338.85,0.0,537,4.76,1141,194.9,0.0,Standard,Winter,12,0,Monday,8,0,30.43,27.5,35,11835.6,8685.6
2025-12-08,RIDE_001,Standard Urban Commute Ride (10 km),Rideshare & Mobility,23.85,24.5,8.0,25.38,0.0,689,4.47,1161,108.11,0.0,Standard,Winter,12,0,Monday,8,0,353.14,352.93,136,3243.6,2155.6
2025-12-08,RIDE_002,Premium Black Airport Transfer,Rideshare & Mobility,64.99,65.0,22.0,63.03,0.0,301,4.06,1205,142.37,0.0,Standard,Winter,12,0,Monday,8,0,113.0,121.97,102,6628.98,4384.98
2025-12-09,APP_001,Premium Merino Wool Sweater,Apparel & Fashion,79.5,79.99,28.0,83.8,0.0,444,4.34,1177,156.55,0.0,Premium,Winter,12,1,Tuesday,9,0,115.14,118.73,101,8029.5,5201.5
2025-12-09,APP_002,Breathable Performance Running Shoes,Apparel & Fashion,98.41,119.99,42.0,111.94,20.0,636,4.71,1154,212.57,0.0,Enterprise,Winter,12,1,Tuesday,9,0,158.29,160.53,176,17320.16,9928.16
2025-12-09,APP_003,Classic Waterproof Trench Coat,Apparel & Fashion,145.7,149.99,55.0,147.53,5.0,403,4.43,1223,197.89,0.0,Budget,Winter,12,1,Tuesday,9,0,54.0,59.57,61,8887.7,5532.7
2025-12-09,ELEC_001,Pro Wireless Noise-Cancelling Headphones,Electronics,193.58,199.99,85.0,188.96,0.0,174,4.62,1201,133.31,0.0,Budget,Winter,12,1,Tuesday,9,0,116.57,109.83,102,19745.16,11075.16
2025-12-09,ELEC_002,Ultra HD 4K Smart TV 55-inch,Electronics,554.48,549.99,280.0,540.89,0.0,627,4.48,1158,81.63,0.0,Premium,Winter,12,1,Tuesday,9,0,48.14,45.63,36,19961.28,9881.28
2025-12-09,ELEC_003,Smart Fitness Watch Gen-4,Electronics,126.37,129.99,50.0,139.69,0.0,496,4.15,1159,191.21,0.0,Premium,Winter,12,1,Tuesday,9,0,113.71,142.77,106,13395.22,8095.22
2025-12-09,ELEC_004,Ergonomic Mechanical Keyboard,Electronics,89.29,89.99,35.0,89.24,0.0,738,4.12,1163,162.06,0.0,Standard,Winter,12,1,Tuesday,9,0,93.86,94.47,78,6964.62,4234.62
2025-12-09,HOME_001,Espresso Machine & Milk Frother,Home & Living,167.66,159.99,65.0,161.36,0.0,177,4.23,1196,141.44,0.0,Enterprise,Winter,12,1,Tuesday,9,0,52.0,44.73,23,3856.18,2361.18
2025-12-09,HOME_002,Cordless Handheld Vacuum Cleaner,Home & Living,98.38,99.99,40.0,106.37,0.0,208,4.89,1158,72.28,0.0,Standard,Winter,12,1,Tuesday,9,0,62.43,65.77,66,6493.08,3853.08
2025-12-09,HOSP_001,Deluxe City Center King Room (Per Night),Hospitality & Stays,168.64,175.0,45.0,172.67,0.0,484,4.61,1157,143.13,0.0,Premium,Winter,12,1,Tuesday,9,0,178.86,145.67,159,26813.76,19658.76
2025-12-09,HOSP_002,Executive Skyline Suite (Per Night),Hospitality & Stays,349.88,350.0,90.0,391.5,0.0,500,4.49,1203,137.27,0.0,Budget,Winter,12,1,Tuesday,9,0,28.86,28.03,37,12945.56,9615.56
2025-12-09,RIDE_001,Standard Urban Commute Ride (10 km),Rideshare & Mobility,19.94,24.5,8.0,23.19,20.0,122,4.45,1142,125.18,0.0,Standard,Winter,12,1,Tuesday,9,0,390.0,358.43,567,11305.98,6769.98
2025-12-09,RIDE_002,Premium Black Airport Transfer,Rideshare & Mobility,67.66,65.0,22.0,60.0,0.0,205,4.51,1176,216.49,0.0,Budget,Winter,12,1,Tuesday,9,0,112.0,121.8,96,6495.36,4383.36
2025-12-10,APP_001,Premium Merino Wool Sweater,Apparel & Fashion,73.22,79.99,28.0,81.86,10.0,299,4.33,1249,172.62,0.0,Standard,Winter,12,2,Wednesday,10,0,121.14,116.47,145,10616.9,6556.9
2025-12-10,APP_002,Breathable Performance Running Shoes,Apparel & Fashion,122.33,119.99,42.0,116.47,0.0,523,4.86,1285,212.98,0.0,Premium,Winter,12,2,Wednesday,10,0,153.0,159.57,113,13823.29,9077.29
2025-12-10,APP_003,Classic Waterproof Trench Coat,Apparel & Fashion,156.45,149.99,55.0,154.39,0.0,353,4.62,1170,93.18,0.0,Budget,Winter,12,2,Wednesday,10,0,54.86,59.17,50,7822.5,5072.5
2025-12-10,ELEC_001,Pro Wireless Noise-Cancelling Headphones,Electronics,187.05,199.99,85.0,201.11,5.0,567,4.37,1273,172.9,0.0,Budget,Winter,12,2,Wednesday,10,0,122.0,111.87,121,22633.05,12348.05
2025-12-10,ELEC_002,Ultra HD 4K Smart TV 55-inch,Electronics,459.2,549.99,280.0,521.78,20.0,553,4.28,1189,164.42,0.0,Budget,Winter,12,2,Wednesday,10,0,53.71,46.93,74,33980.8,13260.8
2025-12-10,ELEC_003,Smart Fitness Watch Gen-4,Electronics,126.98,129.99,50.0,119.77,0.0,352,4.48,1157,139.64,0.0,Standard,Winter,12,2,Wednesday,10,0,122.43,143.93,144,18285.12,11085.12
2025-12-10,ELEC_004,Ergonomic Mechanical Keyboard,Electronics,93.35,89.99,35.0,87.69,0.0,665,4.05,1229,140.51,0.0,Standard,Winter,12,2,Wednesday,10,0,88.43,94.63,73,6814.55,4259.55
2025-12-10,HOME_001,Espresso Machine & Milk Frother,Home & Living,167.93,159.99,65.0,162.02,0.0,152,4.56,1161,105.84,0.0,Enterprise,Winter,12,2,Wednesday,10,0,48.0,43.73,25,4198.25,2573.25
2025-12-10,HOME_002,Cordless Handheld Vacuum Cleaner,Home & Living,103.69,99.99,40.0,102.93,0.0,139,4.3,1161,150.12,0.0,Budget,Winter,12,2,Wednesday,10,0,63.43,65.63,69,7154.61,4394.61
2025-12-10,HOSP_001,Deluxe City Center King Room (Per Night),Hospitality & Stays,179.52,175.0,45.0,169.62,0.0,314,4.54,1233,170.62,0.0,Budget,Winter,12,2,Wednesday,10,0,169.0,148.0,170,30518.4,22868.4
2025-12-10,HOSP_002,Executive Skyline Suite (Per Night),Hospitality & Stays,350.68,350.0,90.0,342.39,0.0,470,4.89,1136,94.66,0.0,Standard,Winter,12,2,Wednesday,10,0,29.14,28.23,30,10520.4,7820.4
2025-12-10,RIDE_001,Standard Urban Commute Ride (10 km),Rideshare & Mobility,24.44,24.5,8.0,24.42,0.0,517,4.1,1125,147.88,0.0,Premium,Winter,12,2,Wednesday,10,0,369.43,347.8,122,2981.68,2005.68
2025-12-10,RIDE_002,Premium Black Airport Transfer,Rideshare & Mobility,67.07,65.0,22.0,65.53,0.0,95,4.57,1228,203.56,0.0,Budget,Winter,12,2,Wednesday,10,0,117.0,123.1,110,7377.7,4957.7
2025-12-11,APP_001,Premium Merino Wool Sweater,Apparel & Fashion,74.6,79.99,28.0,84.85,5.0,130,4.77,1225,173.11,0.0,Budget,Winter,12,3,Thursday,11,0,127.29,118.17,169,12607.4,7875.4
2025-12-11,APP_002,Breathable Performance Running Shoes,Apparel & Fashion,124.48,119.99,42.0,104.31,0.0,393,4.67,1284,143.28,0.0,Standard,Winter,12,3,Thursday,11,0,155.29,157.3,130,16182.4,10722.4
2025-12-11,APP_003,Classic Waterproof Trench Coat,Apparel & Fashion,123.17,149.99,55.0,143.99,15.0,262,4.87,1215,127.16,0.0,Budget,Winter,12,3,Thursday,11,0,61.57,60.67,91,11208.47,6203.47
2025-12-11,ELEC_001,Pro Wireless Noise-Cancelling Headphones,Electronics,194.9,199.99,85.0,201.05,0.0,470,4.05,1111,94.9,0.0,Budget,Winter,12,3,Thursday,11,0,109.57,111.87,97,18905.3,10660.3
2025-12-11,ELEC_002,Ultra HD 4K Smart TV 55-inch,Electronics,550.08,549.99,280.0,526.77,0.0,516,4.65,1220,141.01,0.0,Standard,Winter,12,3,Thursday,11,0,43.43,46.87,37,20352.96,9992.96
2025-12-11,ELEC_003,Smart Fitness Watch Gen-4,Electronics,130.53,129.99,50.0,129.41,0.0,211,4.61,1114,125.45,0.0,Standard,Winter,12,3,Thursday,11,0,127.29,140.37,141,18404.73,11354.73
2025-12-11,ELEC_004,Ergonomic Mechanical Keyboard,Electronics,86.4,89.99,35.0,96.19,0.0,563,4.31,1295,204.23,0.0,Budget,Winter,12,3,Thursday,11,0,83.86,95.37,102,8812.8,5242.8
2025-12-11,HOME_001,Espresso Machine & Milk Frother,Home & Living,153.52,159.99,65.0,148.84,0.0,120,4.23,1228,168.02,0.0,Enterprise,Winter,12,3,Thursday,11,0,44.71,43.37,32,4912.64,2832.64
2025-12-11,HOME_002,Cordless Handheld Vacuum Cleaner,Home & Living,97.02,99.99,40.0,97.09,0.0,713,4.51,1156,197.75,0.0,Premium,Winter,12,3,Thursday,11,0,59.29,65.9,60,5821.2,3421.2
2025-12-11,HOSP_001,Deluxe City Center King Room (Per Night),Hospitality & Stays,171.05,175.0,45.0,188.43,5.0,149,4.45,1234,59.73,0.0,Premium,Winter,12,3,Thursday,11,0,171.14,149.87,165,28223.25,20798.25
2025-12-11,HOSP_002,Executive Skyline Suite (Per Night),Hospitality & Stays,365.17,350.0,90.0,372.38,0.0,442,4.56,1171,222.76,0.0,Premium,Winter,12,3,Thursday,11,0,29.14,28.2,28,10224.76,7704.76
2025-12-11,RIDE_001,Standard Urban Commute Ride (10 km),Rideshare & Mobility,24.38,24.5,8.0,25.94,0.0,85,4.04,1100,211.31,0.0,Budget,Winter,12,3,Thursday,11,0,409.86,354.9,432,10532.16,7076.16
2025-12-11,RIDE_002,Premium Black Airport Transfer,Rideshare & Mobility,65.27,65.0,22.0,66.35,0.0,664,4.16,1182,197.25,0.0,Standard,Winter,12,3,Thursday,11,0,113.86,123.37,89,5809.03,3851.03
2025-12-12,APP_001,Premium Merino Wool Sweater,Apparel & Fashion,82.77,79.99,28.0,68.71,0.0,605,4.44,1231,161.65,0.0,Standard,Winter,12,4,Friday,12,0,126.71,119.63,111,9187.47,6079.47
2025-12-12,APP_002,Breathable Performance Running Shoes,Apparel & Fashion,117.02,119.99,42.0,120.42,5.0,233,4.74,1205,84.16,0.0,Standard,Winter,12,4,Friday,12,0,154.14,158.53,160,18723.2,12003.2
2025-12-12,APP_003,Classic Waterproof Trench Coat,Apparel & Fashion,111.32,149.99,55.0,181.1,25.0,117,4.8,1148,63.88,0.0,Budget,Winter,12,4,Friday,12,0,72.29,63.87,145,16141.4,8166.4
2025-12-12,ELEC_001,Pro Wireless Noise-Cancelling Headphones,Electronics,198.31,199.99,85.0,201.12,0.0,373,4.39,1212,224.84,0.0,Standard,Winter,12,4,Friday,12,0,111.29,111.3,97,19236.07,10991.07
2025-12-12,ELEC_002,Ultra HD 4K Smart TV 55-inch,Electronics,421.12,549.99,280.0,586.31,20.0,431,4.31,1198,133.63,0.0,Premium,Winter,12,4,Friday,12,0,49.57,48.37,85,35795.2,11995.2
2025-12-12,ELEC_003,Smart Fitness Watch Gen-4,Electronics,133.2,129.99,50.0,121.08,0.0,653,4.82,1224,115.16,0.0,Budget,Winter,12,4,Friday,12,0,127.57,140.8,141,18781.2,11731.2
2025-12-12,ELEC_004,Ergonomic Mechanical Keyboard,Electronics,68.3,89.99,35.0,88.09,25.0,445,4.03,1253,208.22,0.0,Standard,Winter,12,4,Friday,12,0,92.0,96.47,118,8059.4,3929.4
2025-12-12,HOME_001,Espresso Machine & Milk Frother,Home & Living,167.09,159.99,65.0,149.05,0.0,80,4.59,1240,173.69,0.0,Budget,Winter,12,4,Friday,12,0,43.43,43.7,40,6683.6,4083.6
2025-12-12,HOME_002,Cordless Handheld Vacuum Cleaner,Home & Living,104.71,99.99,40.0,102.57,0.0,678,4.17,1141,220.18,0.0,Enterprise,Winter,12,4,Friday,12,0,57.0,65.73,35,3664.85,2264.85
2025-12-12,HOSP_001,Deluxe City Center King Room (Per Night),Hospitality & Stays,178.77,175.0,45.0,169.53,0.0,494,4.59,1176,146.09,0.0,Standard,Winter,12,4,Friday,12,0,171.14,152.17,149,26636.73,19931.73
2025-12-12,HOSP_002,Executive Skyline Suite (Per Night),Hospitality & Stays,333.7,350.0,90.0,345.03,0.0,412,4.33,1214,225.42,0.0,Premium,Winter,12,4,Friday,12,0,30.0,28.43,30,10011.0,7311.0
2025-12-12,RIDE_001,Standard Urban Commute Ride (10 km),Rideshare & Mobility,24.63,24.5,8.0,25.25,0.0,711,4.45,1249,97.97,0.0,Standard,Winter,12,4,Friday,12,0,325.29,346.13,85,2093.55,1413.55
2025-12-12,RIDE_002,Premium Black Airport Transfer,Rideshare & Mobility,65.71,65.0,22.0,63.72,0.0,554,4.64,1202,80.21,0.0,Standard,Winter,12,4,Friday,12,0,115.29,124.3,110,7228.1,4808.1
2025-12-13,APP_001,Premium Merino Wool Sweater,Apparel & Fashion,77.44,79.99,28.0,77.04,0.0,500,4.08,1224,116.15,0.0,Standard,Winter,12,5,Saturday,13,1,121.86,120.4,105,8131.2,5191.2
2025-12-13,APP_002,Breathable Performance Running Shoes,Apparel & Fashion,121.96,119.99,42.0,111.84,0.0,585,4.06,1173,179.33,0.0,Budget,Winter,12,5,Saturday,13,1,153.86,158.57,165,20123.4,13193.4
2025-12-13,APP_003,Classic Waterproof Trench Coat,Apparel & Fashion,143.79,149.99,55.0,147.16,0.0,825,4.26,1179,148.63,0.0,Standard,Winter,12,5,Saturday,13,1,72.43,64.07,55,7908.45,4883.45
2025-12-13,ELEC_001,Pro Wireless Noise-Cancelling Headphones,Electronics,207.4,199.99,85.0,199.99,0.0,290,4.57,1127,109.44,0.0,Standard,Winter,12,5,Saturday,13,1,109.14,110.2,83,17214.2,10159.2
2025-12-13,ELEC_002,Ultra HD 4K Smart TV 55-inch,Electronics,526.3,549.99,280.0,570.78,0.0,383,4.41,1196,92.31,0.0,Standard,Winter,12,5,Saturday,13,1,52.43,48.3,48,25262.4,11822.4
2025-12-13,ELEC_003,Smart Fitness Watch Gen-4,Electronics,105.29,129.99,50.0,125.39,20.0,438,4.74,1302,131.62,0.0,Budget,Winter,12,5,Saturday,13,1,138.0,142.93,215,22637.35,11887.35
2025-12-13,ELEC_004,Ergonomic Mechanical Keyboard,Electronics,94.07,89.99,35.0,89.21,0.0,377,4.21,1092,211.54,0.0,Standard,Winter,12,5,Saturday,13,1,82.86,96.0,68,6396.76,4016.76
2025-12-13,HOME_001,Espresso Machine & Milk Frother,Home & Living,154.59,159.99,65.0,142.79,0.0,772,4.59,1205,130.82,0.0,Standard,Winter,12,5,Saturday,13,1,42.29,43.67,42,6492.78,3762.78
2025-12-13,HOME_002,Cordless Handheld Vacuum Cleaner,Home & Living,97.52,99.99,40.0,95.79,0.0,614,4.74,1112,160.83,0.0,Standard,Winter,12,5,Saturday,13,1,58.57,66.3,64,6241.28,3681.28
2025-12-13,HOSP_001,Deluxe City Center King Room (Per Night),Hospitality & Stays,221.37,175.0,45.0,172.56,0.0,353,4.83,1135,151.21,0.0,Budget,Winter,12,5,Saturday,13,1,160.0,151.2,141,31213.17,24868.17
2025-12-13,HOSP_002,Executive Skyline Suite (Per Night),Hospitality & Stays,384.19,350.0,90.0,327.77,0.0,376,4.08,1208,121.99,0.0,Standard,Winter,12,5,Saturday,13,1,31.29,28.87,36,13830.84,10590.84
2025-12-13,RIDE_001,Standard Urban Commute Ride (10 km),Rideshare & Mobility,18.55,24.5,8.0,24.25,25.0,726,4.15,1262,136.34,0.0,Premium,Winter,12,5,Saturday,13,1,362.29,363.0,711,13189.05,7501.05
2025-12-13,RIDE_002,Premium Black Airport Transfer,Rideshare & Mobility,66.71,65.0,22.0,60.9,0.0,463,4.43,1163,184.58,0.0,Premium,Winter,12,5,Saturday,13,1,110.29,124.1,91,6070.61,4068.61
2025-12-14,APP_001,Premium Merino Wool Sweater,Apparel & Fashion,80.52,79.99,28.0,78.04,0.0,384,4.02,1340,151.07,0.0,Budget,Winter,12,6,Sunday,14,1,120.43,120.47,116,9340.32,6092.32
2025-12-14,APP_002,Breathable Performance Running Shoes,Apparel & Fashion,104.32,119.99,42.0,127.61,15.0,440,4.62,1209,218.55,0.0,Enterprise,Winter,12,6,Sunday,14,1,152.29,158.47,145,15126.4,9036.4
2025-12-14,APP_003,Classic Waterproof Trench Coat,Apparel & Fashion,136.0,149.99,55.0,143.79,5.0,756,4.65,1135,160.64,0.0,Standard,Winter,12,6,Sunday,14,1,74.29,62.97,69,9384.0,5589.0
2025-12-14,ELEC_001,Pro Wireless Noise-Cancelling Headphones,Electronics,180.21,199.99,85.0,196.63,10.0,184,4.1,1154,179.96,0.0,Premium,Winter,12,6,Sunday,14,1,114.0,110.4,106,19102.26,10092.26
2025-12-14,ELEC_002,Ultra HD 4K Smart TV 55-inch,Electronics,560.85,549.99,280.0,519.83,0.0,348,4.08,1229,80.87,0.0,Standard,Winter,12,6,Sunday,14,1,52.29,47.83,35,19629.75,9829.75
2025-12-14,ELEC_003,Smart Fitness Watch Gen-4,Electronics,128.3,129.99,50.0,133.06,0.0,314,4.06,1181,155.65,0.0,Standard,Winter,12,6,Sunday,14,1,140.57,142.33,124,15909.2,9709.2
2025-12-14,ELEC_004,Ergonomic Mechanical Keyboard,Electronics,90.82,89.99,35.0,94.18,0.0,295,4.09,1128,183.59,0.0,Standard,Winter,12,6,Sunday,14,1,85.86,96.3,82,7447.24,4577.24
2025-12-14,HOME_001,Espresso Machine & Milk Frother,Home & Living,163.34,159.99,65.0,160.72,0.0,729,4.79,1133,87.37,0.0,Budget,Winter,12,6,Sunday,14,1,35.14,43.73,43,7023.62,4228.62
2025-12-14,HOME_002,Cordless Handheld Vacuum Cleaner,Home & Living,99.44,99.99,40.0,99.76,0.0,553,4.11,1112,170.53,0.0,Standard,Winter,12,6,Sunday,14,1,59.29,66.83,61,6065.84,3625.84
2025-12-14,HOSP_001,Deluxe City Center King Room (Per Night),Hospitality & Stays,163.6,175.0,45.0,170.19,20.0,600,4.72,1224,243.92,0.0,Standard,Winter,12,6,Sunday,14,1,190.71,157.43,302,49407.2,35817.2
2025-12-14,HOSP_002,Executive Skyline Suite (Per Night),Hospitality & Stays,437.02,350.0,90.0,337.06,0.0,343,4.49,1190,123.05,0.0,Budget,Winter,12,6,Sunday,14,1,32.71,29.17,33,14421.66,11451.66
2025-12-14,RIDE_001,Standard Urban Commute Ride (10 km),Rideshare & Mobility,19.59,24.5,8.0,24.4,20.0,529,4.72,1128,185.63,0.0,Standard,Winter,12,6,Sunday,14,1,397.0,373.13,726,14222.34,8414.34
2025-12-14,RIDE_002,Premium Black Airport Transfer,Rideshare & Mobility,62.13,65.0,22.0,58.56,0.0,311,4.62,1141,130.5,0.0,Budget,Winter,12,6,Sunday,14,1,107.14,124.97,152,9443.76,6099.76
2025-12-15,APP_001,Premium Merino Wool Sweater,Apparel & Fashion,87.83,79.99,28.0,74.35,10.0,253,4.49,1296,200.73,0.45,Standard,Winter,12,0,Monday,15,0,125.43,121.6,131,11505.73,7837.73
2025-12-15,APP_002,Breathable Performance Running Shoes,Apparel & Fashion,109.37,119.99,42.0,115.07,20.0,169,4.12,1155,310.8,0.45,Standard,Winter,12,0,Monday,15,0,165.71,162.83,271,29639.27,18257.27
2025-12-15,APP_003,Classic Waterproof Trench Coat,Apparel & Fashion,178.91,149.99,55.0,140.89,5.0,720,4.39,1191,175.27,0.45,Standard,Winter,12,0,Monday,15,0,72.43,62.2,36,6440.76,4460.76
2025-12-15,ELEC_001,Pro Wireless Noise-Cancelling Headphones,Electronics,235.04,199.99,85.0,210.27,0.0,91,4.2,1212,263.12,0.45,Standard,Winter,12,0,Monday,15,0,99.86,110.27,93,21858.72,13953.72
2025-12-15,ELEC_002,Ultra HD 4K Smart TV 55-inch,Electronics,618.03,549.99,280.0,512.89,0.0,303,4.53,1180,153.71,0.45,Budget,Winter,12,0,Monday,15,0,51.43,47.97,45,27811.35,15211.35
2025-12-15,ELEC_003,Smart Fitness Watch Gen-4,Electronics,149.81,129.99,50.0,129.39,0.0,198,4.23,1130,166.72,0.45,Budget,Winter,12,0,Monday,15,0,141.0,141.7,116,17377.96,11577.96
2025-12-15,ELEC_004,Ergonomic Mechanical Keyboard,Electronics,92.77,89.99,35.0,84.78,0.0,191,4.82,1109,243.84,0.45,Standard,Winter,12,0,Monday,15,0,89.29,96.33,104,9648.08,6008.08
2025-12-15,HOME_001,Espresso Machine & Milk Frother,Home & Living,164.13,159.99,65.0,158.95,0.0,686,4.53,1202,197.62,0.45,Standard,Winter,12,0,Monday,15,0,35.43,43.3,43,7057.59,4262.59
2025-12-15,HOME_002,Cordless Handheld Vacuum Cleaner,Home & Living,122.59,99.99,40.0,109.28,0.0,501,4.09,1104,326.46,0.45,Premium,Winter,12,0,Monday,15,0,58.14,66.3,52,6374.68,4294.68
2025-12-15,HOSP_001,Deluxe City Center King Room (Per Night),Hospitality & Stays,155.0,175.0,45.0,168.17,20.0,256,4.16,1152,200.03,0.45,Budget,Winter,12,0,Monday,15,0,204.29,165.5,344,53320.0,37840.0
2025-12-15,HOSP_002,Executive Skyline Suite (Per Night),Hospitality & Stays,335.07,350.0,90.0,364.18,15.0,299,4.8,1187,194.47,0.45,Premium,Winter,12,0,Monday,15,0,34.0,29.77,44,14743.08,10783.08
2025-12-15,RIDE_001,Standard Urban Commute Ride (10 km),Rideshare & Mobility,25.51,24.5,8.0,24.7,15.0,773,4.83,1194,229.17,0.45,Budget,Winter,12,0,Monday,15,0,453.14,378.27,529,13494.79,9262.79
2025-12-15,RIDE_002,Premium Black Airport Transfer,Rideshare & Mobility,73.44,65.0,22.0,65.25,0.0,179,4.16,1182,39.41,0.45,Standard,Winter,12,0,Monday,15,0,111.43,123.37,132,9694.08,6790.08
2025-12-16,APP_001,Premium Merino Wool Sweater,Apparel & Fashion,84.65,79.99,28.0,73.78,0.0,118,4.34,1248,245.98,0.45,Standard,Winter,12,1,Tuesday,16,0,130.29,121.97,135,11427.75,7647.75
2025-12-16,APP_002,Breathable Performance Running Shoes,Apparel & Fashion,132.17,119.99,42.0,130.73,0.0,401,4.64,1235,261.96,0.45,Standard,Winter,12,1,Tuesday,16,0,164.71,164.1,169,22336.73,15238.73
2025-12-16,APP_003,Classic Waterproof Trench Coat,Apparel & Fashion,175.87,149.99,55.0,160.49,0.0,662,4.86,1235,189.64,0.45,Standard,Winter,12,1,Tuesday,16,0,72.0,62.23,58,10200.46,7010.46
2025-12-16,ELEC_001,Pro Wireless Noise-Cancelling Headphones,Electronics,237.69,199.99,85.0,210.5,0.0,562,4.11,1239,240.98,0.45,Standard,Winter,12,1,Tuesday,16,0,96.0,108.67,75,17826.75,11451.75
2025-12-16,ELEC_002,Ultra HD 4K Smart TV 55-inch,Electronics,658.95,549.99,280.0,561.96,0.0,273,4.72,1281,197.48,0.45,Premium,Winter,12,1,Tuesday,16,0,50.57,47.63,30,19768.5,11368.5
2025-12-16,ELEC_003,Smart Fitness Watch Gen-4,Electronics,147.47,129.99,50.0,138.78,0.0,453,4.03,1188,169.71,0.45,Standard,Winter,12,1,Tuesday,16,0,147.57,143.37,152,22415.44,14815.44
2025-12-16,ELEC_004,Ergonomic Mechanical Keyboard,Electronics,100.7,89.99,35.0,87.66,0.0,115,4.82,1189,263.16,0.45,Premium,Winter,12,1,Tuesday,16,0,89.0,96.47,76,7653.2,4993.2
2025-12-16,HOME_001,Espresso Machine & Milk Frother,Home & Living,176.22,159.99,65.0,153.77,0.0,638,4.6,1150,183.07,0.45,Standard,Winter,12,1,Tuesday,16,0,39.0,43.77,48,8458.56,5338.56
2025-12-16,HOME_002,Cordless Handheld Vacuum Cleaner,Home & Living,119.4,99.99,40.0,99.51,0.0,444,4.88,1234,122.36,0.45,Standard,Winter,12,1,Tuesday,16,0,56.86,65.77,57,6805.8,4525.8
2025-12-16,HOSP_001,Deluxe City Center King Room (Per Night),Hospitality & Stays,208.21,175.0,45.0,192.75,0.0,95,4.34,1134,215.59,0.45,Standard,Winter,12,1,Tuesday,16,0,204.57,166.97,161,33521.81,26276.81
2025-12-16,HOSP_002,Executive Skyline Suite (Per Night),Hospitality & Stays,403.46,350.0,90.0,335.49,0.0,268,4.36,1132,228.28,0.45,Budget,Winter,12,1,Tuesday,16,0,33.14,30.3,31,12507.26,9717.26
2025-12-16,RIDE_001,Standard Urban Commute Ride (10 km),Rideshare & Mobility,21.17,24.5,8.0,22.98,25.0,603,4.78,1148,270.65,0.45,Premium,Winter,12,1,Tuesday,16,0,477.29,388.4,736,15581.12,9693.12
2025-12-16,RIDE_002,Premium Black Airport Transfer,Rideshare & Mobility,79.48,65.0,22.0,62.41,0.0,109,4.11,1163,248.67,0.45,Premium,Winter,12,1,Tuesday,16,0,107.71,122.1,70,5563.6,4023.6
2025-12-17,APP_001,Premium Merino Wool Sweater,Apparel & Fashion,95.7,79.99,28.0,76.89,0.0,459,4.71,1213,237.05,0.45,Enterprise,Winter,12,2,Wednesday,17,0,118.29,119.97,61,5837.7,4129.7
2025-12-17,APP_002,Breathable Performance Running Shoes,Apparel & Fashion,141.75,119.99,42.0,119.81,0.0,291,4.3,1303,209.43,0.45,Premium,Winter,12,2,Wednesday,17,0,164.29,163.43,110,15592.5,10972.5
2025-12-17,APP_003,Classic Waterproof Trench Coat,Apparel & Fashion,171.87,149.99,55.0,148.17,0.0,618,4.47,1264,285.99,0.45,Premium,Winter,12,2,Wednesday,17,0,71.14,62.07,44,7562.28,5142.28
2025-12-17,ELEC_001,Pro Wireless Noise-Cancelling Headphones,Electronics,251.86,199.99,85.0,191.99,0.0,521,4.18,1196,275.91,0.45,Enterprise,Winter,12,2,Wednesday,17,0,84.57,107.13,41,10326.26,6841.26
2025-12-17,ELEC_002,Ultra HD 4K Smart TV 55-inch,Electronics,672.8,549.99,280.0,585.63,0.0,236,4.04,1176,240.82,0.45,Standard,Winter,12,2,Wednesday,17,0,45.29,47.8,37,24893.6,14533.6
2025-12-17,ELEC_003,Smart Fitness Watch Gen-4,Electronics,140.34,129.99,50.0,138.15,5.0,287,4.77,1059,338.9,0.45,Standard,Winter,12,2,Wednesday,17,0,150.71,143.5,166,23296.44,14996.44
2025-12-17,ELEC_004,Ergonomic Mechanical Keyboard,Electronics,108.2,89.99,35.0,83.16,0.0,479,4.67,1223,302.44,0.45,Enterprise,Winter,12,2,Wednesday,17,0,86.57,94.87,56,6059.2,4099.2
2025-12-17,HOME_001,Espresso Machine & Milk Frother,Home & Living,194.9,159.99,65.0,148.44,0.0,607,4.67,1205,183.69,0.45,Premium,Winter,12,2,Wednesday,17,0,39.86,43.47,31,6041.9,4026.9
2025-12-17,HOME_002,Cordless Handheld Vacuum Cleaner,Home & Living,112.32,99.99,40.0,91.72,0.0,385,4.27,1137,170.57,0.45,Premium,Winter,12,2,Wednesday,17,0,55.43,66.07,59,6626.88,4266.88
2025-12-17,HOSP_001,Deluxe City Center King Room (Per Night),Hospitality & Stays,193.45,175.0,45.0,181.98,0.0,518,4.51,1227,250.79,0.45,Budget,Winter,12,2,Wednesday,17,0,193.86,165.13,95,18377.75,14102.75
2025-12-17,HOSP_002,Executive Skyline Suite (Per Night),Hospitality & Stays,363.84,350.0,90.0,370.87,0.0,231,4.53,1281,296.57,0.45,Enterprise,Winter,12,2,Wednesday,17,0,34.14,30.7,37,13462.08,10132.08
2025-12-17,RIDE_001,Standard Urban Commute Ride (10 km),Rideshare & Mobility,30.39,24.5,8.0,21.95,0.0,347,4.52,1184,251.57,0.45,Standard,Winter,12,2,Wednesday,17,0,496.43,394.13,256,7779.84,5731.84
2025-12-17,RIDE_002,Premium Black Airport Transfer,Rideshare & Mobility,77.86,65.0,22.0,68.4,0.0,430,4.78,1080,223.45,0.45,Standard,Winter,12,2,Wednesday,17,0,107.57,122.5,109,8486.74,6088.74
2025-12-18,APP_001,Premium Merino Wool Sweater,Apparel & Fashion,95.28,79.99,28.0,79.62,0.0,338,4.43,1229,224.92,0.45,Standard,Winter,12,3,Thursday,18,0,111.43,120.23,121,11528.88,8140.88
2025-12-18,APP_002,Breathable Performance Running Shoes,Apparel & Fashion,138.85,119.99,42.0,112.74,0.0,121,4.77,1127,345.53,0.45,Budget,Winter,12,3,Thursday,18,0,170.0,164.67,170,23604.5,16464.5
2025-12-18,APP_003,Classic Waterproof Trench Coat,Apparel & Fashion,191.96,149.99,55.0,135.2,0.0,583,4.42,1166,192.55,0.45,Standard,Winter,12,3,Thursday,18,0,63.14,61.27,35,6718.6,4793.6
2025-12-18,ELEC_001,Pro Wireless Noise-Cancelling Headphones,Electronics,217.62,199.99,85.0,201.91,10.0,416,4.21,1174,179.95,0.45,Standard,Winter,12,3,Thursday,18,0,85.71,106.87,105,22850.1,13925.1
2025-12-18,ELEC_002,Ultra HD 4K Smart TV 55-inch,Electronics,593.86,549.99,280.0,579.41,5.0,193,4.28,1205,136.77,0.45,Standard,Winter,12,3,Thursday,18,0,46.14,47.83,43,25535.98,13495.98
2025-12-18,ELEC_003,Smart Fitness Watch Gen-4,Electronics,146.74,129.99,50.0,118.32,0.0,150,4.8,1101,170.94,0.45,Budget,Winter,12,3,Thursday,18,0,150.14,143.53,137,20103.38,13253.38
2025-12-18,ELEC_004,Ergonomic Mechanical Keyboard,Electronics,104.84,89.99,35.0,81.47,0.0,411,4.37,1193,190.16,0.45,Premium,Winter,12,3,Thursday,18,0,81.71,94.3,68,7129.12,4749.12
2025-12-18,HOME_001,Espresso Machine & Milk Frother,Home & Living,138.71,159.99,65.0,157.49,25.0,520,4.6,1218,167.32,0.45,Budget,Winter,12,3,Thursday,18,0,47.71,45.27,87,12067.77,6412.77
2025-12-18,HOME_002,Cordless Handheld Vacuum Cleaner,Home & Living,118.88,99.99,40.0,98.45,0.0,338,4.07,1187,233.35,0.45,Premium,Winter,12,3,Thursday,18,0,53.57,66.27,47,5587.36,3707.36
2025-12-18,HOSP_001,Deluxe City Center King Room (Per Night),Hospitality & Stays,197.01,175.0,45.0,172.99,0.0,276,4.53,1217,162.56,0.45,Budget,Winter,12,3,Thursday,18,0,204.86,169.4,242,47676.42,36786.42
2025-12-18,HOSP_002,Executive Skyline Suite (Per Night),Hospitality & Stays,326.89,350.0,90.0,381.05,15.0,181,4.7,1214,207.52,0.45,Premium,Winter,12,3,Thursday,18,0,37.29,31.63,50,16344.5,11844.5
2025-12-18,RIDE_001,Standard Urban Commute Ride (10 km),Rideshare & Mobility,26.93,24.5,8.0,24.67,0.0,798,4.82,1235,235.16,0.45,Premium,Winter,12,3,Thursday,18,0,480.0,388.23,317,8536.81,6000.81
2025-12-18,RIDE_002,Premium Black Airport Transfer,Rideshare & Mobility,74.41,65.0,22.0,68.59,0.0,313,4.08,1186,219.37,0.45,Budget,Winter,12,3,Thursday,18,0,111.57,123.37,117,8705.97,6131.97
2025-12-19,APP_001,Premium Merino Wool Sweater,Apparel & Fashion,93.42,79.99,28.0,78.31,0.0,238,4.03,1168,89.53,0.45,Standard,Winter,12,4,Friday,19,0,109.86,119.87,100,9342.0,6542.0
2025-12-19,APP_002,Breathable Performance Running Shoes,Apparel & Fashion,156.19,119.99,42.0,117.83,0.0,764,4.77,1143,229.1,0.45,Standard,Winter,12,4,Friday,19,0,164.14,163.1,119,18586.61,13588.61
2025-12-19,APP_003,Classic Waterproof Trench Coat,Apparel & Fashion,123.44,149.99,55.0,156.3,25.0,453,4.87,1215,108.67,0.45,Budget,Winter,12,4,Friday,19,0,61.0,64.2,130,16047.2,8897.2
2025-12-19,ELEC_001,Pro Wireless Noise-Cancelling Headphones,Electronics,214.55,199.99,85.0,215.45,0.0,312,4.31,1244,214.01,0.45,Premium,Winter,12,4,Friday,19,0,86.71,107.77,104,22313.2,13473.2
2025-12-19,ELEC_002,Ultra HD 4K Smart TV 55-inch,Electronics,654.69,549.99,280.0,568.61,0.0,153,4.6,1150,292.25,0.45,Budget,Winter,12,4,Friday,19,0,39.71,46.97,40,26187.6,14987.6
2025-12-19,ELEC_003,Smart Fitness Watch Gen-4,Electronics,103.03,129.99,50.0,129.74,25.0,514,4.8,1191,282.19,0.45,Budget,Winter,12,4,Friday,19,0,151.43,143.83,150,15454.5,7954.5
2025-12-19,ELEC_004,Ergonomic Mechanical Keyboard,Electronics,107.48,89.99,35.0,95.64,0.0,311,4.55,1266,232.99,0.45,Standard,Winter,12,4,Friday,19,0,79.14,94.97,100,10748.0,7248.0
2025-12-19,HOME_001,Espresso Machine & Milk Frother,Home & Living,184.34,159.99,65.0,171.21,0.0,468,4.05,1208,261.68,0.45,Budget,Winter,12,4,Friday,19,0,49.43,46.03,52,9585.68,6205.68
2025-12-19,HOME_002,Cordless Handheld Vacuum Cleaner,Home & Living,108.6,99.99,40.0,101.85,0.0,256,4.48,1197,229.09,0.45,Budget,Winter,12,4,Friday,19,0,60.29,66.53,82,8905.2,5625.2
2025-12-19,HOSP_001,Deluxe City Center King Room (Per Night),Hospitality & Stays,203.87,175.0,45.0,179.18,0.0,94,4.13,1138,213.92,0.45,Standard,Winter,12,4,Friday,19,0,209.57,170.9,182,37104.34,28914.34
2025-12-19,HOSP_002,Executive Skyline Suite (Per Night),Hospitality & Stays,399.29,350.0,90.0,379.76,0.0,140,4.32,1142,258.08,0.45,Standard,Winter,12,4,Friday,19,0,38.86,32.57,41,16370.89,12680.89
2025-12-19,RIDE_001,Standard Urban Commute Ride (10 km),Rideshare & Mobility,30.93,24.5,8.0,26.48,0.0,428,4.49,1289,296.49,0.45,Budget,Winter,12,4,Friday,19,0,520.71,396.8,370,11444.1,8484.1
2025-12-19,RIDE_002,Premium Black Airport Transfer,Rideshare & Mobility,83.63,65.0,22.0,68.15,0.0,188,4.26,1234,162.26,0.45,Budget,Winter,12,4,Friday,19,0,113.71,124.7,125,10453.75,7703.75
2025-12-20,APP_001,Premium Merino Wool Sweater,Apparel & Fashion,81.55,79.99,28.0,76.17,10.0,113,4.2,1248,148.28,0.45,Premium,Winter,12,5,Saturday,20,1,112.71,116.47,125,10193.75,6693.75
2025-12-20,APP_002,Breathable Performance Running Shoes,Apparel & Fashion,130.77,119.99,42.0,117.45,0.0,611,4.72,1187,258.39,0.45,Premium,Winter,12,5,Saturday,20,1,162.43,162.37,153,20007.81,13581.81
2025-12-20,APP_003,Classic Waterproof Trench Coat,Apparel & Fashion,165.82,149.99,55.0,160.66,0.0,398,4.88,1258,343.08,0.45,Standard,Winter,12,5,Saturday,20,1,61.0,64.43,55,9120.1,6095.1
2025-12-20,ELEC_001,Pro Wireless Noise-Cancelling Headphones,Electronics,205.33,199.99,85.0,196.09,0.0,178,4.04,1258,125.37,0.45,Standard,Winter,12,5,Saturday,20,1,94.0,108.0,134,27514.22,16124.22
2025-12-20,ELEC_002,Ultra HD 4K Smart TV 55-inch,Electronics,608.31,549.99,280.0,593.27,0.0,103,4.74,1228,229.77,0.45,Standard,Winter,12,5,Saturday,20,1,40.0,47.23,50,30415.5,16415.5
2025-12-20,ELEC_003,Smart Fitness Watch Gen-4,Electronics,157.47,129.99,50.0,134.61,0.0,379,4.87,1284,276.92,0.45,Standard,Winter,12,5,Saturday,20,1,140.0,142.83,135,21258.45,14508.45
2025-12-20,ELEC_004,Ergonomic Mechanical Keyboard,Electronics,107.83,89.99,35.0,93.57,0.0,224,4.58,1306,344.65,0.45,Standard,Winter,12,5,Saturday,20,1,81.86,93.5,87,9381.21,6336.21
2025-12-20,HOME_001,Espresso Machine & Milk Frother,Home & Living,176.08,159.99,65.0,162.44,0.0,424,4.31,1193,299.47,0.45,Standard,Winter,12,5,Saturday,20,1,49.71,45.63,44,7747.52,4887.52
2025-12-20,HOME_002,Cordless Handheld Vacuum Cleaner,Home & Living,120.86,99.99,40.0,97.29,0.0,190,4.77,1308,234.93,0.45,Budget,Winter,12,5,Saturday,20,1,60.57,66.37,66,7976.76,5336.76
2025-12-20,HOSP_001,Deluxe City Center King Room (Per Night),Hospitality & Stays,201.0,175.0,45.0,190.57,0.0,629,4.03,1190,163.05,0.45,Standard,Winter,12,5,Saturday,20,1,202.86,171.17,94,18894.0,14664.0
2025-12-20,HOSP_002,Executive Skyline Suite (Per Night),Hospitality & Stays,363.08,350.0,90.0,330.97,0.0,496,4.47,1234,144.78,0.45,Budget,Winter,12,5,Saturday,20,1,42.43,33.9,61,22147.88,16657.88
2025-12-20,RIDE_001,Standard Urban Commute Ride (10 km),Rideshare & Mobility,29.03,24.5,8.0,23.43,0.0,638,4.66,1179,275.79,0.45,Standard,Winter,12,5,Saturday,20,1,472.14,396.53,371,10770.13,7802.13
2025-12-20,RIDE_002,Premium Black Airport Transfer,Rideshare & Mobility,60.8,65.0,22.0,64.31,15.0,737,4.68,1253,143.19,0.45,Budget,Winter,12,5,Saturday,20,1,127.57,126.27,188,11430.4,7294.4
2025-12-21,APP_001,Premium Merino Wool Sweater,Apparel & Fashion,76.37,79.99,28.0,90.75,15.0,767,4.77,1179,188.64,0.45,Standard,Winter,12,6,Sunday,21,1,112.29,116.67,113,8629.81,5465.81
2025-12-21,APP_002,Breathable Performance Running Shoes,Apparel & Fashion,130.45,119.99,42.0,118.39,0.0,466,4.55,1234,172.69,0.45,Premium,Winter,12,6,Sunday,21,1,162.43,159.93,145,18915.25,12825.25
2025-12-21,APP_003,Classic Waterproof Trench Coat,Apparel & Fashion,173.25,149.99,55.0,145.93,0.0,343,4.52,1196,208.51,0.45,Budget,Winter,12,6,Sunday,21,1,59.0,64.83,55,9528.75,6503.75
2025-12-21,ELEC_001,Pro Wireless Noise-Cancelling Headphones,Electronics,228.66,199.99,85.0,178.34,0.0,82,4.19,1223,176.94,0.45,Standard,Winter,12,6,Sunday,21,1,92.57,109.23,96,21951.36,13791.36
2025-12-21,ELEC_002,Ultra HD 4K Smart TV 55-inch,Electronics,666.06,549.99,280.0,571.01,0.0,851,4.08,1158,134.97,0.45,Budget,Winter,12,6,Sunday,21,1,40.14,46.9,36,23978.16,13898.16
2025-12-21,ELEC_003,Smart Fitness Watch Gen-4,Electronics,160.32,129.99,50.0,135.3,0.0,264,4.8,1036,148.69,0.45,Standard,Winter,12,6,Sunday,21,1,138.71,140.53,115,18436.8,12686.8
2025-12-21,ELEC_004,Ergonomic Mechanical Keyboard,Electronics,99.93,89.99,35.0,99.26,0.0,135,4.18,1276,262.24,0.45,Standard,Winter,12,6,Sunday,21,1,82.86,93.73,89,8893.77,5778.77
2025-12-21,HOME_001,Espresso Machine & Milk Frother,Home & Living,194.77,159.99,65.0,152.45,0.0,392,4.44,1188,196.05,0.45,Premium,Winter,12,6,Sunday,21,1,48.14,44.4,32,6232.64,4152.64
2025-12-21,HOME_002,Cordless Handheld Vacuum Cleaner,Home & Living,117.85,99.99,40.0,89.07,0.0,134,4.53,1230,221.25,0.45,Standard,Winter,12,6,Sunday,21,1,59.86,64.93,56,6599.6,4359.6
2025-12-21,HOSP_001,Deluxe City Center King Room (Per Night),Hospitality & Stays,200.58,175.0,45.0,183.93,0.0,379,4.64,1257,242.44,0.45,Standard,Winter,12,6,Sunday,21,1,195.43,175.33,250,50145.0,38895.0
2025-12-21,HOSP_002,Executive Skyline Suite (Per Night),Hospitality & Stays,395.67,350.0,90.0,336.45,0.0,462,4.21,1183,95.44,0.45,Enterprise,Winter,12,6,Sunday,21,1,42.57,34.07,34,13452.78,10392.78
2025-12-21,RIDE_001,Standard Urban Commute Ride (10 km),Rideshare & Mobility,28.68,24.5,8.0,23.51,0.0,167,4.83,1228,327.25,0.45,Budget,Winter,12,6,Sunday,21,1,435.71,394.7,471,13508.28,9740.28
2025-12-21,RIDE_002,Premium Black Airport Transfer,Rideshare & Mobility,68.49,65.0,22.0,63.88,0.0,593,4.62,1273,234.83,0.45,Standard,Winter,12,6,Sunday,21,1,126.43,125.53,144,9862.56,6694.56
2025-12-22,APP_001,Premium Merino Wool Sweater,Apparel & Fashion,97.43,79.99,28.0,87.11,0.0,667,4.86,1238,327.58,0.45,Premium,Winter,12,0,Monday,22,0,107.86,117.3,100,9743.0,6943.0
2025-12-22,APP_002,Breathable Performance Running Shoes,Apparel & Fashion,137.38,119.99,42.0,124.4,0.0,284,4.4,1199,322.69,0.45,Budget,Winter,12,0,Monday,22,0,149.71,157.27,182,25003.16,17359.16
2025-12-22,APP_003,Classic Waterproof Trench Coat,Apparel & Fashion,166.82,149.99,55.0,144.39,5.0,312,4.56,1251,277.26,0.45,Enterprise,Winter,12,0,Monday,22,0,58.29,64.43,31,5171.42,3466.42
2025-12-22,ELEC_001,Pro Wireless Noise-Cancelling Headphones,Electronics,198.52,199.99,85.0,188.5,15.0,668,4.77,1129,320.35,0.45,Budget,Winter,12,0,Monday,22,0,91.0,104.97,82,16278.64,9308.64
2025-12-22,ELEC_002,Ultra HD 4K Smart TV 55-inch,Electronics,528.19,549.99,280.0,588.48,25.0,785,4.41,1228,165.93,0.45,Standard,Winter,12,0,Monday,22,0,43.14,47.9,66,34860.54,16380.54
2025-12-22,ELEC_003,Smart Fitness Watch Gen-4,Electronics,165.1,129.99,50.0,123.31,0.0,164,4.57,1160,346.72,0.45,Standard,Winter,12,0,Monday,22,0,136.43,137.03,100,16510.0,11510.0
2025-12-22,ELEC_004,Ergonomic Mechanical Keyboard,Electronics,103.56,89.99,35.0,94.75,0.0,517,4.78,1205,209.47,0.45,Enterprise,Winter,12,0,Monday,22,0,77.0,92.73,63,6524.28,4319.28
2025-12-22,HOME_001,Espresso Machine & Milk Frother,Home & Living,196.6,159.99,65.0,168.86,0.0,344,4.63,1137,321.26,0.45,Budget,Winter,12,0,Monday,22,0,48.86,44.73,48,9436.8,6316.8
2025-12-22,HOME_002,Cordless Handheld Vacuum Cleaner,Home & Living,102.42,99.99,40.0,104.97,10.0,500,4.78,1293,191.8,0.45,Budget,Winter,12,0,Monday,22,0,66.29,65.63,97,9934.74,6054.74
2025-12-22,HOSP_001,Deluxe City Center King Room (Per Night),Hospitality & Stays,168.69,175.0,45.0,190.88,20.0,579,4.23,1180,365.17,0.45,Standard,Winter,12,0,Monday,22,0,190.71,179.6,311,52462.59,38467.59
2025-12-22,HOSP_002,Executive Skyline Suite (Per Night),Hospitality & Stays,419.35,350.0,90.0,383.89,0.0,432,4.75,1132,307.24,0.45,Standard,Winter,12,0,Monday,22,0,40.57,34.07,30,12580.5,9880.5
2025-12-22,RIDE_001,Standard Urban Commute Ride (10 km),Rideshare & Mobility,27.56,24.5,8.0,23.76,0.0,646,4.39,1301,207.38,0.45,Standard,Winter,12,0,Monday,22,0,384.0,384.3,167,4602.52,3266.52
2025-12-22,RIDE_002,Premium Black Airport Transfer,Rideshare & Mobility,81.67,65.0,22.0,67.45,0.0,488,4.03,1231,223.37,0.45,Premium,Winter,12,0,Monday,22,0,122.57,125.3,105,8575.35,6265.35
2025-12-23,APP_001,Premium Merino Wool Sweater,Apparel & Fashion,86.76,79.99,28.0,84.79,0.0,530,4.46,1255,229.99,0.45,Standard,Winter,12,1,Tuesday,23,0,108.14,117.7,137,11886.12,8050.12
2025-12-23,APP_002,Breathable Performance Running Shoes,Apparel & Fashion,151.88,119.99,42.0,114.62,0.0,157,4.05,1158,312.44,0.45,Budget,Winter,12,1,Tuesday,23,0,143.71,157.0,127,19288.76,13954.76
2025-12-23,APP_003,Classic Waterproof Trench Coat,Apparel & Fashion,180.2,149.99,55.0,148.4,0.0,269,4.13,1197,189.62,0.45,Standard,Winter,12,1,Tuesday,23,0,56.14,64.33,43,7748.6,5383.6
2025-12-23,ELEC_001,Pro Wireless Noise-Cancelling Headphones,Electronics,219.57,199.99,85.0,191.94,0.0,557,4.78,1287,248.94,0.45,Standard,Winter,12,1,Tuesday,23,0,96.14,105.17,111,24372.27,14937.27
2025-12-23,ELEC_002,Ultra HD 4K Smart TV 55-inch,Electronics,699.2,549.99,280.0,579.8,0.0,756,4.07,1222,253.54,0.45,Budget,Winter,12,1,Tuesday,23,0,43.0,47.37,29,20276.8,12156.8
2025-12-23,ELEC_003,Smart Fitness Watch Gen-4,Electronics,154.05,129.99,50.0,118.21,0.0,848,4.41,1148,167.19,0.45,Budget,Winter,12,1,Tuesday,23,0,129.86,135.0,106,16329.3,11029.3
2025-12-23,ELEC_004,Ergonomic Mechanical Keyboard,Electronics,88.9,89.99,35.0,91.39,15.0,400,4.76,1164,227.62,0.45,Premium,Winter,12,1,Tuesday,23,0,82.86,93.97,117,10401.3,6306.3
2025-12-23,HOME_001,Espresso Machine & Milk Frother,Home & Living,182.54,159.99,65.0,144.9,0.0,307,4.02,1197,127.11,0.45,Standard,Winter,12,1,Tuesday,23,0,47.29,44.37,37,6753.98,4348.98
2025-12-23,HOME_002,Cordless Handheld Vacuum Cleaner,Home & Living,114.61,99.99,40.0,98.05,0.0,439,4.44,1107,322.05,0.45,Budget,Winter,12,1,Tuesday,23,0,66.86,66.0,61,6991.21,4551.21
2025-12-23,HOSP_001,Deluxe City Center King Room (Per Night),Hospitality & Stays,224.62,175.0,45.0,171.39,0.0,406,4.45,1213,278.39,0.45,Budget,Winter,12,1,Tuesday,23,0,192.43,180.9,173,38859.26,31074.26
2025-12-23,HOSP_002,Executive Skyline Suite (Per Night),Hospitality & Stays,393.17,350.0,90.0,330.34,0.0,397,4.49,1195,276.24,0.45,Standard,Winter,12,1,Tuesday,23,0,41.14,34.03,35,13760.95,10610.95
2025-12-23,RIDE_001,Standard Urban Commute Ride (10 km),Rideshare & Mobility,31.51,24.5,8.0,24.25,0.0,497,4.02,1125,145.11,0.45,Enterprise,Winter,12,1,Tuesday,23,0,300.14,385.77,149,4694.99,3502.99
2025-12-23,RIDE_002,Premium Black Airport Transfer,Rideshare & Mobility,71.57,65.0,22.0,67.87,0.0,358,4.68,1126,277.39,0.45,Standard,Winter,12,1,Tuesday,23,0,131.14,124.33,130,9304.1,6444.1
2025-12-24,APP_001,Premium Merino Wool Sweater,Apparel & Fashion,95.68,79.99,28.0,77.41,0.0,424,4.26,1269,351.35,0.45,Standard,Winter,12,2,Wednesday,24,0,114.57,117.07,106,10142.08,7174.08
2025-12-24,APP_002,Breathable Performance Running Shoes,Apparel & Fashion,137.36,119.99,42.0,119.4,0.0,436,4.73,1200,268.5,0.45,Standard,Winter,12,2,Wednesday,24,0,150.43,157.27,157,21565.52,14971.52
2025-12-24,APP_003,Classic Waterproof Trench Coat,Apparel & Fashion,176.56,149.99,55.0,154.43,0.0,223,4.48,1213,140.66,0.45,Budget,Winter,12,2,Wednesday,24,0,56.43,64.1,46,8121.76,5591.76
2025-12-24,ELEC_001,Pro Wireless Noise-Cancelling Headphones,Electronics,209.72,199.99,85.0,220.76,15.0,427,4.72,1285,280.6,0.45,Budget,Winter,12,2,Wednesday,24,0,108.86,102.1,130,27263.6,16213.6
2025-12-24,ELEC_002,Ultra HD 4K Smart TV 55-inch,Electronics,672.75,549.99,280.0,583.69,0.0,719,4.25,1204,207.18,0.45,Budget,Winter,12,2,Wednesday,24,0,43.0,47.1,37,24891.75,14531.75
2025-12-24,ELEC_003,Smart Fitness Watch Gen-4,Electronics,141.38,129.99,50.0,120.51,0.0,751,4.87,1225,251.42,0.45,Enterprise,Winter,12,2,Wednesday,24,0,120.0,131.27,97,13713.86,8863.86
2025-12-24,ELEC_004,Ergonomic Mechanical Keyboard,Electronics,102.66,89.99,35.0,91.29,0.0,308,4.44,1150,250.73,0.45,Budget,Winter,12,2,Wednesday,24,0,88.0,94.23,92,9444.72,6224.72
2025-12-24,HOME_001,Espresso Machine & Milk Frother,Home & Living,175.78,159.99,65.0,161.45,0.0,253,4.59,1232,135.93,0.45,Budget,Winter,12,2,Wednesday,24,0,50.57,45.03,54,9492.12,5982.12
2025-12-24,HOME_002,Cordless Handheld Vacuum Cleaner,Home & Living,91.59,99.99,40.0,98.5,25.0,336,4.52,1175,278.42,0.45,Premium,Winter,12,2,Wednesday,24,0,73.14,66.9,103,9433.77,5313.77
2025-12-24,HOSP_001,Deluxe City Center King Room (Per Night),Hospitality & Stays,222.16,175.0,45.0,169.12,0.0,262,4.57,1143,338.36,0.45,Standard,Winter,12,2,Wednesday,24,0,199.43,182.27,144,31991.04,25511.04
2025-12-24,HOSP_002,Executive Skyline Suite (Per Night),Hospitality & Stays,354.24,350.0,90.0,352.5,15.0,355,4.66,1159,234.2,0.45,Standard,Winter,12,2,Wednesday,24,0,41.86,34.07,42,14878.08,11098.08
2025-12-24,RIDE_001,Standard Urban Commute Ride (10 km),Rideshare & Mobility,27.42,24.5,8.0,25.09,0.0,174,4.47,1234,285.21,0.45,Standard,Winter,12,2,Wednesday,24,0,309.71,382.87,323,8856.66,6272.66
2025-12-24,RIDE_002,Premium Black Airport Transfer,Rideshare & Mobility,70.93,65.0,22.0,66.23,0.0,224,4.04,1115,169.92,0.45,Standard,Winter,12,2,Wednesday,24,0,134.71,121.77,134,9504.62,6556.62
2025-12-25,APP_001,Premium Merino Wool Sweater,Apparel & Fashion,95.08,79.99,28.0,80.04,0.0,296,4.38,1217,191.27,0.45,Budget,Winter,12,3,Thursday,25,0,115.57,118.77,128,12170.24,8586.24
2025-12-25,APP_002,Breathable Performance Running Shoes,Apparel & Fashion,133.07,119.99,42.0,119.74,0.0,325,4.48,1159,183.79,0.45,Enterprise,Winter,12,3,Thursday,25,0,142.0,155.03,111,14770.77,10108.77
2025-12-25,APP_003,Classic Waterproof Trench Coat,Apparel & Fashion,159.24,149.99,55.0,128.77,0.0,157,4.46,1244,228.72,0.45,Budget,Winter,12,3,Thursday,25,0,60.86,64.37,66,10509.84,6879.84
2025-12-25,ELEC_001,Pro Wireless Noise-Cancelling Headphones,Electronics,213.95,199.99,85.0,201.71,0.0,314,4.63,1243,252.79,0.45,Budget,Winter,12,3,Thursday,25,0,110.0,103.03,113,24176.35,14571.35
2025-12-25,ELEC_002,Ultra HD 4K Smart TV 55-inch,Electronics,508.99,549.99,280.0,540.44,20.0,636,4.54,1254,199.25,0.45,Budget,Winter,12,3,Thursday,25,0,48.71,47.93,83,42246.17,19006.17
2025-12-25,ELEC_003,Smart Fitness Watch Gen-4,Electronics,117.96,129.99,50.0,134.28,15.0,557,4.27,1208,335.31,0.45,Premium,Winter,12,3,Thursday,25,0,128.14,132.87,194,22884.24,13184.24
2025-12-25,ELEC_004,Ergonomic Mechanical Keyboard,Electronics,101.13,89.99,35.0,89.54,0.0,201,4.64,1226,224.75,0.45,Standard,Winter,12,3,Thursday,25,0,93.57,94.1,107,10820.91,7075.91
2025-12-25,HOME_001,Espresso Machine & Milk Frother,Home & Living,193.61,159.99,65.0,157.51,0.0,209,4.72,1131,251.5,0.45,Budget,Winter,12,3,Thursday,25,0,44.43,45.4,44,8518.84,5658.84
2025-12-25,HOME_002,Cordless Handheld Vacuum Cleaner,Home & Living,115.65,99.99,40.0,103.66,0.0,279,4.34,1126,240.23,0.45,Standard,Winter,12,3,Thursday,25,0,74.57,66.5,57,6592.05,4312.05
2025-12-25,HOSP_001,Deluxe City Center King Room (Per Night),Hospitality & Stays,218.36,175.0,45.0,175.83,0.0,136,4.15,1261,283.16,0.45,Budget,Winter,12,3,Thursday,25,0,182.86,182.7,126,27513.36,21843.36
2025-12-25,HOSP_002,Executive Skyline Suite (Per Night),Hospitality & Stays,381.9,350.0,90.0,336.34,0.0,318,4.66,1119,213.52,0.45,Standard,Winter,12,3,Thursday,25,0,40.0,34.43,37,14130.3,10800.3
2025-12-25,RIDE_001,Standard Urban Commute Ride (10 km),Rideshare & Mobility,27.49,24.5,8.0,23.24,0.0,547,4.24,1169,192.97,0.45,Budget,Winter,12,3,Thursday,25,0,289.29,379.0,174,4783.26,3391.26
2025-12-25,RIDE_002,Premium Black Airport Transfer,Rideshare & Mobility,72.03,65.0,22.0,60.98,0.0,90,4.09,1176,61.08,0.45,Budget,Winter,12,3,Thursday,25,0,137.14,122.4,134,9652.02,6704.02
2025-12-26,APP_001,Premium Merino Wool Sweater,Apparel & Fashion,93.9,79.99,28.0,82.56,0.0,194,4.27,1243,184.12,0.45,Standard,Winter,12,4,Friday,26,0,115.86,118.1,102,9577.8,6721.8
2025-12-26,APP_002,Breathable Performance Running Shoes,Apparel & Fashion,126.59,119.99,42.0,133.24,0.0,101,4.53,1182,271.19,0.45,Budget,Winter,12,4,Friday,26,0,157.0,157.43,224,28356.16,18948.16
2025-12-26,APP_003,Classic Waterproof Trench Coat,Apparel & Fashion,182.71,149.99,55.0,147.14,0.0,111,4.66,1226,239.31,0.45,Budget,Winter,12,4,Friday,26,0,48.86,62.17,46,8404.66,5874.66
2025-12-26,ELEC_001,Pro Wireless Noise-Cancelling Headphones,Electronics,232.91,199.99,85.0,210.43,0.0,213,4.08,1244,168.03,0.45,Standard,Winter,12,4,Friday,26,0,109.57,103.17,101,23523.91,14938.91
2025-12-26,ELEC_002,Ultra HD 4K Smart TV 55-inch,Electronics,599.16,549.99,280.0,571.98,5.0,595,4.28,1133,261.83,0.45,Premium,Winter,12,4,Friday,26,0,48.86,47.93,41,24565.56,13085.56
2025-12-26,ELEC_003,Smart Fitness Watch Gen-4,Electronics,160.18,129.99,50.0,137.28,0.0,436,4.45,1192,230.71,0.45,Budget,Winter,12,4,Friday,26,0,124.0,130.9,121,19381.78,13331.78
2025-12-26,ELEC_004,Ergonomic Mechanical Keyboard,Electronics,115.4,89.99,35.0,90.65,0.0,126,4.37,1169,249.53,0.45,Budget,Winter,12,4,Friday,26,0,90.0,93.3,75,8655.0,6030.0
2025-12-26,HOME_001,Espresso Machine & Milk Frother,Home & Living,181.46,159.99,65.0,171.95,0.0,162,4.49,1215,202.53,0.45,Standard,Winter,12,4,Friday,26,0,43.71,45.43,47,8528.62,5473.62
2025-12-26,HOME_002,Cordless Handheld Vacuum Cleaner,Home & Living,109.15,99.99,40.0,96.36,0.0,202,4.69,1224,212.38,0.45,Budget,Winter,12,4,Friday,26,0,73.86,66.7,77,8404.55,5324.55
2025-12-26,HOSP_001,Deluxe City Center King Room (Per Night),Hospitality & Stays,186.9,175.0,45.0,189.77,0.0,575,4.84,1211,242.69,0.45,Standard,Winter,12,4,Friday,26,0,176.29,182.97,136,25418.4,19298.4
2025-12-26,HOSP_002,Executive Skyline Suite (Per Night),Hospitality & Stays,420.13,350.0,90.0,356.02,0.0,291,4.21,1148,158.08,0.45,Premium,Winter,12,4,Friday,26,0,38.0,34.67,27,11343.51,8913.51
2025-12-26,RIDE_001,Standard Urban Commute Ride (10 km),Rideshare & Mobility,28.55,24.5,8.0,24.52,0.0,533,4.8,1150,180.61,0.45,Budget,Winter,12,4,Friday,26,0,306.86,390.93,493,14075.15,10131.15
2025-12-26,RIDE_002,Premium Black Airport Transfer,Rideshare & Mobility,76.69,65.0,22.0,65.99,0.0,636,4.71,1188,187.11,0.45,Budget,Winter,12,4,Friday,26,0,132.14,121.57,90,6902.1,4922.1
2025-12-27,APP_001,Premium Merino Wool Sweater,Apparel & Fashion,89.25,79.99,28.0,77.84,0.0,736,4.13,1193,172.38,0.45,Standard,Winter,12,5,Saturday,27,1,114.43,117.43,115,10263.75,7043.75
2025-12-27,APP_002,Breathable Performance Running Shoes,Apparel & Fashion,124.05,119.99,42.0,114.59,0.0,763,4.36,1204,388.71,0.45,Budget,Winter,12,5,Saturday,27,1,149.57,154.8,101,12529.05,8287.05
2025-12-27,APP_003,Classic Waterproof Trench Coat,Apparel & Fashion,178.84,149.99,55.0,153.44,0.0,852,4.43,1211,235.32,0.45,Budget,Winter,12,5,Saturday,27,1,48.0,60.23,49,8763.16,6068.16
2025-12-27,ELEC_001,Pro Wireless Noise-Cancelling Headphones,Electronics,215.66,199.99,85.0,203.49,10.0,101,4.18,1141,328.6,0.45,Standard,Winter,12,5,Saturday,27,1,106.43,103.73,112,24153.92,14633.92
2025-12-27,ELEC_002,Ultra HD 4K Smart TV 55-inch,Electronics,655.2,549.99,280.0,561.21,0.0,562,4.36,1237,204.07,0.45,Budget,Winter,12,5,Saturday,27,1,46.43,46.97,33,21621.6,12381.6
2025-12-27,ELEC_003,Smart Fitness Watch Gen-4,Electronics,161.69,129.99,50.0,138.26,0.0,353,4.67,1241,176.58,0.45,Enterprise,Winter,12,5,Saturday,27,1,116.57,128.23,83,13420.27,9270.27
2025-12-27,ELEC_004,Ergonomic Mechanical Keyboard,Electronics,106.64,89.99,35.0,87.5,0.0,794,4.08,1190,323.72,0.45,Budget,Winter,12,5,Saturday,27,1,90.0,93.0,87,9277.68,6232.68
2025-12-27,HOME_001,Espresso Machine & Milk Frother,Home & Living,142.8,159.99,65.0,157.31,25.0,92,4.82,1178,285.65,0.45,Premium,Winter,12,5,Saturday,27,1,47.43,45.9,70,9996.0,5446.0
2025-12-27,HOME_002,Cordless Handheld Vacuum Cleaner,Home & Living,89.24,99.99,40.0,99.02,25.0,93,4.14,1181,299.93,0.45,Premium,Winter,12,5,Saturday,27,1,80.0,66.77,109,9727.16,5367.16
2025-12-27,HOSP_001,Deluxe City Center King Room (Per Night),Hospitality & Stays,185.23,175.0,45.0,189.21,0.0,186,4.32,1204,302.41,0.45,Budget,Winter,12,5,Saturday,27,1,218.43,192.77,389,72054.47,54549.47
2025-12-27,HOSP_002,Executive Skyline Suite (Per Night),Hospitality & Stays,425.68,350.0,90.0,369.13,0.0,258,4.09,1256,268.98,0.45,Premium,Winter,12,5,Saturday,27,1,34.0,34.97,33,14047.44,11077.44
2025-12-27,RIDE_001,Standard Urban Commute Ride (10 km),Rideshare & Mobility,27.37,24.5,8.0,20.33,0.0,133,4.01,1305,225.62,0.45,Budget,Winter,12,5,Saturday,27,1,311.0,380.73,400,10948.0,7748.0
2025-12-27,RIDE_002,Premium Black Airport Transfer,Rideshare & Mobility,65.64,65.0,22.0,71.48,0.0,453,4.54,1239,123.0,0.45,Standard,Winter,12,5,Saturday,27,1,131.43,124.67,183,12012.12,7986.12
2025-12-28,APP_001,Premium Merino Wool Sweater,Apparel & Fashion,98.38,79.99,28.0,77.93,0.0,641,4.34,1199,280.24,0.45,Standard,Winter,12,6,Sunday,28,1,111.86,116.73,95,9346.1,6686.1
2025-12-28,APP_002,Breathable Performance Running Shoes,Apparel & Fashion,127.56,119.99,42.0,126.76,0.0,536,4.66,1235,273.0,0.45,Budget,Winter,12,6,Sunday,28,1,161.29,157.0,227,28956.12,19422.12
2025-12-28,APP_003,Classic Waterproof Trench Coat,Apparel & Fashion,194.1,149.99,55.0,145.39,0.0,818,4.53,1230,89.94,0.45,Budget,Winter,12,6,Sunday,28,1,45.0,59.47,34,6599.4,4729.4
2025-12-28,ELEC_001,Pro Wireless Noise-Cancelling Headphones,Electronics,247.51,199.99,85.0,193.3,0.0,689,4.87,1235,371.97,0.45,Budget,Winter,12,6,Sunday,28,1,104.14,102.77,80,19800.8,13000.8
2025-12-28,ELEC_002,Ultra HD 4K Smart TV 55-inch,Electronics,563.39,549.99,280.0,548.72,5.0,523,4.57,1227,259.47,0.45,Premium,Winter,12,6,Sunday,28,1,46.86,46.7,39,21972.21,11052.21
2025-12-28,ELEC_003,Smart Fitness Watch Gen-4,Electronics,160.68,129.99,50.0,127.05,0.0,240,4.32,1230,256.37,0.45,Standard,Winter,12,6,Sunday,28,1,116.29,128.03,113,18156.84,12506.84
2025-12-28,ELEC_004,Ergonomic Mechanical Keyboard,Electronics,104.79,89.99,35.0,87.52,0.0,718,4.71,1192,175.24,0.45,Premium,Winter,12,6,Sunday,28,1,88.14,91.93,76,7964.04,5304.04
2025-12-28,HOME_001,Espresso Machine & Milk Frother,Home & Living,180.42,159.99,65.0,157.72,0.0,844,4.23,1274,306.08,0.45,Premium,Winter,12,6,Sunday,28,1,48.29,46.0,38,6855.96,4385.96
2025-12-28,HOME_002,Cordless Handheld Vacuum Cleaner,Home & Living,107.58,99.99,40.0,98.37,0.0,425,4.73,1115,198.26,0.45,Standard,Winter,12,6,Sunday,28,1,82.29,66.3,72,7745.76,4865.76
2025-12-28,HOSP_001,Deluxe City Center King Room (Per Night),Hospitality & Stays,202.6,175.0,45.0,179.88,0.0,615,4.01,1136,183.03,0.45,Budget,Winter,12,6,Sunday,28,1,209.29,195.37,186,37683.6,29313.6
2025-12-28,HOSP_002,Executive Skyline Suite (Per Night),Hospitality & Stays,392.51,350.0,90.0,340.3,0.0,205,4.59,1279,290.05,0.45,Budget,Winter,12,6,Sunday,28,1,36.71,35.67,53,20803.03,16033.03
2025-12-28,RIDE_001,Standard Urban Commute Ride (10 km),Rideshare & Mobility,27.36,24.5,8.0,23.61,5.0,787,4.87,1266,291.21,0.45,Standard,Winter,12,6,Sunday,28,1,262.71,369.1,133,3638.88,2574.88
2025-12-28,RIDE_002,Premium Black Airport Transfer,Rideshare & Mobility,77.98,65.0,22.0,65.88,0.0,315,4.2,1203,106.53,0.45,Budget,Winter,12,6,Sunday,28,1,130.57,123.33,138,10761.24,7725.24
2025-12-29,APP_001,Premium Merino Wool Sweater,Apparel & Fashion,70.92,79.99,28.0,78.8,15.0,404,4.79,1178,132.11,0.45,Budget,Winter,12,0,Monday,29,0,131.43,120.87,237,16808.04,10172.04
2025-12-29,APP_002,Breathable Performance Running Shoes,Apparel & Fashion,127.77,119.99,42.0,124.77,0.0,330,4.71,1230,236.18,0.45,Budget,Winter,12,0,Monday,29,0,164.71,159.53,206,26320.62,17668.62
2025-12-29,APP_003,Classic Waterproof Trench Coat,Apparel & Fashion,153.54,149.99,55.0,154.87,15.0,751,4.84,1283,172.21,0.45,Standard,Winter,12,0,Monday,29,0,50.14,59.83,67,10287.18,6602.18
2025-12-29,ELEC_001,Pro Wireless Noise-Cancelling Headphones,Electronics,225.93,199.99,85.0,212.14,0.0,572,4.21,1194,305.09,0.45,Budget,Winter,12,0,Monday,29,0,109.14,102.3,117,26433.81,16488.81
2025-12-29,ELEC_002,Ultra HD 4K Smart TV 55-inch,Electronics,637.28,549.99,280.0,556.92,5.0,491,4.46,1287,228.2,0.45,Premium,Winter,12,0,Monday,29,0,42.0,45.9,32,20392.96,11432.96
2025-12-29,ELEC_003,Smart Fitness Watch Gen-4,Electronics,153.97,129.99,50.0,126.95,0.0,114,4.33,1191,237.69,0.45,Budget,Winter,12,0,Monday,29,0,120.0,128.1,126,19400.22,13100.22
2025-12-29,ELEC_004,Ergonomic Mechanical Keyboard,Electronics,95.22,89.99,35.0,88.38,0.0,601,4.59,1241,182.55,0.45,Budget,Winter,12,0,Monday,29,0,95.86,91.07,117,11140.74,7045.74
2025-12-29,HOME_001,Espresso Machine & Milk Frother,Home & Living,167.13,159.99,65.0,163.88,0.0,772,4.72,1199,228.66,0.45,Budget,Winter,12,0,Monday,29,0,51.71,47.43,72,12033.36,7353.36
2025-12-29,HOME_002,Cordless Handheld Vacuum Cleaner,Home & Living,103.5,99.99,40.0,96.63,20.0,340,4.85,1252,223.22,0.45,Budget,Winter,12,0,Monday,29,0,80.57,67.17,85,8797.5,5397.5
2025-12-29,HOSP_001,Deluxe City Center King Room (Per Night),Hospitality & Stays,214.13,175.0,45.0,169.43,0.0,456,4.59,1130,183.14,0.45,Budget,Winter,12,0,Monday,29,0,187.57,193.13,159,34046.67,26891.67
2025-12-29,HOSP_002,Executive Skyline Suite (Per Night),Hospitality & Stays,410.81,350.0,90.0,357.79,0.0,179,4.28,1300,168.29,0.45,Premium,Winter,12,0,Monday,29,0,36.14,35.27,26,10681.06,8341.06
2025-12-29,RIDE_001,Standard Urban Commute Ride (10 km),Rideshare & Mobility,20.27,24.5,8.0,25.42,25.0,659,4.36,1250,182.25,0.45,Standard,Winter,12,0,Monday,29,0,351.29,389.47,787,15952.49,9656.49
2025-12-29,RIDE_002,Premium Black Airport Transfer,Rideshare & Mobility,78.96,65.0,22.0,62.23,0.0,186,4.56,1236,181.28,0.45,Standard,Winter,12,0,Monday,29,0,134.0,123.77,129,10185.84,7347.84
2025-12-30,APP_001,Premium Merino Wool Sweater,Apparel & Fashion,87.25,79.99,28.0,77.12,0.0,294,4.07,1195,232.64,0.45,Premium,Winter,12,1,Tuesday,30,0,127.57,121.07,110,9597.5,6517.5
2025-12-30,APP_002,Breathable Performance Running Shoes,Apparel & Fashion,130.44,119.99,42.0,122.93,5.0,128,4.27,1222,261.56,0.45,Budget,Winter,12,1,Tuesday,30,0,175.43,160.97,202,26348.88,17864.88
2025-12-30,APP_003,Classic Waterproof Trench Coat,Apparel & Fashion,172.9,149.99,55.0,146.35,0.0,692,4.73,1232,304.2,0.45,Budget,Winter,12,1,Tuesday,30,0,52.43,59.4,59,10201.1,6956.1
2025-12-30,ELEC_001,Pro Wireless Noise-Cancelling Headphones,Electronics,243.54,199.99,85.0,203.86,0.0,501,4.53,1280,233.69,0.45,Premium,Winter,12,1,Tuesday,30,0,103.43,101.63,71,17291.34,11256.34
2025-12-30,ELEC_002,Ultra HD 4K Smart TV 55-inch,Electronics,698.4,549.99,280.0,584.48,0.0,469,4.67,1245,161.0,0.45,Enterprise,Winter,12,1,Tuesday,30,0,41.0,45.4,22,15364.8,9204.8
2025-12-30,ELEC_003,Smart Fitness Watch Gen-4,Electronics,155.3,129.99,50.0,123.27,0.0,644,4.35,1316,218.39,0.45,Standard,Winter,12,1,Tuesday,30,0,121.14,127.4,114,17704.2,12004.2
2025-12-30,ELEC_004,Ergonomic Mechanical Keyboard,Electronics,86.71,89.99,35.0,86.1,10.0,493,4.17,1260,116.0,0.45,Premium,Winter,12,1,Tuesday,30,0,94.57,92.17,108,9364.68,5584.68
2025-12-30,HOME_001,Espresso Machine & Milk Frother,Home & Living,181.63,159.99,65.0,177.23,0.0,724,4.04,1194,254.18,0.45,Budget,Winter,12,1,Tuesday,30,0,53.29,47.4,48,8718.24,5598.24
2025-12-30,HOME_002,Cordless Handheld Vacuum Cleaner,Home & Living,118.71,99.99,40.0,92.98,0.0,285,4.74,1252,119.3,0.45,Standard,Winter,12,1,Tuesday,30,0,79.71,66.9,55,6529.05,4329.05
2025-12-30,HOSP_001,Deluxe City Center King Room (Per Night),Hospitality & Stays,166.66,175.0,45.0,185.93,10.0,147,4.67,1102,177.82,0.45,Standard,Winter,12,1,Tuesday,30,0,207.0,196.47,309,51497.94,37592.94
2025-12-30,HOSP_002,Executive Skyline Suite (Per Night),Hospitality & Stays,411.43,350.0,90.0,405.92,0.0,142,4.49,1205,239.87,0.45,Standard,Winter,12,1,Tuesday,30,0,36.43,35.33,37,15222.91,11892.91
2025-12-30,RIDE_001,Standard Urban Commute Ride (10 km),Rideshare & Mobility,22.52,24.5,8.0,24.03,20.0,460,4.12,1279,299.87,0.45,Standard,Winter,12,1,Tuesday,30,0,419.29,394.43,625,14075.0,9075.0
2025-12-30,RIDE_002,Premium Black Airport Transfer,Rideshare & Mobility,77.48,65.0,22.0,62.18,0.0,118,4.83,1201,250.51,0.45,Enterprise,Winter,12,1,Tuesday,30,0,125.14,118.97,68,5268.64,3772.64
2025-12-31,APP_001,Premium Merino Wool Sweater,Apparel & Fashion,91.36,79.99,28.0,84.94,0.0,162,4.01,1207,250.79,0.45,Standard,Winter,12,2,Wednesday,31,0,131.29,122.0,132,12059.52,8363.52
2025-12-31,APP_002,Breathable Performance Running Shoes,Apparel & Fashion,127.48,119.99,42.0,118.93,0.0,421,4.9,1130,278.85,0.45,Budget,Winter,12,2,Wednesday,31,0,171.29,159.73,128,16317.44,10941.44
2025-12-31,APP_003,Classic Waterproof Trench Coat,Apparel & Fashion,159.44,149.99,55.0,153.89,0.0,619,4.5,1226,232.84,0.45,Budget,Winter,12,2,Wednesday,31,0,56.29,58.77,73,11639.12,7624.12
2025-12-31,ELEC_001,Pro Wireless Noise-Cancelling Headphones,Electronics,221.27,199.99,85.0,217.68,0.0,384,4.84,1203,212.61,0.45,Standard,Winter,12,2,Wednesday,31,0,101.57,102.77,117,25888.59,15943.59
2025-12-31,ELEC_002,Ultra HD 4K Smart TV 55-inch,Electronics,639.72,549.99,280.0,570.95,0.0,431,4.33,1205,173.16,0.45,Standard,Winter,12,2,Wednesday,31,0,41.14,45.37,38,24309.36,13669.36
2025-12-31,ELEC_003,Smart Fitness Watch Gen-4,Electronics,149.59,129.99,50.0,124.09,0.0,530,4.03,1258,187.2,0.45,Standard,Winter,12,2,Wednesday,31,0,123.57,127.27,114,17053.26,11353.26
2025-12-31,ELEC_004,Ergonomic Mechanical Keyboard,Electronics,75.04,89.99,35.0,89.32,25.0,321,4.71,1161,172.73,0.45,Standard,Winter,12,2,Wednesday,31,0,106.0,95.3,172,12906.88,6886.88
2025-12-31,HOME_001,Espresso Machine & Milk Frother,Home & Living,190.94,159.99,65.0,175.25,0.0,679,4.4,1219,243.47,0.45,Standard,Winter,12,2,Wednesday,31,0,52.0,47.57,45,8592.3,5667.3
2025-12-31,HOME_002,Cordless Handheld Vacuum Cleaner,Home & Living,123.87,99.99,40.0,100.54,0.0,232,4.9,1253,232.99,0.45,Budget,Winter,12,2,Wednesday,31,0,72.57,65.9,53,6565.11,4445.11
2025-12-31,HOSP_001,Deluxe City Center King Room (Per Night),Hospitality & Stays,153.18,175.0,45.0,172.62,20.0,578,4.89,1234,155.23,0.45,Budget,Winter,12,2,Wednesday,31,0,207.43,193.23,147,22517.46,15902.46
2025-12-31,HOSP_002,Executive Skyline Suite (Per Night),Hospitality & Stays,388.84,350.0,90.0,308.17,0.0,101,4.41,1186,244.32,0.45,Budget,Winter,12,2,Wednesday,31,0,36.29,35.53,41,15942.44,12252.44
2025-12-31,RIDE_001,Standard Urban Commute Ride (10 km),Rideshare & Mobility,28.0,24.5,8.0,22.32,0.0,148,4.13,1246,237.65,0.45,Budget,Winter,12,2,Wednesday,31,0,417.71,390.93,312,8736.0,6240.0
2025-12-31,RIDE_002,Premium Black Airport Transfer,Rideshare & Mobility,75.16,65.0,22.0,64.32,0.0,733,4.6,1171,95.29,0.45,Premium,Winter,12,2,Wednesday,31,0,120.71,117.93,103,7741.48,5475.48
